claim_id,employee_id,claim_date,expense_category,vendor_name,currency,amount_local,amount_usd,fx_rate,project_code,cost_center,approval_status,approver_id,receipt_attached,notes,reimbursable
EXP-0000001,EMP-001393,2025-04-10,Marketing Materials,Vendor-183,JPY,12491.87,83.7,0.0067,PROJ-017,CC-0019,REJECTED,MGR-003,N,Team lunch,Y
EXP-0000002,EMP-001069,2025-01-21,Travel-Ground,Vendor-191,AUD,14597.1,9488.11,0.65,PROJ-014,CC-0013,APPROVED,MGR-001,Y,Client visit,Y
EXP-0000003,EMP-001337,2025-02-18,Office Supplies,Vendor-43,SGD,7166.47,5303.19,0.74,PROJ-004,CC-0012,CANCELLED,MGR-001,Y,Conference attendance,Y
EXP-0000004,EMP-001595,2024-12-09,Travel-Air,Vendor-62,GBP,5446.9,6917.56,1.27,PROJ-019,CC-0006,APPROVED,MGR-001,N,,Y
EXP-0000005,EMP-000414,2024-02-03,Meals,Vendor-69,AUD,2824.28,1835.78,0.65,PROJ-006,CC-0019,APPROVED,MGR-003,Y,Conference attendance,Y
EXP-0000006,EMP-000633,2024-01-09,Software License,Vendor-193,INR,1407.23,16.89,0.012,PROJ-019,CC-0013,PENDING,MGR-002,Y,,N
EXP-0000007,EMP-000200,2024-12-05,Office Supplies,Vendor-190,EUR,10542.83,11491.68,1.09,PROJ-033,CC-0004,PENDING,MGR-001,Y,Team lunch,Y
EXP-0000008,EMP-001398,2025-04-19,Travel-Hotel,Vendor-161,AUD,2426.73,1577.37,0.65,PROJ-006,CC-0008,PENDING,MGR-003,N,,Y
EXP-0000009,EMP-000269,2024-12-13,Client Entertainment,Vendor-93,INR,6717.73,80.61,0.012,PROJ-040,CC-0014,APPROVED,MGR-003,Y,Client visit,Y
EXP-0000010,EMP-001162,2025-05-24,Travel-Hotel,Vendor-4,GBP,14370.65,18250.73,1.27,PROJ-010,CC-0010,APPROVED,MGR-002,Y,Team lunch,N
EXP-0000011,EMP-000331,2024-03-10,Client Entertainment,Vendor-148,EUR,14011.5,15272.54,1.09,PROJ-024,CC-0012,APPROVED,MGR-001,N,,N
EXP-0000012,EMP-000525,2025-03-28,Travel-Ground,Vendor-32,AUD,14792.29,9614.99,0.65,PROJ-037,CC-0016,APPROVED,MGR-002,Y,Team lunch,N
EXP-0000013,EMP-001050,2024-11-17,Software License,Vendor-22,EUR,6618.01,7213.63,1.09,PROJ-044,CC-0014,CANCELLED,MGR-002,Y,,Y
EXP-0000014,EMP-001149,2024-01-09,Travel-Ground,Vendor-27,CAD,10499.18,7769.39,0.74,PROJ-019,CC-0013,PENDING,MGR-003,Y,Conference attendance,Y
EXP-0000015,EMP-001371,2024-04-05,Software License,Vendor-120,JPY,13113.64,87.86,0.0067,PROJ-030,CC-0018,CANCELLED,MGR-001,Y,Client visit,Y
EXP-0000016,EMP-000409,2025-02-15,Software License,Vendor-17,JPY,11525.57,77.22,0.0067,PROJ-021,CC-0011,CANCELLED,MGR-001,Y,Conference attendance,N
EXP-0000017,EMP-000319,2025-04-26,Travel-Ground,Vendor-164,SGD,583.85,432.05,0.74,PROJ-014,CC-0011,APPROVED,MGR-003,Y,Conference attendance,N
EXP-0000018,EMP-000438,2024-02-25,Meals,Vendor-6,JPY,14678.63,98.35,0.0067,PROJ-049,CC-0014,REJECTED,MGR-002,N,Conference attendance,Y
EXP-0000019,EMP-000168,2024-11-01,Training,Vendor-108,GBP,4115.84,5227.12,1.27,PROJ-034,CC-0007,REJECTED,MGR-001,Y,Conference attendance,N
EXP-0000020,EMP-000609,2024-06-17,Meals,Vendor-90,INR,14450.85,173.41,0.012,PROJ-027,CC-0016,CANCELLED,MGR-003,N,,N
EXP-0000021,EMP-001169,2025-02-02,Travel-Air,Vendor-144,INR,13689.84,164.28,0.012,PROJ-039,CC-0007,APPROVED,MGR-003,N,Monthly subscription,N
EXP-0000022,EMP-000940,2024-05-31,Training,Vendor-82,USD,2266.09,2266.09,1.0,PROJ-008,CC-0014,REJECTED,MGR-003,Y,Team lunch,Y
EXP-0000023,EMP-001185,2024-04-09,Travel-Air,Vendor-56,SGD,9587.36,7094.65,0.74,PROJ-048,CC-0007,CANCELLED,MGR-003,N,,N
EXP-0000024,EMP-001951,2024-07-14,Telecoms,Vendor-4,CAD,5227.8,3868.57,0.74,PROJ-024,CC-0012,APPROVED,MGR-002,Y,,Y
EXP-0000025,EMP-000934,2025-02-27,Office Supplies,Vendor-91,SGD,9737.19,7205.52,0.74,PROJ-023,CC-0018,CANCELLED,MGR-003,Y,Conference attendance,Y
EXP-0000026,EMP-000363,2024-06-15,Marketing Materials,Vendor-112,SGD,6431.47,4759.29,0.74,PROJ-025,CC-0010,CANCELLED,MGR-003,Y,,Y
EXP-0000027,EMP-000213,2024-04-01,Travel-Air,Vendor-158,GBP,12091.04,15355.62,1.27,PROJ-027,CC-0004,CANCELLED,MGR-003,Y,,N
EXP-0000028,EMP-001745,2025-03-06,Meals,Vendor-58,USD,10018.97,10018.97,1.0,PROJ-050,CC-0015,CANCELLED,MGR-001,N,Team lunch,Y
EXP-0000029,EMP-001872,2025-04-20,Office Supplies,Vendor-166,INR,14514.57,174.17,0.012,PROJ-046,CC-0013,APPROVED,MGR-002,N,,N
EXP-0000030,EMP-000542,2024-11-10,Office Supplies,Vendor-173,AUD,13195.31,8576.95,0.65,PROJ-016,CC-0001,CANCELLED,MGR-001,Y,Conference attendance,Y
EXP-0000031,EMP-001063,2024-11-21,Software License,Vendor-44,INR,12613.14,151.36,0.012,PROJ-037,CC-0014,PENDING,MGR-003,Y,Client visit,N
EXP-0000032,EMP-001184,2025-03-15,Travel-Ground,Vendor-163,USD,12021.96,12021.96,1.0,PROJ-025,CC-0006,CANCELLED,MGR-002,N,Team lunch,Y
EXP-0000033,EMP-000259,2025-05-31,Travel-Hotel,Vendor-162,GBP,10653.27,13529.65,1.27,PROJ-037,CC-0013,REJECTED,MGR-003,N,Monthly subscription,Y
EXP-0000034,EMP-000896,2024-01-12,Telecoms,Vendor-40,GBP,1408.05,1788.22,1.27,PROJ-002,CC-0020,APPROVED,MGR-003,Y,Conference attendance,Y
EXP-0000035,EMP-001593,2025-01-01,Travel-Ground,Vendor-62,SGD,9520.6,7045.24,0.74,PROJ-042,CC-0008,REJECTED,MGR-001,N,,N
EXP-0000036,EMP-000564,2024-03-25,Travel-Ground,Vendor-161,AUD,9892.27,6429.98,0.65,PROJ-002,CC-0019,APPROVED,MGR-001,Y,,Y
EXP-0000037,EMP-000537,2024-07-03,Travel-Hotel,Vendor-20,GBP,2136.11,2712.86,1.27,PROJ-032,CC-0012,PENDING,MGR-002,Y,Team lunch,Y
EXP-0000038,EMP-001965,2024-03-19,Meals,Vendor-176,JPY,1112.9,7.46,0.0067,PROJ-027,CC-0013,REJECTED,MGR-003,Y,Client visit,Y
EXP-0000039,EMP-000366,2024-02-02,Travel-Hotel,Vendor-88,AUD,162.0,105.3,0.65,PROJ-023,CC-0016,APPROVED,MGR-001,Y,Conference attendance,Y
EXP-0000040,EMP-001061,2025-06-08,Travel-Ground,Vendor-56,USD,8043.95,8043.95,1.0,PROJ-024,CC-0004,PENDING,MGR-001,Y,Client visit,Y
EXP-0000041,EMP-001925,2024-05-09,Client Entertainment,Vendor-71,GBP,10918.88,13866.98,1.27,PROJ-031,CC-0007,APPROVED,MGR-002,Y,Team lunch,N
EXP-0000042,EMP-000820,2024-07-16,Client Entertainment,Vendor-45,JPY,7694.72,51.55,0.0067,PROJ-013,CC-0009,CANCELLED,MGR-001,Y,Client visit,Y
EXP-0000043,EMP-000914,2025-03-09,Telecoms,Vendor-192,SGD,6507.74,4815.73,0.74,PROJ-018,CC-0011,APPROVED,MGR-003,Y,Team lunch,Y
EXP-0000044,EMP-001296,2024-03-06,Training,Vendor-43,INR,5615.67,67.39,0.012,PROJ-003,CC-0017,REJECTED,MGR-003,Y,Monthly subscription,N
EXP-0000045,EMP-000369,2024-11-26,Office Supplies,Vendor-48,JPY,458.8,3.07,0.0067,PROJ-023,CC-0008,APPROVED,MGR-001,Y,Monthly subscription,Y
EXP-0000046,EMP-000653,2024-01-12,Software License,Vendor-55,INR,1843.33,22.12,0.012,PROJ-030,CC-0019,REJECTED,MGR-001,Y,Team lunch,N
EXP-0000047,EMP-000211,2024-10-11,Telecoms,Vendor-172,CAD,7913.66,5856.11,0.74,PROJ-005,CC-0019,CANCELLED,MGR-003,Y,Monthly subscription,N
EXP-0000048,EMP-001644,2025-05-20,Training,Vendor-12,CAD,2964.88,2194.01,0.74,PROJ-018,CC-0014,APPROVED,MGR-001,Y,Client visit,N
EXP-0000049,EMP-000044,2024-10-18,Travel-Air,Vendor-165,JPY,3553.96,23.81,0.0067,PROJ-037,CC-0001,CANCELLED,MGR-002,N,Team lunch,Y
EXP-0000050,EMP-000034,2024-03-12,Training,Vendor-25,USD,5067.47,5067.47,1.0,PROJ-027,CC-0010,REJECTED,MGR-002,Y,Team lunch,Y
EXP-0000051,EMP-000097,2025-02-06,Client Entertainment,Vendor-179,INR,7412.34,88.95,0.012,PROJ-030,CC-0016,APPROVED,MGR-002,Y,Conference attendance,Y
EXP-0000052,EMP-000285,2024-04-17,Software License,Vendor-177,USD,12383.59,12383.59,1.0,PROJ-047,CC-0014,PENDING,MGR-001,Y,Client visit,N
EXP-0000053,EMP-001778,2024-02-23,Client Entertainment,Vendor-12,USD,14012.31,14012.31,1.0,PROJ-008,CC-0002,REJECTED,MGR-001,Y,Monthly subscription,N
EXP-0000054,EMP-001895,2024-05-21,Telecoms,Vendor-118,AUD,10482.99,6813.94,0.65,PROJ-008,CC-0005,REJECTED,MGR-001,Y,,N
EXP-0000055,EMP-000493,2025-05-04,Training,Vendor-72,GBP,7831.24,9945.67,1.27,PROJ-021,CC-0016,PENDING,MGR-001,Y,Monthly subscription,Y
EXP-0000056,EMP-001788,2024-09-05,Meals,Vendor-178,INR,8382.14,100.59,0.012,PROJ-005,CC-0003,CANCELLED,MGR-001,N,Conference attendance,Y
EXP-0000057,EMP-000385,2025-05-14,Travel-Hotel,Vendor-88,SGD,12279.49,9086.82,0.74,PROJ-014,CC-0019,REJECTED,MGR-002,Y,,Y
EXP-0000058,EMP-000449,2025-01-07,Office Supplies,Vendor-116,GBP,13712.74,17415.18,1.27,PROJ-040,CC-0017,PENDING,MGR-002,N,Conference attendance,N
EXP-0000059,EMP-000630,2024-04-14,Travel-Ground,Vendor-119,JPY,2471.3,16.56,0.0067,PROJ-007,CC-0004,PENDING,MGR-001,Y,Client visit,N
EXP-0000060,EMP-001088,2025-04-08,Software License,Vendor-68,USD,7148.84,7148.84,1.0,PROJ-008,CC-0018,APPROVED,MGR-002,Y,Client visit,Y
EXP-0000061,EMP-001041,2024-12-07,Travel-Air,Vendor-113,JPY,7537.83,50.5,0.0067,PROJ-018,CC-0012,APPROVED,MGR-001,Y,,N
EXP-0000062,EMP-000825,2024-06-29,Telecoms,Vendor-71,CAD,4417.15,3268.69,0.74,PROJ-034,CC-0020,CANCELLED,MGR-003,Y,Conference attendance,Y
EXP-0000063,EMP-000450,2024-04-27,Travel-Air,Vendor-10,CAD,14384.99,10644.89,0.74,PROJ-037,CC-0009,PENDING,MGR-001,Y,Monthly subscription,Y
EXP-0000064,EMP-000208,2024-08-13,Client Entertainment,Vendor-127,JPY,5884.7,39.43,0.0067,PROJ-014,CC-0006,PENDING,MGR-002,Y,,N
EXP-0000065,EMP-001031,2025-05-03,Client Entertainment,Vendor-177,USD,1422.7,1422.7,1.0,PROJ-016,CC-0006,REJECTED,MGR-003,Y,Client visit,Y
EXP-0000066,EMP-000291,2024-01-14,Training,Vendor-110,INR,13499.04,161.99,0.012,PROJ-022,CC-0001,PENDING,MGR-002,Y,Client visit,Y
EXP-0000067,EMP-001195,2024-01-02,Training,Vendor-64,INR,14543.43,174.52,0.012,PROJ-031,CC-0004,APPROVED,MGR-001,Y,Client visit,Y
EXP-0000068,EMP-000205,2024-11-07,Software License,Vendor-116,EUR,11631.1,12677.9,1.09,PROJ-032,CC-0012,REJECTED,MGR-003,Y,Monthly subscription,N
EXP-0000069,EMP-000723,2024-11-04,Software License,Vendor-133,SGD,213.28,157.83,0.74,PROJ-050,CC-0020,CANCELLED,MGR-001,Y,,Y
EXP-0000070,EMP-001754,2024-08-13,Travel-Ground,Vendor-92,EUR,14679.78,16000.96,1.09,PROJ-032,CC-0001,PENDING,MGR-003,Y,Monthly subscription,Y
EXP-0000071,EMP-001956,2025-01-21,Travel-Hotel,Vendor-71,GBP,2915.69,3702.93,1.27,PROJ-041,CC-0018,CANCELLED,MGR-003,N,Monthly subscription,N
EXP-0000072,EMP-000855,2024-10-09,Client Entertainment,Vendor-49,INR,5871.48,70.46,0.012,PROJ-003,CC-0019,REJECTED,MGR-003,Y,Team lunch,N
EXP-0000073,EMP-001986,2024-01-09,Training,Vendor-176,INR,4333.24,52.0,0.012,PROJ-010,CC-0015,PENDING,MGR-003,Y,,Y
EXP-0000074,EMP-000133,2024-10-28,Travel-Air,Vendor-117,AUD,7307.5,4749.88,0.65,PROJ-003,CC-0007,REJECTED,MGR-003,Y,Conference attendance,N
EXP-0000075,EMP-000722,2024-01-01,Travel-Air,Vendor-65,AUD,86.3,56.09,0.65,PROJ-009,CC-0012,REJECTED,MGR-003,N,Conference attendance,N
EXP-0000076,EMP-000403,2025-03-18,Telecoms,Vendor-21,EUR,14938.75,16283.24,1.09,PROJ-019,CC-0008,APPROVED,MGR-002,Y,Client visit,N
EXP-0000077,EMP-001852,2024-04-10,Client Entertainment,Vendor-78,JPY,5992.71,40.15,0.0067,PROJ-039,CC-0010,PENDING,MGR-003,Y,,N
EXP-0000078,EMP-000409,2024-09-13,Travel-Ground,Vendor-107,EUR,10252.98,11175.75,1.09,PROJ-036,CC-0007,REJECTED,MGR-002,Y,Monthly subscription,N
EXP-0000079,EMP-001794,2025-03-23,Travel-Hotel,Vendor-36,EUR,5645.73,6153.85,1.09,PROJ-034,CC-0015,REJECTED,MGR-003,Y,Team lunch,N
EXP-0000080,EMP-001970,2025-02-24,Training,Vendor-8,JPY,7003.62,46.92,0.0067,PROJ-036,CC-0001,CANCELLED,MGR-001,N,,N
EXP-0000081,EMP-000765,2024-05-10,Telecoms,Vendor-140,CAD,8709.03,6444.68,0.74,PROJ-037,CC-0010,APPROVED,MGR-002,N,Team lunch,Y
EXP-0000082,EMP-001792,2025-06-14,Training,Vendor-14,SGD,12114.14,8964.46,0.74,PROJ-006,CC-0002,REJECTED,MGR-003,Y,Monthly subscription,Y
EXP-0000083,EMP-001415,2024-12-05,Travel-Air,Vendor-32,AUD,8486.0,5515.9,0.65,PROJ-048,CC-0019,APPROVED,MGR-003,N,,Y
EXP-0000084,EMP-001834,2024-06-07,Client Entertainment,Vendor-161,SGD,2054.68,1520.46,0.74,PROJ-020,CC-0001,CANCELLED,MGR-003,N,Conference attendance,Y
EXP-0000085,EMP-001803,2024-05-03,Marketing Materials,Vendor-25,USD,2303.8,2303.8,1.0,PROJ-016,CC-0007,APPROVED,MGR-002,Y,,N
EXP-0000086,EMP-000250,2024-11-03,Office Supplies,Vendor-124,JPY,844.24,5.66,0.0067,PROJ-012,CC-0008,REJECTED,MGR-003,Y,,Y
EXP-0000087,EMP-000045,2024-07-08,Travel-Ground,Vendor-191,JPY,2202.23,14.75,0.0067,PROJ-043,CC-0008,PENDING,MGR-003,N,Team lunch,N
EXP-0000088,EMP-000205,2025-05-19,Software License,Vendor-171,AUD,4348.84,2826.75,0.65,PROJ-018,CC-0013,CANCELLED,MGR-003,Y,Team lunch,N
EXP-0000089,EMP-000581,2025-04-13,Travel-Hotel,Vendor-145,JPY,2231.02,14.95,0.0067,PROJ-025,CC-0001,REJECTED,MGR-001,Y,Conference attendance,N
EXP-0000090,EMP-001481,2025-04-14,Client Entertainment,Vendor-3,EUR,7023.93,7656.08,1.09,PROJ-011,CC-0012,PENDING,MGR-002,Y,,Y
EXP-0000091,EMP-000721,2024-12-13,Training,Vendor-184,EUR,9842.23,10728.03,1.09,PROJ-009,CC-0009,REJECTED,MGR-002,Y,,N
EXP-0000092,EMP-001241,2024-07-03,Telecoms,Vendor-182,JPY,14438.7,96.74,0.0067,PROJ-033,CC-0017,REJECTED,MGR-001,Y,,N
EXP-0000093,EMP-000061,2024-06-11,Meals,Vendor-25,JPY,1022.87,6.85,0.0067,PROJ-043,CC-0004,CANCELLED,MGR-003,Y,Monthly subscription,Y
EXP-0000094,EMP-001804,2024-06-27,Office Supplies,Vendor-194,CAD,1590.42,1176.91,0.74,PROJ-027,CC-0003,APPROVED,MGR-003,Y,Conference attendance,Y
EXP-0000095,EMP-000767,2024-01-31,Travel-Ground,Vendor-83,GBP,6628.51,8418.21,1.27,PROJ-007,CC-0015,CANCELLED,MGR-001,N,Client visit,N
EXP-0000096,EMP-000586,2024-08-18,Meals,Vendor-190,SGD,6568.35,4860.58,0.74,PROJ-011,CC-0014,PENDING,MGR-001,Y,,Y
EXP-0000097,EMP-000288,2024-01-06,Software License,Vendor-199,CAD,508.26,376.11,0.74,PROJ-027,CC-0019,APPROVED,MGR-002,N,,N
EXP-0000098,EMP-001169,2025-04-30,Marketing Materials,Vendor-91,CAD,12487.72,9240.91,0.74,PROJ-023,CC-0020,PENDING,MGR-001,Y,Team lunch,N
EXP-0000099,EMP-000261,2025-06-13,Client Entertainment,Vendor-26,GBP,8541.59,10847.82,1.27,PROJ-008,CC-0016,PENDING,MGR-001,Y,Conference attendance,Y
EXP-0000100,EMP-000515,2025-02-03,Software License,Vendor-18,AUD,13834.88,8992.67,0.65,PROJ-011,CC-0010,APPROVED,MGR-003,N,,N
EXP-0000101,EMP-001119,2024-04-23,Telecoms,Vendor-121,JPY,9283.49,62.2,0.0067,PROJ-017,CC-0001,APPROVED,MGR-002,Y,Monthly subscription,Y
EXP-0000102,EMP-000122,2024-05-22,Meals,Vendor-141,INR,13321.54,159.86,0.012,PROJ-047,CC-0011,APPROVED,MGR-001,Y,Conference attendance,Y
EXP-0000103,EMP-001946,2025-03-02,Telecoms,Vendor-190,INR,14716.03,176.59,0.012,PROJ-040,CC-0003,CANCELLED,MGR-001,Y,,Y
EXP-0000104,EMP-001040,2024-08-18,Software License,Vendor-111,GBP,543.65,690.44,1.27,PROJ-031,CC-0010,PENDING,MGR-001,Y,Conference attendance,Y
EXP-0000105,EMP-001512,2024-01-19,Marketing Materials,Vendor-124,JPY,10232.3,68.56,0.0067,PROJ-004,CC-0013,CANCELLED,MGR-003,N,Team lunch,N
EXP-0000106,EMP-000242,2025-01-11,Software License,Vendor-50,EUR,1742.59,1899.42,1.09,PROJ-022,CC-0014,APPROVED,MGR-001,N,Conference attendance,Y
EXP-0000107,EMP-001542,2024-02-16,Travel-Air,Vendor-185,CAD,6201.85,4589.37,0.74,PROJ-016,CC-0002,APPROVED,MGR-001,N,Team lunch,Y
EXP-0000108,EMP-000717,2024-09-07,Client Entertainment,Vendor-34,AUD,665.35,432.48,0.65,PROJ-039,CC-0013,CANCELLED,MGR-003,Y,,Y
EXP-0000109,EMP-001114,2024-07-29,Training,Vendor-181,GBP,3760.48,4775.81,1.27,PROJ-048,CC-0012,PENDING,MGR-002,Y,Monthly subscription,N
EXP-0000110,EMP-000548,2024-11-22,Marketing Materials,Vendor-129,CAD,7907.39,5851.47,0.74,PROJ-007,CC-0002,REJECTED,MGR-002,Y,Monthly subscription,Y
EXP-0000111,EMP-001724,2025-06-17,Meals,Vendor-79,CAD,13681.62,10124.4,0.74,PROJ-048,CC-0018,PENDING,MGR-001,Y,,Y
EXP-0000112,EMP-001431,2025-03-26,Training,Vendor-30,USD,14668.87,14668.87,1.0,PROJ-002,CC-0016,APPROVED,MGR-002,Y,,N
EXP-0000113,EMP-000174,2024-03-02,Client Entertainment,Vendor-157,AUD,12409.41,8066.12,0.65,PROJ-025,CC-0016,APPROVED,MGR-002,Y,Team lunch,Y
EXP-0000114,EMP-000378,2025-03-17,Marketing Materials,Vendor-14,CAD,3093.89,2289.48,0.74,PROJ-043,CC-0010,APPROVED,MGR-003,Y,Conference attendance,N
EXP-0000115,EMP-001211,2024-08-09,Travel-Air,Vendor-88,AUD,12155.55,7901.11,0.65,PROJ-047,CC-0020,CANCELLED,MGR-002,Y,Conference attendance,N
EXP-0000116,EMP-001921,2025-04-19,Office Supplies,Vendor-147,AUD,12879.13,8371.43,0.65,PROJ-047,CC-0019,REJECTED,MGR-001,Y,Team lunch,Y
EXP-0000117,EMP-000575,2024-10-07,Travel-Hotel,Vendor-64,EUR,13616.61,14842.1,1.09,PROJ-050,CC-0018,REJECTED,MGR-002,Y,Conference attendance,N
EXP-0000118,EMP-000514,2024-01-13,Travel-Hotel,Vendor-79,INR,4038.52,48.46,0.012,PROJ-037,CC-0011,REJECTED,MGR-001,Y,Team lunch,Y
EXP-0000119,EMP-000076,2025-01-02,Training,Vendor-164,SGD,142.97,105.8,0.74,PROJ-036,CC-0007,CANCELLED,MGR-001,Y,Monthly subscription,N
EXP-0000120,EMP-000529,2024-10-09,Client Entertainment,Vendor-127,GBP,6612.19,8397.48,1.27,PROJ-009,CC-0008,PENDING,MGR-001,Y,Client visit,Y
EXP-0000121,EMP-001038,2025-03-26,Telecoms,Vendor-82,USD,2771.99,2771.99,1.0,PROJ-003,CC-0018,PENDING,MGR-001,Y,Monthly subscription,Y
EXP-0000122,EMP-000092,2024-08-28,Software License,Vendor-28,INR,8111.22,97.33,0.012,PROJ-005,CC-0017,CANCELLED,MGR-001,Y,Client visit,Y
EXP-0000123,EMP-001699,2025-03-01,Travel-Hotel,Vendor-165,INR,8559.78,102.72,0.012,PROJ-028,CC-0010,PENDING,MGR-001,Y,,N
EXP-0000124,EMP-001838,2025-01-18,Training,Vendor-76,INR,14626.73,175.52,0.012,PROJ-040,CC-0001,PENDING,MGR-002,Y,Monthly subscription,Y
EXP-0000125,EMP-000434,2024-11-16,Marketing Materials,Vendor-184,USD,1602.42,1602.42,1.0,PROJ-050,CC-0017,REJECTED,MGR-001,Y,,Y
EXP-0000126,EMP-001330,2024-03-21,Travel-Hotel,Vendor-58,EUR,5722.53,6237.56,1.09,PROJ-037,CC-0017,CANCELLED,MGR-003,Y,,Y
EXP-0000127,EMP-001066,2025-03-27,Software License,Vendor-69,SGD,9891.37,7319.61,0.74,PROJ-013,CC-0019,REJECTED,MGR-001,Y,Client visit,N
EXP-0000128,EMP-001533,2024-04-28,Meals,Vendor-114,CAD,6842.76,5063.64,0.74,PROJ-047,CC-0014,REJECTED,MGR-001,Y,,Y
EXP-0000129,EMP-001240,2024-08-23,Training,Vendor-108,INR,9803.42,117.64,0.012,PROJ-015,CC-0019,PENDING,MGR-003,N,Team lunch,Y
EXP-0000130,EMP-000700,2024-11-17,Travel-Hotel,Vendor-21,AUD,11939.88,7760.92,0.65,PROJ-027,CC-0014,PENDING,MGR-003,Y,,Y
EXP-0000131,EMP-000032,2024-06-19,Travel-Hotel,Vendor-108,EUR,13147.32,14330.58,1.09,PROJ-017,CC-0018,CANCELLED,MGR-003,Y,Client visit,Y
EXP-0000132,EMP-000342,2024-03-15,Travel-Ground,Vendor-132,JPY,368.73,2.47,0.0067,PROJ-034,CC-0013,CANCELLED,MGR-002,N,Team lunch,Y
EXP-0000133,EMP-001838,2024-12-10,Telecoms,Vendor-156,AUD,1794.25,1166.26,0.65,PROJ-040,CC-0004,APPROVED,MGR-001,Y,Team lunch,N
EXP-0000134,EMP-000893,2024-10-23,Training,Vendor-180,SGD,11113.06,8223.66,0.74,PROJ-009,CC-0006,APPROVED,MGR-001,Y,,N
EXP-0000135,EMP-000899,2024-06-29,Marketing Materials,Vendor-185,SGD,5696.82,4215.65,0.74,PROJ-038,CC-0009,APPROVED,MGR-001,Y,Team lunch,N
EXP-0000136,EMP-001838,2025-06-21,Telecoms,Vendor-131,USD,8466.33,8466.33,1.0,PROJ-028,CC-0010,REJECTED,MGR-002,Y,Client visit,Y
EXP-0000137,EMP-001505,2024-08-03,Office Supplies,Vendor-133,USD,12211.67,12211.67,1.0,PROJ-018,CC-0019,REJECTED,MGR-001,Y,Monthly subscription,Y
EXP-0000138,EMP-000997,2025-03-25,Meals,Vendor-44,GBP,4324.77,5492.46,1.27,PROJ-019,CC-0009,APPROVED,MGR-001,Y,Client visit,Y
EXP-0000139,EMP-001042,2024-06-21,Travel-Air,Vendor-154,CAD,8286.93,6132.33,0.74,PROJ-003,CC-0018,PENDING,MGR-001,Y,Conference attendance,N
EXP-0000140,EMP-001942,2025-03-12,Training,Vendor-134,CAD,4234.74,3133.71,0.74,PROJ-009,CC-0015,REJECTED,MGR-001,Y,Team lunch,N
EXP-0000141,EMP-001771,2024-05-20,Client Entertainment,Vendor-188,SGD,3953.22,2925.38,0.74,PROJ-043,CC-0004,REJECTED,MGR-001,N,,Y
EXP-0000142,EMP-000687,2024-10-09,Training,Vendor-162,INR,2359.34,28.31,0.012,PROJ-048,CC-0017,APPROVED,MGR-003,Y,Conference attendance,N
EXP-0000143,EMP-001627,2025-06-17,Software License,Vendor-49,GBP,13986.2,17762.47,1.27,PROJ-036,CC-0002,APPROVED,MGR-001,N,,N
EXP-0000144,EMP-000544,2025-04-26,Travel-Ground,Vendor-125,CAD,10103.48,7476.58,0.74,PROJ-012,CC-0016,REJECTED,MGR-001,N,,Y
EXP-0000145,EMP-000138,2025-05-17,Marketing Materials,Vendor-157,CAD,57.93,42.87,0.74,PROJ-014,CC-0006,APPROVED,MGR-002,Y,,N
EXP-0000146,EMP-000992,2024-07-03,Client Entertainment,Vendor-60,CAD,9569.34,7081.31,0.74,PROJ-019,CC-0016,CANCELLED,MGR-003,Y,,N
EXP-0000147,EMP-000449,2024-04-25,Client Entertainment,Vendor-108,SGD,4438.3,3284.34,0.74,PROJ-029,CC-0011,PENDING,MGR-003,Y,Conference attendance,Y
EXP-0000148,EMP-001353,2024-04-26,Software License,Vendor-179,SGD,14345.17,10615.43,0.74,PROJ-026,CC-0005,CANCELLED,MGR-002,Y,,Y
EXP-0000149,EMP-001040,2024-08-08,Office Supplies,Vendor-16,USD,4371.04,4371.04,1.0,PROJ-036,CC-0011,REJECTED,MGR-003,Y,Team lunch,N
EXP-0000150,EMP-000534,2024-02-25,Client Entertainment,Vendor-125,SGD,6383.74,4723.97,0.74,PROJ-047,CC-0008,REJECTED,MGR-003,Y,Monthly subscription,N
EXP-0000151,EMP-001794,2024-06-19,Marketing Materials,Vendor-53,JPY,3327.44,22.29,0.0067,PROJ-050,CC-0004,REJECTED,MGR-001,Y,,Y
EXP-0000152,EMP-001444,2024-12-07,Software License,Vendor-197,JPY,1362.89,9.13,0.0067,PROJ-050,CC-0018,APPROVED,MGR-003,Y,,Y
EXP-0000153,EMP-000322,2025-02-09,Meals,Vendor-75,INR,8036.74,96.44,0.012,PROJ-011,CC-0012,REJECTED,MGR-002,N,,Y
EXP-0000154,EMP-000042,2025-06-23,Travel-Hotel,Vendor-129,USD,550.76,550.76,1.0,PROJ-026,CC-0016,APPROVED,MGR-001,Y,Monthly subscription,Y
EXP-0000155,EMP-001410,2024-09-10,Travel-Air,Vendor-70,CAD,9477.02,7012.99,0.74,PROJ-048,CC-0004,CANCELLED,MGR-003,Y,Client visit,N
EXP-0000156,EMP-001034,2025-03-01,Travel-Air,Vendor-4,GBP,1157.14,1469.57,1.27,PROJ-048,CC-0018,PENDING,MGR-001,Y,Client visit,N
EXP-0000157,EMP-001523,2024-01-24,Client Entertainment,Vendor-71,INR,6383.04,76.6,0.012,PROJ-030,CC-0007,APPROVED,MGR-002,Y,Team lunch,N
EXP-0000158,EMP-001981,2025-02-20,Marketing Materials,Vendor-72,JPY,1405.01,9.41,0.0067,PROJ-031,CC-0010,PENDING,MGR-002,Y,Team lunch,N
EXP-0000159,EMP-001464,2024-04-20,Training,Vendor-58,INR,11442.88,137.31,0.012,PROJ-037,CC-0001,CANCELLED,MGR-001,Y,Monthly subscription,N
EXP-0000160,EMP-000681,2024-05-27,Travel-Hotel,Vendor-25,GBP,9645.85,12250.23,1.27,PROJ-036,CC-0006,PENDING,MGR-002,N,Conference attendance,Y
EXP-0000161,EMP-000970,2025-06-19,Telecoms,Vendor-195,JPY,9251.16,61.98,0.0067,PROJ-015,CC-0002,CANCELLED,MGR-002,Y,Monthly subscription,N
EXP-0000162,EMP-001412,2025-02-20,Travel-Air,Vendor-69,EUR,557.28,607.44,1.09,PROJ-045,CC-0007,CANCELLED,MGR-003,Y,Monthly subscription,Y
EXP-0000163,EMP-000990,2025-06-10,Marketing Materials,Vendor-190,INR,6925.97,83.11,0.012,PROJ-047,CC-0003,APPROVED,MGR-002,Y,Team lunch,Y
EXP-0000164,EMP-001533,2024-05-04,Travel-Ground,Vendor-51,USD,2439.78,2439.78,1.0,PROJ-029,CC-0004,APPROVED,MGR-002,Y,Client visit,N
EXP-0000165,EMP-001121,2025-03-04,Office Supplies,Vendor-3,EUR,11237.41,12248.78,1.09,PROJ-019,CC-0004,CANCELLED,MGR-002,Y,,N
EXP-0000166,EMP-000340,2024-05-24,Client Entertainment,Vendor-134,INR,8461.52,101.54,0.012,PROJ-044,CC-0007,REJECTED,MGR-003,Y,Team lunch,N
EXP-0000167,EMP-001899,2024-05-18,Travel-Ground,Vendor-135,CAD,14043.68,10392.32,0.74,PROJ-046,CC-0016,APPROVED,MGR-002,Y,Client visit,Y
EXP-0000168,EMP-000012,2024-11-15,Meals,Vendor-52,SGD,1015.05,751.14,0.74,PROJ-045,CC-0004,CANCELLED,MGR-002,Y,Conference attendance,N
EXP-0000169,EMP-001304,2024-08-19,Software License,Vendor-161,EUR,1010.91,1101.89,1.09,PROJ-001,CC-0007,REJECTED,MGR-002,Y,,N
EXP-0000170,EMP-000826,2024-09-17,Marketing Materials,Vendor-139,INR,9371.27,112.46,0.012,PROJ-042,CC-0007,APPROVED,MGR-003,N,Conference attendance,Y
EXP-0000171,EMP-001155,2024-04-14,Travel-Ground,Vendor-134,AUD,2683.1,1744.02,0.65,PROJ-038,CC-0013,REJECTED,MGR-003,Y,,N
EXP-0000172,EMP-001605,2024-08-25,Meals,Vendor-24,CAD,2529.81,1872.06,0.74,PROJ-040,CC-0005,PENDING,MGR-001,Y,Conference attendance,N
EXP-0000173,EMP-000107,2024-05-20,Marketing Materials,Vendor-113,GBP,13440.34,17069.23,1.27,PROJ-028,CC-0016,REJECTED,MGR-002,Y,Client visit,N
EXP-0000174,EMP-001447,2025-04-30,Software License,Vendor-80,JPY,11611.06,77.79,0.0067,PROJ-034,CC-0011,APPROVED,MGR-003,N,Client visit,N
EXP-0000175,EMP-001148,2025-03-28,Training,Vendor-178,EUR,12599.74,13733.72,1.09,PROJ-017,CC-0004,CANCELLED,MGR-003,Y,Client visit,Y
EXP-0000176,EMP-001579,2024-12-20,Office Supplies,Vendor-55,INR,12832.03,153.98,0.012,PROJ-040,CC-0018,PENDING,MGR-002,Y,Client visit,Y
EXP-0000177,EMP-001078,2024-07-18,Travel-Air,Vendor-151,CAD,6636.79,4911.22,0.74,PROJ-020,CC-0011,APPROVED,MGR-002,Y,,Y
EXP-0000178,EMP-000564,2025-05-05,Office Supplies,Vendor-12,AUD,512.59,333.18,0.65,PROJ-045,CC-0009,REJECTED,MGR-003,Y,,Y
EXP-0000179,EMP-001295,2025-04-10,Training,Vendor-45,SGD,14958.5,11069.29,0.74,PROJ-031,CC-0018,APPROVED,MGR-001,Y,Conference attendance,Y
EXP-0000180,EMP-000270,2024-03-25,Office Supplies,Vendor-31,EUR,13064.99,14240.84,1.09,PROJ-004,CC-0015,APPROVED,MGR-002,Y,,N
EXP-0000181,EMP-001511,2024-01-18,Software License,Vendor-173,CAD,9830.03,7274.22,0.74,PROJ-021,CC-0006,REJECTED,MGR-003,Y,,N
EXP-0000182,EMP-001372,2024-03-03,Travel-Hotel,Vendor-50,JPY,12567.37,84.2,0.0067,PROJ-049,CC-0017,PENDING,MGR-003,Y,Conference attendance,Y
EXP-0000183,EMP-001247,2024-07-22,Marketing Materials,Vendor-105,SGD,677.18,501.11,0.74,PROJ-012,CC-0001,REJECTED,MGR-002,Y,Conference attendance,N
EXP-0000184,EMP-001427,2024-03-29,Telecoms,Vendor-119,SGD,8526.92,6309.92,0.74,PROJ-006,CC-0004,APPROVED,MGR-001,Y,Client visit,N
EXP-0000185,EMP-001616,2024-01-11,Meals,Vendor-164,USD,11503.17,11503.17,1.0,PROJ-024,CC-0015,APPROVED,MGR-003,N,Monthly subscription,Y
EXP-0000186,EMP-000777,2024-10-20,Travel-Ground,Vendor-72,EUR,4664.2,5083.98,1.09,PROJ-009,CC-0019,REJECTED,MGR-002,N,Client visit,N
EXP-0000187,EMP-000605,2024-09-22,Training,Vendor-68,CAD,2664.91,1972.03,0.74,PROJ-006,CC-0016,REJECTED,MGR-003,Y,Monthly subscription,N
EXP-0000188,EMP-001710,2025-01-29,Travel-Ground,Vendor-138,EUR,560.6,611.05,1.09,PROJ-037,CC-0007,CANCELLED,MGR-002,Y,Client visit,N
EXP-0000189,EMP-001584,2024-08-03,Client Entertainment,Vendor-56,AUD,1370.45,890.79,0.65,PROJ-030,CC-0009,APPROVED,MGR-001,N,Team lunch,Y
EXP-0000190,EMP-000763,2025-01-21,Telecoms,Vendor-9,SGD,8806.44,6516.77,0.74,PROJ-021,CC-0004,REJECTED,MGR-001,N,Team lunch,N
EXP-0000191,EMP-001850,2024-04-12,Travel-Ground,Vendor-92,INR,5056.71,60.68,0.012,PROJ-020,CC-0006,CANCELLED,MGR-003,N,Conference attendance,N
EXP-0000192,EMP-001423,2025-03-21,Office Supplies,Vendor-122,SGD,8907.69,6591.69,0.74,PROJ-016,CC-0009,REJECTED,MGR-003,Y,Team lunch,N
EXP-0000193,EMP-001903,2024-08-27,Marketing Materials,Vendor-28,AUD,611.53,397.49,0.65,PROJ-027,CC-0014,REJECTED,MGR-003,Y,,Y
EXP-0000194,EMP-001889,2024-11-03,Telecoms,Vendor-179,EUR,7687.94,8379.85,1.09,PROJ-034,CC-0007,PENDING,MGR-001,Y,Conference attendance,Y
EXP-0000195,EMP-000290,2024-12-20,Training,Vendor-102,AUD,11895.02,7731.76,0.65,PROJ-011,CC-0015,APPROVED,MGR-003,N,Client visit,Y
EXP-0000196,EMP-000379,2024-08-29,Meals,Vendor-112,AUD,4619.83,3002.89,0.65,PROJ-006,CC-0008,PENDING,MGR-003,Y,Conference attendance,N
EXP-0000197,EMP-000965,2025-02-07,Meals,Vendor-121,EUR,5177.23,5643.18,1.09,PROJ-043,CC-0013,CANCELLED,MGR-003,N,Conference attendance,N
EXP-0000198,EMP-001916,2024-05-16,Office Supplies,Vendor-198,EUR,4782.17,5212.57,1.09,PROJ-021,CC-0010,CANCELLED,MGR-003,Y,,Y
EXP-0000199,EMP-001517,2024-01-28,Meals,Vendor-156,INR,7329.76,87.96,0.012,PROJ-012,CC-0008,REJECTED,MGR-002,Y,,Y
EXP-0000200,EMP-001323,2024-08-23,Travel-Ground,Vendor-128,JPY,13719.64,91.92,0.0067,PROJ-013,CC-0002,PENDING,MGR-002,Y,Conference attendance,N
EXP-0000201,EMP-000872,2024-06-03,Client Entertainment,Vendor-80,JPY,9814.13,65.75,0.0067,PROJ-025,CC-0016,APPROVED,MGR-002,Y,Client visit,Y
EXP-0000202,EMP-001709,2024-04-18,Training,Vendor-22,JPY,10238.27,68.6,0.0067,PROJ-023,CC-0004,CANCELLED,MGR-001,N,Monthly subscription,Y
EXP-0000203,EMP-000024,2025-05-12,Office Supplies,Vendor-109,JPY,10297.62,68.99,0.0067,PROJ-050,CC-0002,REJECTED,MGR-002,Y,,Y
EXP-0000204,EMP-001600,2025-04-29,Software License,Vendor-137,SGD,7535.9,5576.57,0.74,PROJ-024,CC-0004,PENDING,MGR-002,Y,,Y
EXP-0000205,EMP-001942,2024-09-21,Meals,Vendor-132,EUR,114.28,124.57,1.09,PROJ-040,CC-0015,CANCELLED,MGR-001,Y,Monthly subscription,Y
EXP-0000206,EMP-000943,2025-01-10,Travel-Air,Vendor-154,GBP,13019.77,16535.11,1.27,PROJ-044,CC-0012,REJECTED,MGR-002,Y,,N
EXP-0000207,EMP-000367,2024-10-27,Software License,Vendor-107,USD,8145.8,8145.8,1.0,PROJ-002,CC-0015,REJECTED,MGR-002,Y,,Y
EXP-0000208,EMP-001089,2025-02-09,Meals,Vendor-45,INR,10981.25,131.78,0.012,PROJ-006,CC-0018,APPROVED,MGR-001,N,,N
EXP-0000209,EMP-000708,2025-04-14,Telecoms,Vendor-63,JPY,13391.82,89.73,0.0067,PROJ-047,CC-0017,CANCELLED,MGR-001,Y,Monthly subscription,N
EXP-0000210,EMP-001483,2024-04-13,Office Supplies,Vendor-132,USD,2209.79,2209.79,1.0,PROJ-047,CC-0003,REJECTED,MGR-003,Y,Team lunch,N
EXP-0000211,EMP-001530,2024-09-20,Travel-Hotel,Vendor-111,USD,2767.12,2767.12,1.0,PROJ-008,CC-0007,REJECTED,MGR-002,N,,Y
EXP-0000212,EMP-000441,2025-03-23,Client Entertainment,Vendor-192,INR,8604.31,103.25,0.012,PROJ-045,CC-0006,REJECTED,MGR-003,Y,,N
EXP-0000213,EMP-000559,2024-01-06,Office Supplies,Vendor-54,EUR,10176.34,11092.21,1.09,PROJ-002,CC-0014,PENDING,MGR-002,Y,Team lunch,N
EXP-0000214,EMP-000038,2024-11-28,Meals,Vendor-17,GBP,3327.64,4226.1,1.27,PROJ-040,CC-0010,CANCELLED,MGR-003,Y,,N
EXP-0000215,EMP-001143,2024-01-13,Software License,Vendor-88,JPY,7139.29,47.83,0.0067,PROJ-021,CC-0012,CANCELLED,MGR-001,Y,,N
EXP-0000216,EMP-000349,2025-02-03,Client Entertainment,Vendor-104,CAD,7988.28,5911.33,0.74,PROJ-003,CC-0019,APPROVED,MGR-003,Y,,N
EXP-0000217,EMP-001085,2025-01-13,Client Entertainment,Vendor-75,GBP,3121.19,3963.91,1.27,PROJ-049,CC-0011,CANCELLED,MGR-003,Y,Conference attendance,Y
EXP-0000218,EMP-001157,2025-03-17,Office Supplies,Vendor-196,EUR,9367.73,10210.83,1.09,PROJ-002,CC-0010,CANCELLED,MGR-001,Y,,Y
EXP-0000219,EMP-001741,2024-05-06,Travel-Hotel,Vendor-102,JPY,9110.75,61.04,0.0067,PROJ-014,CC-0007,APPROVED,MGR-003,Y,Client visit,Y
EXP-0000220,EMP-000721,2024-08-10,Office Supplies,Vendor-154,JPY,8255.55,55.31,0.0067,PROJ-018,CC-0011,REJECTED,MGR-003,Y,,N
EXP-0000221,EMP-000828,2025-05-21,Training,Vendor-74,JPY,3384.24,22.67,0.0067,PROJ-029,CC-0006,PENDING,MGR-002,Y,Conference attendance,N
EXP-0000222,EMP-001400,2024-04-10,Office Supplies,Vendor-149,SGD,9846.3,7286.26,0.74,PROJ-042,CC-0014,CANCELLED,MGR-002,N,,Y
EXP-0000223,EMP-001270,2025-05-30,Travel-Hotel,Vendor-154,CAD,2087.19,1544.52,0.74,PROJ-037,CC-0014,APPROVED,MGR-002,N,Client visit,N
EXP-0000224,EMP-000047,2025-02-02,Marketing Materials,Vendor-131,GBP,14278.17,18133.28,1.27,PROJ-013,CC-0006,CANCELLED,MGR-002,N,Client visit,N
EXP-0000225,EMP-000601,2024-03-07,Travel-Air,Vendor-53,CAD,4847.64,3587.25,0.74,PROJ-037,CC-0015,CANCELLED,MGR-001,Y,Client visit,Y
EXP-0000226,EMP-000228,2024-12-05,Travel-Ground,Vendor-63,SGD,7508.22,5556.08,0.74,PROJ-030,CC-0003,APPROVED,MGR-003,Y,,N
EXP-0000227,EMP-000145,2025-03-03,Client Entertainment,Vendor-184,SGD,12933.91,9571.09,0.74,PROJ-035,CC-0004,APPROVED,MGR-002,Y,,Y
EXP-0000228,EMP-001697,2024-02-10,Software License,Vendor-103,AUD,12176.82,7914.93,0.65,PROJ-046,CC-0017,CANCELLED,MGR-002,Y,Conference attendance,Y
EXP-0000229,EMP-001188,2024-04-24,Travel-Ground,Vendor-94,AUD,11371.53,7391.49,0.65,PROJ-027,CC-0011,PENDING,MGR-001,Y,Client visit,N
EXP-0000230,EMP-001421,2024-03-16,Training,Vendor-182,GBP,4957.09,6295.5,1.27,PROJ-032,CC-0008,REJECTED,MGR-002,Y,,N
EXP-0000231,EMP-001433,2024-09-21,Telecoms,Vendor-71,INR,11812.74,141.75,0.012,PROJ-039,CC-0002,PENDING,MGR-001,Y,Conference attendance,Y
EXP-0000232,EMP-001462,2024-10-25,Client Entertainment,Vendor-184,INR,8457.46,101.49,0.012,PROJ-011,CC-0019,REJECTED,MGR-002,Y,,N
EXP-0000233,EMP-001424,2024-05-11,Travel-Ground,Vendor-156,EUR,11158.56,12162.83,1.09,PROJ-019,CC-0013,REJECTED,MGR-003,N,Conference attendance,Y
EXP-0000234,EMP-000025,2024-09-22,Software License,Vendor-185,AUD,2233.97,1452.08,0.65,PROJ-033,CC-0017,CANCELLED,MGR-002,N,Monthly subscription,Y
EXP-0000235,EMP-000775,2025-05-11,Travel-Ground,Vendor-135,INR,7854.83,94.26,0.012,PROJ-031,CC-0006,CANCELLED,MGR-002,Y,,Y
EXP-0000236,EMP-000423,2024-08-17,Travel-Ground,Vendor-72,INR,3380.13,40.56,0.012,PROJ-039,CC-0004,PENDING,MGR-002,Y,Team lunch,Y
EXP-0000237,EMP-000745,2024-02-03,Office Supplies,Vendor-161,CAD,11123.25,8231.2,0.74,PROJ-007,CC-0011,APPROVED,MGR-002,Y,Conference attendance,N
EXP-0000238,EMP-001633,2024-07-06,Meals,Vendor-59,CAD,3677.94,2721.68,0.74,PROJ-045,CC-0015,PENDING,MGR-001,Y,,N
EXP-0000239,EMP-001502,2024-03-06,Travel-Ground,Vendor-134,GBP,11149.23,14159.52,1.27,PROJ-020,CC-0002,PENDING,MGR-001,N,,N
EXP-0000240,EMP-001806,2024-02-22,Software License,Vendor-163,SGD,1483.07,1097.47,0.74,PROJ-005,CC-0007,CANCELLED,MGR-001,Y,Conference attendance,N
EXP-0000241,EMP-001208,2024-08-08,Telecoms,Vendor-125,CAD,1507.14,1115.28,0.74,PROJ-020,CC-0019,APPROVED,MGR-003,Y,Conference attendance,N
EXP-0000242,EMP-001301,2025-04-12,Travel-Air,Vendor-65,CAD,8838.17,6540.25,0.74,PROJ-049,CC-0014,REJECTED,MGR-002,N,Monthly subscription,N
EXP-0000243,EMP-000614,2024-09-27,Marketing Materials,Vendor-64,AUD,14272.02,9276.81,0.65,PROJ-022,CC-0009,REJECTED,MGR-003,Y,Conference attendance,Y
EXP-0000244,EMP-001830,2025-06-05,Training,Vendor-127,SGD,107.69,79.69,0.74,PROJ-011,CC-0006,APPROVED,MGR-002,Y,Conference attendance,N
EXP-0000245,EMP-001104,2024-07-06,Meals,Vendor-200,INR,9571.87,114.86,0.012,PROJ-007,CC-0008,PENDING,MGR-002,Y,Monthly subscription,N
EXP-0000246,EMP-001900,2024-08-03,Telecoms,Vendor-173,GBP,10274.35,13048.42,1.27,PROJ-010,CC-0011,PENDING,MGR-001,Y,Client visit,Y
EXP-0000247,EMP-001058,2025-04-30,Telecoms,Vendor-107,EUR,4891.96,5332.24,1.09,PROJ-050,CC-0009,PENDING,MGR-002,Y,Monthly subscription,N
EXP-0000248,EMP-001489,2024-12-28,Software License,Vendor-116,EUR,4600.42,5014.46,1.09,PROJ-020,CC-0014,CANCELLED,MGR-002,Y,Team lunch,Y
EXP-0000249,EMP-001650,2024-05-23,Training,Vendor-197,JPY,5310.64,35.58,0.0067,PROJ-018,CC-0001,PENDING,MGR-001,Y,Monthly subscription,N
EXP-0000250,EMP-001620,2025-01-26,Software License,Vendor-143,USD,4834.47,4834.47,1.0,PROJ-036,CC-0007,PENDING,MGR-003,Y,Monthly subscription,Y
EXP-0000251,EMP-000667,2025-05-06,Telecoms,Vendor-121,GBP,3654.64,4641.39,1.27,PROJ-003,CC-0013,CANCELLED,MGR-001,Y,,N
EXP-0000252,EMP-001310,2024-12-16,Client Entertainment,Vendor-138,USD,1530.58,1530.58,1.0,PROJ-024,CC-0015,REJECTED,MGR-001,Y,Client visit,Y
EXP-0000253,EMP-001501,2025-02-27,Travel-Ground,Vendor-39,INR,14657.91,175.89,0.012,PROJ-038,CC-0010,PENDING,MGR-003,Y,Team lunch,Y
EXP-0000254,EMP-001563,2024-09-23,Marketing Materials,Vendor-136,INR,8595.27,103.14,0.012,PROJ-019,CC-0001,PENDING,MGR-001,Y,Monthly subscription,N
EXP-0000255,EMP-000960,2024-08-21,Training,Vendor-93,CAD,2770.26,2049.99,0.74,PROJ-022,CC-0007,REJECTED,MGR-002,Y,Client visit,Y
EXP-0000256,EMP-001651,2025-05-13,Travel-Air,Vendor-136,JPY,6415.69,42.99,0.0067,PROJ-004,CC-0017,REJECTED,MGR-001,Y,Conference attendance,N
EXP-0000257,EMP-000684,2024-03-09,Travel-Hotel,Vendor-145,SGD,4246.87,3142.68,0.74,PROJ-006,CC-0018,APPROVED,MGR-003,N,,Y
EXP-0000258,EMP-000391,2024-03-15,Office Supplies,Vendor-71,SGD,9154.37,6774.23,0.74,PROJ-030,CC-0015,PENDING,MGR-003,Y,Conference attendance,Y
EXP-0000259,EMP-001600,2025-03-18,Travel-Air,Vendor-103,INR,6816.17,81.79,0.012,PROJ-037,CC-0010,APPROVED,MGR-003,Y,Conference attendance,Y
EXP-0000260,EMP-000309,2024-09-22,Meals,Vendor-150,CAD,4842.54,3583.48,0.74,PROJ-044,CC-0011,CANCELLED,MGR-003,N,,N
EXP-0000261,EMP-000304,2024-07-30,Client Entertainment,Vendor-47,EUR,2840.82,3096.49,1.09,PROJ-007,CC-0001,APPROVED,MGR-001,Y,Conference attendance,N
EXP-0000262,EMP-001348,2024-08-01,Meals,Vendor-78,INR,13927.7,167.13,0.012,PROJ-011,CC-0014,REJECTED,MGR-001,N,Monthly subscription,Y
EXP-0000263,EMP-001935,2025-03-26,Travel-Hotel,Vendor-97,EUR,13165.79,14350.71,1.09,PROJ-002,CC-0015,PENDING,MGR-002,Y,Team lunch,N
EXP-0000264,EMP-001579,2025-01-24,Telecoms,Vendor-32,JPY,2987.58,20.02,0.0067,PROJ-006,CC-0006,APPROVED,MGR-001,N,Conference attendance,N
EXP-0000265,EMP-000649,2025-03-01,Meals,Vendor-54,INR,11247.74,134.97,0.012,PROJ-006,CC-0017,REJECTED,MGR-002,Y,,Y
EXP-0000266,EMP-000779,2025-03-06,Office Supplies,Vendor-26,SGD,252.02,186.49,0.74,PROJ-023,CC-0012,REJECTED,MGR-001,Y,,N
EXP-0000267,EMP-000173,2025-02-03,Training,Vendor-5,CAD,14995.6,11096.74,0.74,PROJ-018,CC-0011,APPROVED,MGR-001,N,Client visit,Y
EXP-0000268,EMP-000288,2025-04-26,Travel-Air,Vendor-16,EUR,7784.14,8484.71,1.09,PROJ-039,CC-0007,REJECTED,MGR-002,Y,Client visit,N
EXP-0000269,EMP-001063,2024-06-04,Travel-Ground,Vendor-94,EUR,2627.82,2864.32,1.09,PROJ-008,CC-0006,APPROVED,MGR-002,N,Monthly subscription,N
EXP-0000270,EMP-000544,2024-11-24,Travel-Air,Vendor-7,INR,13635.62,163.63,0.012,PROJ-022,CC-0001,CANCELLED,MGR-001,N,Team lunch,Y
EXP-0000271,EMP-001480,2025-06-21,Travel-Ground,Vendor-41,JPY,11439.91,76.65,0.0067,PROJ-007,CC-0001,REJECTED,MGR-001,Y,Team lunch,Y
EXP-0000272,EMP-000952,2025-03-01,Marketing Materials,Vendor-113,GBP,14531.27,18454.71,1.27,PROJ-009,CC-0020,APPROVED,MGR-002,Y,Team lunch,N
EXP-0000273,EMP-001106,2025-01-09,Telecoms,Vendor-172,EUR,4849.92,5286.41,1.09,PROJ-046,CC-0004,CANCELLED,MGR-002,N,Client visit,Y
EXP-0000274,EMP-000293,2024-08-18,Travel-Hotel,Vendor-191,EUR,12083.66,13171.19,1.09,PROJ-007,CC-0013,REJECTED,MGR-003,Y,Client visit,Y
EXP-0000275,EMP-001351,2024-11-04,Software License,Vendor-182,AUD,2777.56,1805.41,0.65,PROJ-030,CC-0019,REJECTED,MGR-001,Y,Team lunch,N
EXP-0000276,EMP-001915,2024-02-05,Office Supplies,Vendor-162,EUR,8694.73,9477.26,1.09,PROJ-004,CC-0007,PENDING,MGR-001,N,,Y
EXP-0000277,EMP-000661,2024-01-12,Telecoms,Vendor-124,CAD,2436.66,1803.13,0.74,PROJ-031,CC-0012,PENDING,MGR-003,Y,Team lunch,Y
EXP-0000278,EMP-001118,2025-03-26,Travel-Hotel,Vendor-191,SGD,9323.48,6899.38,0.74,PROJ-018,CC-0017,REJECTED,MGR-002,N,Monthly subscription,N
EXP-0000279,EMP-000935,2024-04-08,Software License,Vendor-196,SGD,11582.4,8570.98,0.74,PROJ-034,CC-0009,APPROVED,MGR-002,Y,,Y
EXP-0000280,EMP-001997,2025-04-13,Travel-Hotel,Vendor-31,EUR,1427.81,1556.31,1.09,PROJ-036,CC-0010,PENDING,MGR-002,Y,Team lunch,N
EXP-0000281,EMP-001991,2025-05-31,Travel-Ground,Vendor-102,GBP,14494.73,18408.31,1.27,PROJ-033,CC-0007,PENDING,MGR-003,N,Conference attendance,Y
EXP-0000282,EMP-001598,2024-06-04,Telecoms,Vendor-136,INR,7888.36,94.66,0.012,PROJ-034,CC-0002,REJECTED,MGR-003,N,,Y
EXP-0000283,EMP-001394,2024-06-18,Telecoms,Vendor-58,INR,2389.66,28.68,0.012,PROJ-049,CC-0005,CANCELLED,MGR-001,Y,Conference attendance,N
EXP-0000284,EMP-001069,2025-03-07,Training,Vendor-120,AUD,5852.69,3804.25,0.65,PROJ-021,CC-0005,REJECTED,MGR-001,Y,Monthly subscription,N
EXP-0000285,EMP-001256,2024-03-09,Travel-Air,Vendor-194,CAD,13846.55,10246.45,0.74,PROJ-027,CC-0005,PENDING,MGR-002,N,Client visit,N
EXP-0000286,EMP-000801,2024-07-17,Meals,Vendor-90,EUR,9694.81,10567.34,1.09,PROJ-005,CC-0008,REJECTED,MGR-001,Y,Conference attendance,Y
EXP-0000287,EMP-001377,2024-10-09,Software License,Vendor-3,CAD,6656.29,4925.65,0.74,PROJ-041,CC-0004,REJECTED,MGR-003,Y,,N
EXP-0000288,EMP-000612,2024-05-07,Marketing Materials,Vendor-191,CAD,9909.72,7333.19,0.74,PROJ-040,CC-0015,PENDING,MGR-001,Y,Monthly subscription,Y
EXP-0000289,EMP-000524,2024-04-25,Training,Vendor-110,JPY,12571.28,84.23,0.0067,PROJ-038,CC-0006,CANCELLED,MGR-002,N,,Y
EXP-0000290,EMP-001236,2025-01-06,Meals,Vendor-171,GBP,14964.1,19004.41,1.27,PROJ-032,CC-0014,CANCELLED,MGR-001,Y,Monthly subscription,N
EXP-0000291,EMP-000674,2025-03-05,Client Entertainment,Vendor-92,AUD,9607.58,6244.93,0.65,PROJ-006,CC-0001,APPROVED,MGR-003,Y,Client visit,N
EXP-0000292,EMP-001364,2024-09-29,Travel-Hotel,Vendor-200,CAD,8870.36,6564.07,0.74,PROJ-046,CC-0016,CANCELLED,MGR-003,Y,Conference attendance,Y
EXP-0000293,EMP-000241,2024-09-01,Software License,Vendor-149,GBP,8638.63,10971.06,1.27,PROJ-044,CC-0020,CANCELLED,MGR-002,Y,Monthly subscription,N
EXP-0000294,EMP-001071,2024-02-08,Office Supplies,Vendor-161,SGD,8604.44,6367.29,0.74,PROJ-048,CC-0014,APPROVED,MGR-001,N,Conference attendance,N
EXP-0000295,EMP-000845,2024-01-30,Training,Vendor-65,GBP,4391.23,5576.86,1.27,PROJ-023,CC-0012,REJECTED,MGR-001,Y,Team lunch,Y
EXP-0000296,EMP-001301,2024-09-26,Travel-Ground,Vendor-54,INR,6878.49,82.54,0.012,PROJ-036,CC-0018,REJECTED,MGR-003,Y,Monthly subscription,Y
EXP-0000297,EMP-000684,2024-12-26,Telecoms,Vendor-138,SGD,12851.13,9509.84,0.74,PROJ-048,CC-0008,REJECTED,MGR-002,Y,,Y
EXP-0000298,EMP-001019,2024-07-09,Office Supplies,Vendor-52,JPY,4700.74,31.49,0.0067,PROJ-017,CC-0016,REJECTED,MGR-002,Y,Monthly subscription,Y
EXP-0000299,EMP-000229,2024-07-13,Telecoms,Vendor-80,EUR,4848.17,5284.51,1.09,PROJ-033,CC-0018,REJECTED,MGR-003,N,Team lunch,Y
EXP-0000300,EMP-001458,2025-02-18,Client Entertainment,Vendor-38,CAD,1409.52,1043.04,0.74,PROJ-046,CC-0011,REJECTED,MGR-002,N,Team lunch,Y
EXP-0000301,EMP-001989,2024-03-25,Software License,Vendor-58,AUD,9205.17,5983.36,0.65,PROJ-029,CC-0002,PENDING,MGR-003,N,,N
EXP-0000302,EMP-001707,2024-08-12,Meals,Vendor-58,USD,7422.45,7422.45,1.0,PROJ-029,CC-0007,PENDING,MGR-001,Y,Client visit,Y
EXP-0000303,EMP-000849,2024-07-15,Office Supplies,Vendor-48,SGD,12570.58,9302.23,0.74,PROJ-034,CC-0019,CANCELLED,MGR-003,Y,,N
EXP-0000304,EMP-000540,2025-03-17,Software License,Vendor-94,INR,12053.36,144.64,0.012,PROJ-016,CC-0011,REJECTED,MGR-001,N,Monthly subscription,Y
EXP-0000305,EMP-001879,2025-06-03,Training,Vendor-138,EUR,1458.35,1589.6,1.09,PROJ-021,CC-0004,PENDING,MGR-003,Y,,Y
EXP-0000306,EMP-001714,2024-02-24,Training,Vendor-159,SGD,4044.31,2992.79,0.74,PROJ-029,CC-0016,CANCELLED,MGR-001,N,Conference attendance,N
EXP-0000307,EMP-000977,2024-05-31,Travel-Hotel,Vendor-175,USD,13438.67,13438.67,1.0,PROJ-023,CC-0003,REJECTED,MGR-003,Y,,Y
EXP-0000308,EMP-001566,2024-05-16,Office Supplies,Vendor-56,SGD,6468.14,4786.42,0.74,PROJ-043,CC-0015,REJECTED,MGR-003,Y,Monthly subscription,Y
EXP-0000309,EMP-001106,2024-11-18,Travel-Air,Vendor-157,JPY,2172.05,14.55,0.0067,PROJ-004,CC-0012,APPROVED,MGR-001,Y,,N
EXP-0000310,EMP-000510,2024-07-02,Travel-Ground,Vendor-8,EUR,10991.02,11980.21,1.09,PROJ-042,CC-0016,APPROVED,MGR-002,Y,Conference attendance,N
EXP-0000311,EMP-000781,2025-04-30,Travel-Ground,Vendor-88,JPY,12075.66,80.91,0.0067,PROJ-012,CC-0004,REJECTED,MGR-002,N,,N
EXP-0000312,EMP-000378,2024-09-23,Office Supplies,Vendor-52,AUD,7500.23,4875.15,0.65,PROJ-015,CC-0012,APPROVED,MGR-002,Y,Conference attendance,N
EXP-0000313,EMP-000125,2024-03-01,Software License,Vendor-25,USD,13190.73,13190.73,1.0,PROJ-011,CC-0001,APPROVED,MGR-001,Y,Team lunch,N
EXP-0000314,EMP-001164,2025-01-18,Travel-Hotel,Vendor-45,USD,12002.57,12002.57,1.0,PROJ-013,CC-0020,CANCELLED,MGR-001,N,Monthly subscription,Y
EXP-0000315,EMP-001176,2024-06-30,Training,Vendor-181,EUR,8999.78,9809.76,1.09,PROJ-050,CC-0006,PENDING,MGR-002,Y,,Y
EXP-0000316,EMP-000639,2024-10-25,Travel-Hotel,Vendor-90,GBP,12110.0,15379.7,1.27,PROJ-044,CC-0006,PENDING,MGR-001,Y,Client visit,Y
EXP-0000317,EMP-001902,2025-02-02,Training,Vendor-30,INR,14067.9,168.81,0.012,PROJ-043,CC-0018,APPROVED,MGR-002,N,Monthly subscription,Y
EXP-0000318,EMP-001006,2024-07-11,Office Supplies,Vendor-11,CAD,14406.2,10660.59,0.74,PROJ-023,CC-0002,CANCELLED,MGR-003,Y,,Y
EXP-0000319,EMP-001154,2025-06-18,Office Supplies,Vendor-194,INR,13678.89,164.15,0.012,PROJ-035,CC-0007,REJECTED,MGR-002,N,Team lunch,Y
EXP-0000320,EMP-000874,2025-02-17,Office Supplies,Vendor-97,AUD,14164.27,9206.78,0.65,PROJ-006,CC-0016,APPROVED,MGR-002,Y,Monthly subscription,N
EXP-0000321,EMP-001611,2024-10-21,Travel-Air,Vendor-136,JPY,4595.4,30.79,0.0067,PROJ-003,CC-0007,APPROVED,MGR-002,N,,N
EXP-0000322,EMP-000097,2024-11-06,Office Supplies,Vendor-49,USD,8019.04,8019.04,1.0,PROJ-023,CC-0018,APPROVED,MGR-003,Y,,Y
EXP-0000323,EMP-000092,2024-08-07,Travel-Hotel,Vendor-118,INR,10220.19,122.64,0.012,PROJ-012,CC-0008,REJECTED,MGR-001,N,Team lunch,Y
EXP-0000324,EMP-000782,2024-07-29,Travel-Hotel,Vendor-75,USD,688.06,688.06,1.0,PROJ-001,CC-0008,REJECTED,MGR-001,Y,Client visit,N
EXP-0000325,EMP-000291,2024-09-09,Telecoms,Vendor-172,JPY,680.9,4.56,0.0067,PROJ-017,CC-0014,REJECTED,MGR-001,Y,Team lunch,Y
EXP-0000326,EMP-000773,2024-10-11,Meals,Vendor-200,JPY,12355.09,82.78,0.0067,PROJ-032,CC-0009,APPROVED,MGR-003,Y,Conference attendance,N
EXP-0000327,EMP-000457,2024-03-13,Travel-Hotel,Vendor-30,EUR,9947.82,10843.12,1.09,PROJ-011,CC-0016,APPROVED,MGR-001,Y,Client visit,N
EXP-0000328,EMP-000587,2024-10-18,Telecoms,Vendor-67,JPY,4279.25,28.67,0.0067,PROJ-007,CC-0004,CANCELLED,MGR-001,Y,,N
EXP-0000329,EMP-000074,2025-04-25,Training,Vendor-28,CAD,1915.45,1417.43,0.74,PROJ-008,CC-0008,APPROVED,MGR-002,N,Conference attendance,Y
EXP-0000330,EMP-000760,2025-03-24,Travel-Ground,Vendor-114,CAD,6544.87,4843.2,0.74,PROJ-039,CC-0002,PENDING,MGR-001,Y,Conference attendance,Y
EXP-0000331,EMP-001947,2024-09-13,Travel-Ground,Vendor-90,EUR,5126.8,5588.21,1.09,PROJ-030,CC-0007,APPROVED,MGR-002,Y,Client visit,N
EXP-0000332,EMP-001285,2024-07-18,Software License,Vendor-169,GBP,3386.28,4300.58,1.27,PROJ-047,CC-0015,APPROVED,MGR-002,Y,Client visit,N
EXP-0000333,EMP-001975,2024-11-21,Travel-Air,Vendor-29,EUR,2159.02,2353.33,1.09,PROJ-044,CC-0003,CANCELLED,MGR-003,Y,,Y
EXP-0000334,EMP-000294,2024-04-16,Meals,Vendor-2,INR,5561.88,66.74,0.012,PROJ-025,CC-0001,APPROVED,MGR-002,Y,Client visit,Y
EXP-0000335,EMP-001688,2025-05-02,Telecoms,Vendor-166,GBP,306.7,389.51,1.27,PROJ-025,CC-0010,CANCELLED,MGR-002,N,,N
EXP-0000336,EMP-001304,2025-04-10,Training,Vendor-40,AUD,5183.74,3369.43,0.65,PROJ-030,CC-0018,REJECTED,MGR-001,N,Monthly subscription,Y
EXP-0000337,EMP-001807,2024-06-13,Software License,Vendor-190,JPY,14987.12,100.41,0.0067,PROJ-002,CC-0014,REJECTED,MGR-001,Y,Team lunch,N
EXP-0000338,EMP-000257,2024-12-27,Meals,Vendor-104,CAD,14812.47,10961.23,0.74,PROJ-027,CC-0014,CANCELLED,MGR-003,Y,Team lunch,N
EXP-0000339,EMP-000668,2025-02-12,Travel-Ground,Vendor-186,SGD,5459.77,4040.23,0.74,PROJ-034,CC-0007,PENDING,MGR-001,N,,Y
EXP-0000340,EMP-001123,2025-02-22,Software License,Vendor-165,INR,13506.31,162.08,0.012,PROJ-020,CC-0007,CANCELLED,MGR-001,Y,Conference attendance,N
EXP-0000341,EMP-001958,2025-02-26,Travel-Air,Vendor-52,AUD,13571.09,8821.21,0.65,PROJ-014,CC-0011,PENDING,MGR-003,Y,,N
EXP-0000342,EMP-000049,2024-07-30,Office Supplies,Vendor-146,EUR,14148.56,15421.93,1.09,PROJ-043,CC-0006,REJECTED,MGR-003,N,,N
EXP-0000343,EMP-000649,2025-04-24,Meals,Vendor-190,CAD,2268.74,1678.87,0.74,PROJ-009,CC-0016,REJECTED,MGR-003,Y,,Y
EXP-0000344,EMP-000018,2024-02-24,Software License,Vendor-24,GBP,1295.39,1645.15,1.27,PROJ-021,CC-0012,PENDING,MGR-003,N,Client visit,N
EXP-0000345,EMP-001863,2024-11-19,Telecoms,Vendor-115,GBP,5450.47,6922.1,1.27,PROJ-031,CC-0011,PENDING,MGR-002,Y,Conference attendance,Y
EXP-0000346,EMP-000243,2025-02-23,Travel-Ground,Vendor-144,EUR,2457.22,2678.37,1.09,PROJ-036,CC-0016,REJECTED,MGR-003,N,Conference attendance,Y
EXP-0000347,EMP-000081,2024-05-18,Office Supplies,Vendor-122,SGD,1465.06,1084.14,0.74,PROJ-025,CC-0016,PENDING,MGR-001,Y,Team lunch,Y
EXP-0000348,EMP-001988,2025-05-18,Telecoms,Vendor-89,SGD,13410.88,9924.05,0.74,PROJ-022,CC-0003,REJECTED,MGR-001,N,Client visit,N
EXP-0000349,EMP-000228,2024-07-20,Software License,Vendor-75,JPY,13752.29,92.14,0.0067,PROJ-046,CC-0003,REJECTED,MGR-003,Y,Conference attendance,N
EXP-0000350,EMP-000518,2024-07-15,Marketing Materials,Vendor-72,EUR,5484.59,5978.2,1.09,PROJ-034,CC-0001,CANCELLED,MGR-002,N,Conference attendance,Y
EXP-0000351,EMP-000887,2024-12-11,Travel-Air,Vendor-70,AUD,3954.07,2570.15,0.65,PROJ-048,CC-0015,APPROVED,MGR-002,Y,Client visit,Y
EXP-0000352,EMP-000409,2025-04-26,Office Supplies,Vendor-100,USD,4547.63,4547.63,1.0,PROJ-003,CC-0009,CANCELLED,MGR-002,Y,,N
EXP-0000353,EMP-000272,2024-12-20,Client Entertainment,Vendor-142,JPY,10612.13,71.1,0.0067,PROJ-013,CC-0016,REJECTED,MGR-002,Y,Team lunch,Y
EXP-0000354,EMP-001835,2024-04-26,Travel-Air,Vendor-33,INR,12923.57,155.08,0.012,PROJ-049,CC-0004,PENDING,MGR-001,N,Monthly subscription,Y
EXP-0000355,EMP-000486,2024-03-30,Travel-Hotel,Vendor-3,EUR,8582.91,9355.37,1.09,PROJ-047,CC-0001,REJECTED,MGR-003,Y,Client visit,N
EXP-0000356,EMP-000217,2024-05-04,Travel-Air,Vendor-181,INR,11794.11,141.53,0.012,PROJ-009,CC-0007,APPROVED,MGR-001,Y,,Y
EXP-0000357,EMP-001405,2024-08-26,Meals,Vendor-13,USD,6500.21,6500.21,1.0,PROJ-046,CC-0003,CANCELLED,MGR-002,N,Team lunch,Y
EXP-0000358,EMP-000382,2025-04-25,Client Entertainment,Vendor-188,SGD,9085.81,6723.5,0.74,PROJ-044,CC-0019,APPROVED,MGR-002,N,,Y
EXP-0000359,EMP-000405,2024-09-26,Travel-Ground,Vendor-139,GBP,2646.01,3360.43,1.27,PROJ-037,CC-0007,APPROVED,MGR-003,Y,Client visit,Y
EXP-0000360,EMP-000467,2024-06-15,Office Supplies,Vendor-163,INR,11346.73,136.16,0.012,PROJ-038,CC-0010,CANCELLED,MGR-003,Y,Client visit,N
EXP-0000361,EMP-001507,2024-09-03,Marketing Materials,Vendor-2,AUD,12368.78,8039.71,0.65,PROJ-042,CC-0009,REJECTED,MGR-001,Y,Conference attendance,Y
EXP-0000362,EMP-001502,2024-03-02,Telecoms,Vendor-194,SGD,5169.91,3825.73,0.74,PROJ-028,CC-0003,CANCELLED,MGR-001,Y,Monthly subscription,N
EXP-0000363,EMP-001490,2024-11-22,Training,Vendor-92,GBP,8542.32,10848.75,1.27,PROJ-048,CC-0016,REJECTED,MGR-002,Y,Team lunch,N
EXP-0000364,EMP-000350,2024-02-13,Software License,Vendor-105,CAD,3429.39,2537.75,0.74,PROJ-030,CC-0015,REJECTED,MGR-002,Y,Team lunch,N
EXP-0000365,EMP-001538,2025-01-29,Office Supplies,Vendor-7,EUR,2139.82,2332.4,1.09,PROJ-009,CC-0011,CANCELLED,MGR-003,N,Team lunch,N
EXP-0000366,EMP-001675,2024-06-25,Travel-Ground,Vendor-152,USD,6521.38,6521.38,1.0,PROJ-012,CC-0007,APPROVED,MGR-001,Y,Team lunch,Y
EXP-0000367,EMP-000045,2025-05-24,Office Supplies,Vendor-41,AUD,5066.36,3293.13,0.65,PROJ-020,CC-0018,REJECTED,MGR-001,N,Team lunch,N
EXP-0000368,EMP-001745,2024-06-12,Training,Vendor-171,JPY,6532.26,43.77,0.0067,PROJ-004,CC-0012,APPROVED,MGR-001,Y,,N
EXP-0000369,EMP-001063,2025-05-21,Meals,Vendor-107,AUD,2130.75,1384.99,0.65,PROJ-032,CC-0001,REJECTED,MGR-003,N,Monthly subscription,N
EXP-0000370,EMP-001227,2024-05-12,Marketing Materials,Vendor-73,JPY,9178.29,61.49,0.0067,PROJ-022,CC-0012,PENDING,MGR-002,Y,Conference attendance,Y
EXP-0000371,EMP-000505,2024-08-02,Software License,Vendor-177,SGD,5556.43,4111.76,0.74,PROJ-015,CC-0011,CANCELLED,MGR-002,Y,,N
EXP-0000372,EMP-001978,2024-11-25,Telecoms,Vendor-59,CAD,13528.82,10011.33,0.74,PROJ-046,CC-0019,PENDING,MGR-001,Y,,N
EXP-0000373,EMP-001804,2024-04-07,Office Supplies,Vendor-193,USD,4708.77,4708.77,1.0,PROJ-010,CC-0020,REJECTED,MGR-001,Y,Team lunch,N
EXP-0000374,EMP-001593,2024-07-16,Client Entertainment,Vendor-183,GBP,6747.78,8569.68,1.27,PROJ-010,CC-0012,APPROVED,MGR-002,N,Client visit,Y
EXP-0000375,EMP-001272,2025-05-09,Marketing Materials,Vendor-38,INR,5348.97,64.19,0.012,PROJ-018,CC-0011,CANCELLED,MGR-002,N,,Y
EXP-0000376,EMP-000125,2024-07-18,Marketing Materials,Vendor-130,GBP,4441.34,5640.5,1.27,PROJ-019,CC-0008,CANCELLED,MGR-002,Y,Monthly subscription,N
EXP-0000377,EMP-000052,2024-01-30,Office Supplies,Vendor-21,CAD,2169.45,1605.39,0.74,PROJ-024,CC-0015,PENDING,MGR-002,Y,,Y
EXP-0000378,EMP-000221,2024-10-07,Training,Vendor-71,SGD,11379.34,8420.71,0.74,PROJ-013,CC-0020,CANCELLED,MGR-002,N,,Y
EXP-0000379,EMP-000254,2024-02-23,Software License,Vendor-142,INR,14342.02,172.1,0.012,PROJ-031,CC-0012,PENDING,MGR-002,Y,,Y
EXP-0000380,EMP-000811,2024-07-01,Software License,Vendor-157,JPY,9698.46,64.98,0.0067,PROJ-049,CC-0002,REJECTED,MGR-002,Y,,Y
EXP-0000381,EMP-001899,2024-03-10,Travel-Ground,Vendor-39,EUR,7455.18,8126.15,1.09,PROJ-007,CC-0017,PENDING,MGR-003,N,Conference attendance,N
EXP-0000382,EMP-000846,2024-12-17,Travel-Hotel,Vendor-127,INR,5078.99,60.95,0.012,PROJ-026,CC-0018,APPROVED,MGR-003,Y,,N
EXP-0000383,EMP-000184,2024-07-31,Training,Vendor-41,EUR,8225.98,8966.32,1.09,PROJ-008,CC-0009,PENDING,MGR-001,Y,,Y
EXP-0000384,EMP-001429,2024-08-18,Training,Vendor-11,USD,9647.11,9647.11,1.0,PROJ-003,CC-0008,PENDING,MGR-001,N,,N
EXP-0000385,EMP-001300,2025-02-09,Travel-Air,Vendor-131,INR,5819.0,69.83,0.012,PROJ-049,CC-0010,CANCELLED,MGR-001,Y,,Y
EXP-0000386,EMP-000074,2024-08-01,Meals,Vendor-150,USD,3009.86,3009.86,1.0,PROJ-032,CC-0001,REJECTED,MGR-003,Y,,N
EXP-0000387,EMP-000312,2024-01-08,Telecoms,Vendor-73,EUR,5963.75,6500.49,1.09,PROJ-018,CC-0018,REJECTED,MGR-003,Y,Client visit,Y
EXP-0000388,EMP-000670,2024-09-23,Office Supplies,Vendor-31,AUD,5023.94,3265.56,0.65,PROJ-042,CC-0010,CANCELLED,MGR-001,Y,,N
EXP-0000389,EMP-000086,2025-01-31,Travel-Hotel,Vendor-191,CAD,2780.63,2057.67,0.74,PROJ-014,CC-0007,REJECTED,MGR-003,N,,N
EXP-0000390,EMP-001327,2024-08-23,Telecoms,Vendor-65,INR,6962.06,83.54,0.012,PROJ-014,CC-0017,APPROVED,MGR-002,Y,Client visit,Y
EXP-0000391,EMP-001940,2025-02-01,Software License,Vendor-118,INR,3103.23,37.24,0.012,PROJ-026,CC-0020,PENDING,MGR-002,Y,,N
EXP-0000392,EMP-000220,2024-01-01,Travel-Air,Vendor-159,CAD,1174.34,869.01,0.74,PROJ-004,CC-0001,REJECTED,MGR-001,Y,Team lunch,N
EXP-0000393,EMP-000754,2024-08-08,Meals,Vendor-109,EUR,1467.52,1599.6,1.09,PROJ-048,CC-0012,APPROVED,MGR-002,Y,,Y
EXP-0000394,EMP-001841,2024-05-02,Client Entertainment,Vendor-37,AUD,11558.95,7513.32,0.65,PROJ-017,CC-0015,PENDING,MGR-001,Y,Team lunch,Y
EXP-0000395,EMP-001485,2024-08-28,Training,Vendor-149,USD,1697.68,1697.68,1.0,PROJ-045,CC-0018,REJECTED,MGR-002,Y,,N
EXP-0000396,EMP-000314,2024-08-08,Travel-Hotel,Vendor-102,GBP,10974.2,13937.23,1.27,PROJ-044,CC-0013,APPROVED,MGR-001,Y,Team lunch,N
EXP-0000397,EMP-000028,2024-02-15,Travel-Hotel,Vendor-198,JPY,2633.59,17.65,0.0067,PROJ-018,CC-0010,CANCELLED,MGR-001,Y,Conference attendance,N
EXP-0000398,EMP-000918,2024-01-02,Travel-Air,Vendor-145,CAD,3529.93,2612.15,0.74,PROJ-028,CC-0018,CANCELLED,MGR-001,Y,Monthly subscription,N
EXP-0000399,EMP-000935,2025-04-28,Marketing Materials,Vendor-42,GBP,8974.76,11397.95,1.27,PROJ-024,CC-0012,PENDING,MGR-002,Y,Team lunch,Y
EXP-0000400,EMP-000712,2024-10-26,Travel-Ground,Vendor-173,JPY,5587.93,37.44,0.0067,PROJ-049,CC-0016,CANCELLED,MGR-002,Y,Conference attendance,N
EXP-0000401,EMP-000735,2025-04-22,Training,Vendor-193,EUR,4998.73,5448.62,1.09,PROJ-035,CC-0006,APPROVED,MGR-002,N,,N
EXP-0000402,EMP-001175,2024-05-22,Meals,Vendor-178,EUR,12767.96,13917.08,1.09,PROJ-026,CC-0003,CANCELLED,MGR-001,Y,,Y
EXP-0000403,EMP-001128,2024-06-17,Meals,Vendor-176,USD,3828.21,3828.21,1.0,PROJ-046,CC-0011,CANCELLED,MGR-001,Y,,N
EXP-0000404,EMP-001679,2025-02-06,Meals,Vendor-148,JPY,7851.58,52.61,0.0067,PROJ-023,CC-0014,APPROVED,MGR-001,Y,Client visit,Y
EXP-0000405,EMP-001986,2025-05-31,Travel-Hotel,Vendor-127,USD,13398.82,13398.82,1.0,PROJ-010,CC-0003,REJECTED,MGR-001,Y,Monthly subscription,Y
EXP-0000406,EMP-000392,2024-01-25,Travel-Air,Vendor-8,GBP,14273.74,18127.65,1.27,PROJ-019,CC-0004,PENDING,MGR-001,Y,Conference attendance,N
EXP-0000407,EMP-000865,2025-01-01,Office Supplies,Vendor-3,SGD,14265.68,10556.6,0.74,PROJ-045,CC-0020,REJECTED,MGR-002,Y,Monthly subscription,Y
EXP-0000408,EMP-001208,2025-05-04,Telecoms,Vendor-152,AUD,6433.57,4181.82,0.65,PROJ-003,CC-0016,APPROVED,MGR-002,Y,Monthly subscription,Y
EXP-0000409,EMP-001764,2025-01-27,Marketing Materials,Vendor-198,AUD,10512.47,6833.11,0.65,PROJ-007,CC-0014,REJECTED,MGR-003,Y,Conference attendance,N
EXP-0000410,EMP-001555,2024-03-29,Training,Vendor-65,USD,14441.9,14441.9,1.0,PROJ-035,CC-0003,APPROVED,MGR-001,Y,Team lunch,N
EXP-0000411,EMP-000962,2024-02-05,Software License,Vendor-80,INR,3628.27,43.54,0.012,PROJ-036,CC-0015,PENDING,MGR-003,Y,Conference attendance,Y
EXP-0000412,EMP-001383,2024-01-29,Marketing Materials,Vendor-114,EUR,8905.5,9707.0,1.09,PROJ-005,CC-0017,PENDING,MGR-002,Y,,N
EXP-0000413,EMP-000241,2025-06-13,Training,Vendor-45,USD,3805.53,3805.53,1.0,PROJ-029,CC-0010,PENDING,MGR-001,Y,,N
EXP-0000414,EMP-000318,2024-03-19,Meals,Vendor-124,JPY,1654.02,11.08,0.0067,PROJ-032,CC-0008,APPROVED,MGR-002,N,Team lunch,Y
EXP-0000415,EMP-000697,2025-05-20,Meals,Vendor-183,AUD,2748.34,1786.42,0.65,PROJ-029,CC-0004,APPROVED,MGR-001,N,Client visit,Y
EXP-0000416,EMP-001627,2025-03-16,Travel-Air,Vendor-182,SGD,7447.22,5510.94,0.74,PROJ-034,CC-0012,APPROVED,MGR-002,Y,Conference attendance,N
EXP-0000417,EMP-000865,2024-03-09,Travel-Hotel,Vendor-23,JPY,8363.65,56.04,0.0067,PROJ-017,CC-0012,CANCELLED,MGR-002,N,Client visit,Y
EXP-0000418,EMP-001169,2024-07-10,Meals,Vendor-115,USD,2438.31,2438.31,1.0,PROJ-043,CC-0018,REJECTED,MGR-003,Y,Team lunch,Y
EXP-0000419,EMP-000238,2024-02-10,Meals,Vendor-52,EUR,8735.99,9522.23,1.09,PROJ-010,CC-0010,PENDING,MGR-003,Y,Conference attendance,N
EXP-0000420,EMP-000025,2024-04-25,Marketing Materials,Vendor-171,USD,7657.84,7657.84,1.0,PROJ-018,CC-0019,APPROVED,MGR-002,N,Monthly subscription,Y
EXP-0000421,EMP-000387,2025-05-01,Training,Vendor-123,SGD,12020.37,8895.07,0.74,PROJ-014,CC-0004,PENDING,MGR-002,Y,Client visit,Y
EXP-0000422,EMP-000140,2025-05-04,Marketing Materials,Vendor-19,EUR,12919.17,14081.9,1.09,PROJ-037,CC-0006,PENDING,MGR-003,Y,,N
EXP-0000423,EMP-000833,2024-03-02,Office Supplies,Vendor-11,CAD,12421.35,9191.8,0.74,PROJ-021,CC-0013,APPROVED,MGR-001,Y,Team lunch,N
EXP-0000424,EMP-000261,2025-05-05,Telecoms,Vendor-131,CAD,11231.64,8311.41,0.74,PROJ-027,CC-0006,PENDING,MGR-003,Y,Team lunch,Y
EXP-0000425,EMP-000855,2024-03-08,Marketing Materials,Vendor-22,JPY,9001.33,60.31,0.0067,PROJ-046,CC-0005,APPROVED,MGR-002,Y,Team lunch,N
EXP-0000426,EMP-001879,2024-12-15,Client Entertainment,Vendor-138,SGD,9756.0,7219.44,0.74,PROJ-039,CC-0011,REJECTED,MGR-002,Y,Team lunch,Y
EXP-0000427,EMP-001417,2025-05-16,Software License,Vendor-137,SGD,5062.76,3746.44,0.74,PROJ-034,CC-0020,APPROVED,MGR-002,Y,Monthly subscription,N
EXP-0000428,EMP-001856,2024-11-27,Meals,Vendor-145,CAD,4702.64,3479.95,0.74,PROJ-013,CC-0012,REJECTED,MGR-001,Y,,N
EXP-0000429,EMP-000869,2024-07-11,Telecoms,Vendor-36,AUD,3966.01,2577.91,0.65,PROJ-050,CC-0010,PENDING,MGR-003,Y,,N
EXP-0000430,EMP-001192,2025-06-16,Travel-Ground,Vendor-31,CAD,11972.48,8859.64,0.74,PROJ-047,CC-0010,PENDING,MGR-001,Y,Client visit,N
EXP-0000431,EMP-000992,2024-10-04,Telecoms,Vendor-118,INR,3692.05,44.3,0.012,PROJ-035,CC-0011,PENDING,MGR-002,Y,Monthly subscription,Y
EXP-0000432,EMP-000806,2024-01-04,Travel-Hotel,Vendor-49,JPY,12198.59,81.73,0.0067,PROJ-017,CC-0016,CANCELLED,MGR-003,Y,,N
EXP-0000433,EMP-000876,2025-05-16,Telecoms,Vendor-28,CAD,3992.86,2954.72,0.74,PROJ-031,CC-0014,CANCELLED,MGR-002,Y,Client visit,Y
EXP-0000434,EMP-001642,2024-02-25,Travel-Air,Vendor-18,GBP,5426.41,6891.54,1.27,PROJ-018,CC-0004,REJECTED,MGR-001,Y,,N
EXP-0000435,EMP-001353,2024-03-02,Travel-Air,Vendor-29,CAD,608.66,450.41,0.74,PROJ-022,CC-0020,REJECTED,MGR-002,Y,Client visit,Y
EXP-0000436,EMP-001169,2024-09-30,Marketing Materials,Vendor-91,CAD,9278.5,6866.09,0.74,PROJ-016,CC-0005,APPROVED,MGR-003,Y,Client visit,Y
EXP-0000437,EMP-001263,2024-01-18,Travel-Ground,Vendor-24,JPY,3055.09,20.47,0.0067,PROJ-037,CC-0020,REJECTED,MGR-002,Y,Conference attendance,Y
EXP-0000438,EMP-000942,2024-06-18,Travel-Ground,Vendor-57,JPY,3322.39,22.26,0.0067,PROJ-018,CC-0004,APPROVED,MGR-001,Y,Team lunch,N
EXP-0000439,EMP-000206,2024-03-24,Office Supplies,Vendor-183,SGD,3208.68,2374.42,0.74,PROJ-029,CC-0015,PENDING,MGR-003,Y,,N
EXP-0000440,EMP-000557,2024-07-29,Training,Vendor-112,USD,8123.56,8123.56,1.0,PROJ-034,CC-0011,REJECTED,MGR-001,Y,,N
EXP-0000441,EMP-000764,2024-05-27,Travel-Hotel,Vendor-154,SGD,9102.24,6735.66,0.74,PROJ-045,CC-0013,PENDING,MGR-002,N,Client visit,N
EXP-0000442,EMP-000510,2024-10-24,Meals,Vendor-98,INR,6082.48,72.99,0.012,PROJ-039,CC-0016,APPROVED,MGR-003,N,,Y
EXP-0000443,EMP-000045,2025-02-02,Telecoms,Vendor-89,SGD,10698.91,7917.19,0.74,PROJ-024,CC-0013,APPROVED,MGR-002,Y,,N
EXP-0000444,EMP-000523,2024-12-22,Meals,Vendor-69,JPY,1351.02,9.05,0.0067,PROJ-024,CC-0009,CANCELLED,MGR-001,N,Client visit,Y
EXP-0000445,EMP-000747,2024-02-19,Meals,Vendor-24,USD,14687.63,14687.63,1.0,PROJ-046,CC-0006,APPROVED,MGR-003,Y,Monthly subscription,Y
EXP-0000446,EMP-000601,2024-05-25,Office Supplies,Vendor-72,AUD,6801.98,4421.29,0.65,PROJ-012,CC-0008,CANCELLED,MGR-002,N,,Y
EXP-0000447,EMP-001272,2024-02-23,Telecoms,Vendor-168,CAD,13078.43,9678.04,0.74,PROJ-048,CC-0006,REJECTED,MGR-003,Y,Team lunch,Y
EXP-0000448,EMP-001969,2024-07-19,Telecoms,Vendor-183,CAD,267.56,197.99,0.74,PROJ-005,CC-0003,APPROVED,MGR-002,N,,Y
EXP-0000449,EMP-000756,2024-07-02,Travel-Ground,Vendor-137,SGD,8306.05,6146.48,0.74,PROJ-012,CC-0008,APPROVED,MGR-002,N,Monthly subscription,Y
EXP-0000450,EMP-000343,2024-02-19,Training,Vendor-40,USD,5913.15,5913.15,1.0,PROJ-009,CC-0008,REJECTED,MGR-003,Y,Team lunch,Y
EXP-0000451,EMP-000226,2024-09-11,Travel-Ground,Vendor-164,SGD,2635.42,1950.21,0.74,PROJ-039,CC-0002,APPROVED,MGR-002,N,Conference attendance,N
EXP-0000452,EMP-001004,2025-02-08,Marketing Materials,Vendor-139,SGD,7938.11,5874.2,0.74,PROJ-047,CC-0013,CANCELLED,MGR-003,Y,,N
EXP-0000453,EMP-000835,2024-06-19,Marketing Materials,Vendor-128,AUD,7856.82,5106.93,0.65,PROJ-009,CC-0002,PENDING,MGR-001,Y,Monthly subscription,Y
EXP-0000454,EMP-000614,2025-01-17,Travel-Air,Vendor-81,JPY,5744.76,38.49,0.0067,PROJ-032,CC-0007,APPROVED,MGR-001,Y,,Y
EXP-0000455,EMP-001619,2024-05-23,Client Entertainment,Vendor-102,SGD,12979.31,9604.69,0.74,PROJ-016,CC-0005,APPROVED,MGR-001,Y,Monthly subscription,N
EXP-0000456,EMP-000953,2025-01-15,Meals,Vendor-119,JPY,7000.57,46.9,0.0067,PROJ-009,CC-0014,APPROVED,MGR-001,N,,Y
EXP-0000457,EMP-000718,2025-04-21,Office Supplies,Vendor-168,AUD,5616.79,3650.91,0.65,PROJ-028,CC-0003,REJECTED,MGR-002,Y,Conference attendance,N
EXP-0000458,EMP-000397,2024-11-13,Marketing Materials,Vendor-43,GBP,5293.71,6723.01,1.27,PROJ-001,CC-0004,PENDING,MGR-003,Y,Conference attendance,Y
EXP-0000459,EMP-000761,2024-01-25,Training,Vendor-104,CAD,9463.81,7003.22,0.74,PROJ-022,CC-0020,CANCELLED,MGR-002,Y,Monthly subscription,N
EXP-0000460,EMP-001200,2024-05-06,Training,Vendor-195,USD,12020.35,12020.35,1.0,PROJ-032,CC-0014,APPROVED,MGR-003,Y,Client visit,N
EXP-0000461,EMP-000901,2024-09-30,Travel-Ground,Vendor-37,INR,9912.64,118.95,0.012,PROJ-049,CC-0007,APPROVED,MGR-003,Y,Monthly subscription,N
EXP-0000462,EMP-000621,2024-01-13,Travel-Ground,Vendor-50,CAD,637.96,472.09,0.74,PROJ-027,CC-0019,PENDING,MGR-002,N,Team lunch,N
EXP-0000463,EMP-000136,2024-06-16,Travel-Air,Vendor-68,CAD,18.5,13.69,0.74,PROJ-047,CC-0016,APPROVED,MGR-001,Y,Client visit,N
EXP-0000464,EMP-000942,2024-12-16,Telecoms,Vendor-187,GBP,1208.74,1535.1,1.27,PROJ-024,CC-0016,REJECTED,MGR-003,Y,,N
EXP-0000465,EMP-001711,2025-06-16,Client Entertainment,Vendor-153,EUR,10019.6,10921.36,1.09,PROJ-050,CC-0008,PENDING,MGR-001,Y,Team lunch,N
EXP-0000466,EMP-000616,2025-05-25,Office Supplies,Vendor-14,INR,14099.7,169.2,0.012,PROJ-038,CC-0010,REJECTED,MGR-001,N,,Y
EXP-0000467,EMP-000510,2025-04-20,Travel-Ground,Vendor-26,CAD,13212.38,9777.16,0.74,PROJ-045,CC-0018,REJECTED,MGR-002,Y,Team lunch,N
EXP-0000468,EMP-000333,2025-05-07,Travel-Hotel,Vendor-199,AUD,1226.13,796.98,0.65,PROJ-021,CC-0002,CANCELLED,MGR-002,Y,Client visit,N
EXP-0000469,EMP-000684,2025-01-14,Travel-Hotel,Vendor-79,SGD,14675.6,10859.94,0.74,PROJ-016,CC-0016,CANCELLED,MGR-002,N,Team lunch,N
EXP-0000470,EMP-001251,2024-06-17,Software License,Vendor-41,CAD,4304.15,3185.07,0.74,PROJ-039,CC-0011,CANCELLED,MGR-001,Y,Conference attendance,Y
EXP-0000471,EMP-000878,2025-05-19,Travel-Hotel,Vendor-179,USD,2259.19,2259.19,1.0,PROJ-042,CC-0005,APPROVED,MGR-001,Y,Client visit,Y
EXP-0000472,EMP-001728,2025-01-10,Software License,Vendor-171,EUR,4378.43,4772.49,1.09,PROJ-037,CC-0003,APPROVED,MGR-001,Y,Monthly subscription,Y
EXP-0000473,EMP-000169,2024-02-10,Telecoms,Vendor-1,USD,14944.77,14944.77,1.0,PROJ-013,CC-0006,CANCELLED,MGR-002,Y,Monthly subscription,N
EXP-0000474,EMP-000583,2024-05-21,Travel-Hotel,Vendor-119,GBP,12478.72,15847.97,1.27,PROJ-039,CC-0009,PENDING,MGR-003,Y,Team lunch,Y
EXP-0000475,EMP-001746,2024-12-12,Travel-Ground,Vendor-178,AUD,490.19,318.62,0.65,PROJ-031,CC-0015,REJECTED,MGR-003,Y,Monthly subscription,N
EXP-0000476,EMP-000482,2024-11-12,Software License,Vendor-54,JPY,12106.42,81.11,0.0067,PROJ-016,CC-0015,PENDING,MGR-003,N,Conference attendance,Y
EXP-0000477,EMP-000242,2024-05-31,Travel-Hotel,Vendor-115,USD,8819.37,8819.37,1.0,PROJ-009,CC-0005,APPROVED,MGR-002,Y,,N
EXP-0000478,EMP-000892,2025-02-23,Travel-Hotel,Vendor-165,CAD,10782.42,7978.99,0.74,PROJ-043,CC-0018,REJECTED,MGR-003,N,Team lunch,Y
EXP-0000479,EMP-000393,2024-12-19,Travel-Hotel,Vendor-13,INR,2356.4,28.28,0.012,PROJ-003,CC-0009,CANCELLED,MGR-001,Y,Team lunch,N
EXP-0000480,EMP-001671,2024-11-30,Office Supplies,Vendor-169,INR,6749.69,81.0,0.012,PROJ-021,CC-0019,PENDING,MGR-001,N,Monthly subscription,N
EXP-0000481,EMP-000686,2024-05-31,Travel-Air,Vendor-36,GBP,7308.54,9281.85,1.27,PROJ-016,CC-0017,CANCELLED,MGR-002,N,,Y
EXP-0000482,EMP-000019,2025-01-04,Software License,Vendor-158,JPY,586.35,3.93,0.0067,PROJ-024,CC-0011,APPROVED,MGR-001,Y,,Y
EXP-0000483,EMP-001394,2025-06-01,Client Entertainment,Vendor-136,CAD,2225.61,1646.95,0.74,PROJ-026,CC-0017,PENDING,MGR-002,Y,Team lunch,N
EXP-0000484,EMP-000682,2024-01-19,Office Supplies,Vendor-151,SGD,677.26,501.17,0.74,PROJ-041,CC-0003,CANCELLED,MGR-002,Y,,Y
EXP-0000485,EMP-000457,2025-04-05,Client Entertainment,Vendor-77,INR,12523.68,150.28,0.012,PROJ-042,CC-0002,PENDING,MGR-003,Y,Team lunch,N
EXP-0000486,EMP-000084,2024-08-15,Training,Vendor-62,USD,7965.83,7965.83,1.0,PROJ-026,CC-0001,CANCELLED,MGR-001,Y,Monthly subscription,N
EXP-0000487,EMP-001951,2024-11-09,Telecoms,Vendor-170,USD,7531.26,7531.26,1.0,PROJ-004,CC-0016,PENDING,MGR-003,Y,Conference attendance,Y
EXP-0000488,EMP-000673,2024-06-30,Marketing Materials,Vendor-168,JPY,8415.71,56.39,0.0067,PROJ-013,CC-0001,CANCELLED,MGR-001,Y,,Y
EXP-0000489,EMP-000266,2024-09-21,Travel-Ground,Vendor-169,SGD,320.16,236.92,0.74,PROJ-019,CC-0009,CANCELLED,MGR-001,Y,Client visit,Y
EXP-0000490,EMP-001909,2024-10-22,Client Entertainment,Vendor-139,INR,1473.09,17.68,0.012,PROJ-045,CC-0018,APPROVED,MGR-001,N,Conference attendance,Y
EXP-0000491,EMP-001578,2024-10-03,Travel-Ground,Vendor-30,CAD,999.07,739.31,0.74,PROJ-049,CC-0015,REJECTED,MGR-001,Y,,Y
EXP-0000492,EMP-000570,2024-03-26,Software License,Vendor-24,SGD,10023.3,7417.24,0.74,PROJ-023,CC-0006,CANCELLED,MGR-001,Y,,Y
EXP-0000493,EMP-000333,2024-05-29,Software License,Vendor-42,GBP,14881.92,18900.04,1.27,PROJ-034,CC-0018,PENDING,MGR-002,Y,Conference attendance,N
EXP-0000494,EMP-000886,2024-04-16,Marketing Materials,Vendor-199,JPY,11892.05,79.68,0.0067,PROJ-026,CC-0007,PENDING,MGR-001,Y,,Y
EXP-0000495,EMP-001913,2025-05-21,Marketing Materials,Vendor-198,CAD,12519.32,9264.3,0.74,PROJ-030,CC-0013,REJECTED,MGR-003,Y,Client visit,Y
EXP-0000496,EMP-000008,2024-12-29,Travel-Air,Vendor-171,USD,6799.11,6799.11,1.0,PROJ-024,CC-0011,CANCELLED,MGR-003,Y,Monthly subscription,N
EXP-0000497,EMP-000197,2025-06-17,Marketing Materials,Vendor-197,GBP,2019.85,2565.21,1.27,PROJ-008,CC-0019,PENDING,MGR-002,Y,,N
EXP-0000498,EMP-000067,2024-11-20,Meals,Vendor-80,GBP,9377.95,11910.0,1.27,PROJ-035,CC-0014,REJECTED,MGR-001,Y,Conference attendance,N
EXP-0000499,EMP-001671,2025-01-23,Travel-Ground,Vendor-72,EUR,10441.64,11381.39,1.09,PROJ-022,CC-0014,APPROVED,MGR-003,Y,Conference attendance,N
EXP-0000500,EMP-000834,2024-01-24,Travel-Air,Vendor-73,AUD,11082.04,7203.33,0.65,PROJ-021,CC-0006,APPROVED,MGR-001,Y,Monthly subscription,Y
EXP-0000501,EMP-001573,2024-12-07,Software License,Vendor-32,GBP,14619.84,18567.2,1.27,PROJ-012,CC-0019,PENDING,MGR-003,Y,Client visit,Y
EXP-0000502,EMP-001558,2024-03-22,Marketing Materials,Vendor-148,AUD,4679.21,3041.49,0.65,PROJ-045,CC-0018,REJECTED,MGR-003,Y,Conference attendance,N
EXP-0000503,EMP-001799,2025-03-06,Travel-Hotel,Vendor-169,USD,4685.26,4685.26,1.0,PROJ-022,CC-0009,APPROVED,MGR-001,Y,Conference attendance,Y
EXP-0000504,EMP-000088,2025-04-25,Software License,Vendor-104,GBP,13372.12,16982.59,1.27,PROJ-035,CC-0004,REJECTED,MGR-001,N,Conference attendance,N
EXP-0000505,EMP-001881,2024-04-16,Travel-Air,Vendor-121,EUR,2785.09,3035.75,1.09,PROJ-014,CC-0005,PENDING,MGR-003,N,Team lunch,Y
EXP-0000506,EMP-001495,2024-07-11,Training,Vendor-141,AUD,8654.59,5625.48,0.65,PROJ-016,CC-0002,CANCELLED,MGR-001,Y,Client visit,N
EXP-0000507,EMP-001995,2025-02-25,Telecoms,Vendor-74,INR,2051.8,24.62,0.012,PROJ-018,CC-0008,APPROVED,MGR-003,Y,Monthly subscription,N
EXP-0000508,EMP-000831,2024-07-14,Client Entertainment,Vendor-177,USD,14667.46,14667.46,1.0,PROJ-009,CC-0019,PENDING,MGR-003,Y,,Y
EXP-0000509,EMP-000473,2024-09-12,Travel-Air,Vendor-188,EUR,10668.91,11629.11,1.09,PROJ-005,CC-0013,PENDING,MGR-001,Y,Conference attendance,Y
EXP-0000510,EMP-001700,2024-01-15,Office Supplies,Vendor-28,CAD,10761.38,7963.42,0.74,PROJ-022,CC-0007,CANCELLED,MGR-001,N,,Y
EXP-0000511,EMP-000842,2025-01-22,Marketing Materials,Vendor-175,INR,4883.42,58.6,0.012,PROJ-018,CC-0015,PENDING,MGR-003,N,Client visit,N
EXP-0000512,EMP-001364,2024-09-05,Training,Vendor-126,INR,2828.13,33.94,0.012,PROJ-018,CC-0014,APPROVED,MGR-002,Y,Team lunch,N
EXP-0000513,EMP-001821,2024-03-02,Training,Vendor-135,EUR,930.45,1014.19,1.09,PROJ-019,CC-0007,CANCELLED,MGR-001,Y,Client visit,N
EXP-0000514,EMP-001576,2024-01-15,Training,Vendor-196,AUD,2664.13,1731.68,0.65,PROJ-034,CC-0003,CANCELLED,MGR-002,Y,,Y
EXP-0000515,EMP-001770,2024-10-09,Training,Vendor-100,SGD,3021.85,2236.17,0.74,PROJ-018,CC-0006,CANCELLED,MGR-001,Y,Client visit,Y
EXP-0000516,EMP-000788,2024-08-12,Marketing Materials,Vendor-131,CAD,9681.85,7164.57,0.74,PROJ-042,CC-0005,APPROVED,MGR-002,Y,,N
EXP-0000517,EMP-001349,2025-06-12,Client Entertainment,Vendor-192,GBP,4084.46,5187.26,1.27,PROJ-026,CC-0001,APPROVED,MGR-003,Y,Client visit,N
EXP-0000518,EMP-001552,2024-07-06,Training,Vendor-136,AUD,12147.56,7895.91,0.65,PROJ-001,CC-0005,APPROVED,MGR-002,Y,,N
EXP-0000519,EMP-000384,2024-04-21,Client Entertainment,Vendor-185,USD,7220.48,7220.48,1.0,PROJ-049,CC-0014,REJECTED,MGR-003,Y,,Y
EXP-0000520,EMP-001968,2024-12-31,Travel-Hotel,Vendor-98,JPY,10050.85,67.34,0.0067,PROJ-031,CC-0020,PENDING,MGR-001,Y,Conference attendance,N
EXP-0000521,EMP-000494,2024-12-07,Training,Vendor-59,INR,7076.04,84.91,0.012,PROJ-028,CC-0018,APPROVED,MGR-003,Y,Conference attendance,Y
EXP-0000522,EMP-000090,2024-07-28,Training,Vendor-106,CAD,6166.92,4563.52,0.74,PROJ-035,CC-0003,APPROVED,MGR-003,Y,,Y
EXP-0000523,EMP-000448,2025-01-14,Travel-Hotel,Vendor-10,CAD,11072.99,8194.01,0.74,PROJ-017,CC-0001,CANCELLED,MGR-001,Y,,N
EXP-0000524,EMP-001892,2024-08-30,Telecoms,Vendor-31,CAD,1411.31,1044.37,0.74,PROJ-006,CC-0009,PENDING,MGR-001,Y,,N
EXP-0000525,EMP-001426,2024-01-07,Training,Vendor-56,EUR,9862.88,10750.54,1.09,PROJ-027,CC-0011,APPROVED,MGR-001,N,,N
EXP-0000526,EMP-000715,2024-12-31,Training,Vendor-143,USD,6412.31,6412.31,1.0,PROJ-045,CC-0006,APPROVED,MGR-003,Y,,Y
EXP-0000527,EMP-001685,2024-06-09,Meals,Vendor-189,AUD,2896.24,1882.56,0.65,PROJ-003,CC-0006,PENDING,MGR-001,N,Client visit,N
EXP-0000528,EMP-000921,2024-08-19,Telecoms,Vendor-35,SGD,928.51,687.1,0.74,PROJ-003,CC-0004,PENDING,MGR-002,Y,,N
EXP-0000529,EMP-001708,2024-06-11,Training,Vendor-97,EUR,10321.88,11250.85,1.09,PROJ-001,CC-0006,REJECTED,MGR-001,N,,N
EXP-0000530,EMP-000323,2024-08-04,Travel-Hotel,Vendor-40,GBP,1281.56,1627.58,1.27,PROJ-027,CC-0004,CANCELLED,MGR-001,N,Monthly subscription,N
EXP-0000531,EMP-001218,2024-08-08,Training,Vendor-109,SGD,2369.38,1753.34,0.74,PROJ-012,CC-0020,CANCELLED,MGR-002,Y,Monthly subscription,Y
EXP-0000532,EMP-000606,2025-01-19,Marketing Materials,Vendor-120,USD,2952.08,2952.08,1.0,PROJ-006,CC-0019,APPROVED,MGR-003,N,Conference attendance,Y
EXP-0000533,EMP-000809,2024-05-18,Travel-Air,Vendor-133,GBP,8405.37,10674.82,1.27,PROJ-012,CC-0018,PENDING,MGR-001,N,Conference attendance,Y
EXP-0000534,EMP-000172,2024-12-13,Marketing Materials,Vendor-138,CAD,8089.65,5986.34,0.74,PROJ-006,CC-0009,REJECTED,MGR-002,N,Client visit,Y
EXP-0000535,EMP-001717,2024-07-29,Travel-Ground,Vendor-57,JPY,7362.72,49.33,0.0067,PROJ-045,CC-0003,PENDING,MGR-003,Y,Conference attendance,N
EXP-0000536,EMP-000660,2025-04-16,Travel-Ground,Vendor-175,GBP,11068.74,14057.3,1.27,PROJ-018,CC-0011,APPROVED,MGR-001,Y,Conference attendance,Y
EXP-0000537,EMP-000338,2024-03-24,Travel-Hotel,Vendor-177,USD,1263.67,1263.67,1.0,PROJ-013,CC-0016,APPROVED,MGR-002,Y,Conference attendance,Y
EXP-0000538,EMP-000641,2025-01-23,Travel-Hotel,Vendor-130,EUR,14826.16,16160.51,1.09,PROJ-042,CC-0010,REJECTED,MGR-002,N,Conference attendance,Y
EXP-0000539,EMP-001070,2024-03-19,Travel-Ground,Vendor-45,SGD,4314.89,3193.02,0.74,PROJ-049,CC-0010,APPROVED,MGR-002,Y,Team lunch,Y
EXP-0000540,EMP-000091,2024-02-20,Travel-Air,Vendor-170,JPY,7015.02,47.0,0.0067,PROJ-017,CC-0008,CANCELLED,MGR-002,Y,Conference attendance,N
EXP-0000541,EMP-000830,2025-01-21,Telecoms,Vendor-32,AUD,7955.23,5170.9,0.65,PROJ-016,CC-0014,PENDING,MGR-002,N,Monthly subscription,N
EXP-0000542,EMP-001683,2024-06-23,Telecoms,Vendor-97,USD,5499.5,5499.5,1.0,PROJ-047,CC-0002,APPROVED,MGR-003,Y,Conference attendance,N
EXP-0000543,EMP-001234,2025-04-16,Telecoms,Vendor-91,CAD,3613.44,2673.95,0.74,PROJ-002,CC-0020,PENDING,MGR-001,Y,Conference attendance,N
EXP-0000544,EMP-001773,2025-02-05,Client Entertainment,Vendor-136,USD,13922.8,13922.8,1.0,PROJ-008,CC-0018,APPROVED,MGR-002,Y,,Y
EXP-0000545,EMP-001907,2024-09-11,Marketing Materials,Vendor-50,SGD,7481.72,5536.47,0.74,PROJ-025,CC-0007,APPROVED,MGR-002,Y,Client visit,Y
EXP-0000546,EMP-000820,2024-10-29,Travel-Ground,Vendor-134,GBP,2131.1,2706.5,1.27,PROJ-037,CC-0010,CANCELLED,MGR-002,N,Conference attendance,Y
EXP-0000547,EMP-000268,2025-01-12,Marketing Materials,Vendor-111,JPY,11349.63,76.04,0.0067,PROJ-014,CC-0004,REJECTED,MGR-002,Y,Team lunch,Y
EXP-0000548,EMP-001294,2025-02-03,Travel-Ground,Vendor-91,JPY,4381.46,29.36,0.0067,PROJ-049,CC-0012,REJECTED,MGR-001,N,Team lunch,Y
EXP-0000549,EMP-001400,2024-07-10,Client Entertainment,Vendor-50,INR,5105.56,61.27,0.012,PROJ-047,CC-0001,APPROVED,MGR-002,Y,Monthly subscription,N
EXP-0000550,EMP-001051,2025-06-01,Travel-Air,Vendor-198,AUD,12947.63,8415.96,0.65,PROJ-015,CC-0004,REJECTED,MGR-001,N,Monthly subscription,N
EXP-0000551,EMP-001704,2024-03-04,Software License,Vendor-10,EUR,6990.58,7619.73,1.09,PROJ-019,CC-0002,REJECTED,MGR-001,N,Client visit,Y
EXP-0000552,EMP-001078,2024-09-20,Telecoms,Vendor-81,INR,2922.99,35.08,0.012,PROJ-046,CC-0004,CANCELLED,MGR-003,N,Client visit,Y
EXP-0000553,EMP-001229,2025-04-10,Marketing Materials,Vendor-120,GBP,1427.68,1813.15,1.27,PROJ-047,CC-0004,APPROVED,MGR-003,N,Client visit,Y
EXP-0000554,EMP-000276,2025-02-18,Software License,Vendor-58,CAD,7393.79,5471.4,0.74,PROJ-003,CC-0014,APPROVED,MGR-003,Y,Conference attendance,N
EXP-0000555,EMP-000196,2025-04-17,Marketing Materials,Vendor-105,INR,14871.42,178.46,0.012,PROJ-050,CC-0018,APPROVED,MGR-001,N,Client visit,Y
EXP-0000556,EMP-000686,2025-02-28,Travel-Hotel,Vendor-141,USD,8795.49,8795.49,1.0,PROJ-009,CC-0020,APPROVED,MGR-001,Y,Monthly subscription,N
EXP-0000557,EMP-000581,2024-05-02,Office Supplies,Vendor-1,SGD,3965.67,2934.6,0.74,PROJ-040,CC-0007,CANCELLED,MGR-002,Y,Client visit,Y
EXP-0000558,EMP-000146,2024-05-06,Marketing Materials,Vendor-164,GBP,4675.31,5937.64,1.27,PROJ-050,CC-0019,REJECTED,MGR-001,Y,Client visit,Y
EXP-0000559,EMP-000703,2024-01-28,Telecoms,Vendor-36,JPY,7953.03,53.29,0.0067,PROJ-049,CC-0014,PENDING,MGR-001,N,Client visit,Y
EXP-0000560,EMP-000564,2024-12-09,Software License,Vendor-108,GBP,3609.73,4584.36,1.27,PROJ-005,CC-0003,REJECTED,MGR-001,Y,Client visit,N
EXP-0000561,EMP-001292,2024-01-22,Software License,Vendor-61,USD,12445.45,12445.45,1.0,PROJ-032,CC-0013,CANCELLED,MGR-002,Y,,Y
EXP-0000562,EMP-000874,2024-01-19,Travel-Air,Vendor-50,GBP,11197.68,14221.05,1.27,PROJ-004,CC-0017,PENDING,MGR-002,Y,Team lunch,Y
EXP-0000563,EMP-001403,2025-04-11,Travel-Hotel,Vendor-83,USD,5800.4,5800.4,1.0,PROJ-048,CC-0007,APPROVED,MGR-001,N,Monthly subscription,N
EXP-0000564,EMP-000881,2025-06-05,Marketing Materials,Vendor-47,INR,790.26,9.48,0.012,PROJ-028,CC-0019,APPROVED,MGR-002,Y,Team lunch,Y
EXP-0000565,EMP-001703,2024-09-27,Client Entertainment,Vendor-192,CAD,14758.96,10921.63,0.74,PROJ-003,CC-0004,PENDING,MGR-002,Y,,N
EXP-0000566,EMP-000487,2025-05-03,Marketing Materials,Vendor-189,CAD,5145.71,3807.83,0.74,PROJ-034,CC-0005,CANCELLED,MGR-001,N,Client visit,N
EXP-0000567,EMP-001367,2025-01-14,Training,Vendor-177,GBP,810.47,1029.3,1.27,PROJ-045,CC-0001,APPROVED,MGR-003,Y,,Y
EXP-0000568,EMP-000373,2024-01-17,Training,Vendor-66,AUD,4293.61,2790.85,0.65,PROJ-038,CC-0006,CANCELLED,MGR-003,Y,,N
EXP-0000569,EMP-001315,2025-04-12,Travel-Hotel,Vendor-134,AUD,12455.93,8096.35,0.65,PROJ-019,CC-0005,REJECTED,MGR-003,Y,,Y
EXP-0000570,EMP-000211,2024-10-28,Travel-Air,Vendor-198,EUR,4962.0,5408.58,1.09,PROJ-033,CC-0010,PENDING,MGR-001,N,Conference attendance,Y
EXP-0000571,EMP-000290,2025-03-16,Office Supplies,Vendor-145,CAD,4423.53,3273.41,0.74,PROJ-036,CC-0002,CANCELLED,MGR-003,Y,,N
EXP-0000572,EMP-000242,2025-04-13,Office Supplies,Vendor-8,EUR,5975.93,6513.76,1.09,PROJ-042,CC-0015,PENDING,MGR-003,N,Monthly subscription,Y
EXP-0000573,EMP-001357,2025-01-05,Meals,Vendor-134,CAD,4893.41,3621.12,0.74,PROJ-009,CC-0018,APPROVED,MGR-002,Y,Monthly subscription,N
EXP-0000574,EMP-001848,2025-03-20,Software License,Vendor-8,GBP,14724.15,18699.67,1.27,PROJ-036,CC-0005,CANCELLED,MGR-003,Y,,Y
EXP-0000575,EMP-000192,2025-01-26,Telecoms,Vendor-97,JPY,9917.17,66.45,0.0067,PROJ-023,CC-0014,APPROVED,MGR-001,Y,,N
EXP-0000576,EMP-001702,2024-05-29,Meals,Vendor-136,JPY,1482.81,9.93,0.0067,PROJ-021,CC-0019,REJECTED,MGR-001,Y,Client visit,N
EXP-0000577,EMP-000493,2024-11-14,Marketing Materials,Vendor-70,JPY,8126.61,54.45,0.0067,PROJ-041,CC-0002,APPROVED,MGR-001,Y,Client visit,Y
EXP-0000578,EMP-001053,2025-03-20,Telecoms,Vendor-101,USD,10019.07,10019.07,1.0,PROJ-025,CC-0003,APPROVED,MGR-001,Y,,Y
EXP-0000579,EMP-000396,2024-12-08,Travel-Air,Vendor-13,GBP,1227.4,1558.8,1.27,PROJ-005,CC-0013,APPROVED,MGR-003,Y,Conference attendance,N
EXP-0000580,EMP-000659,2024-02-25,Training,Vendor-105,GBP,12868.97,16343.59,1.27,PROJ-050,CC-0006,PENDING,MGR-003,Y,,N
EXP-0000581,EMP-000755,2024-08-13,Client Entertainment,Vendor-70,EUR,763.98,832.74,1.09,PROJ-002,CC-0016,CANCELLED,MGR-002,Y,Team lunch,Y
EXP-0000582,EMP-000920,2024-05-23,Office Supplies,Vendor-196,USD,10717.59,10717.59,1.0,PROJ-027,CC-0005,PENDING,MGR-002,Y,,Y
EXP-0000583,EMP-001692,2025-04-30,Office Supplies,Vendor-13,SGD,10877.57,8049.4,0.74,PROJ-011,CC-0019,APPROVED,MGR-002,Y,Team lunch,N
EXP-0000584,EMP-000407,2024-07-26,Training,Vendor-60,GBP,14554.75,18484.53,1.27,PROJ-006,CC-0005,REJECTED,MGR-002,N,Client visit,N
EXP-0000585,EMP-001116,2024-03-22,Training,Vendor-3,JPY,1639.61,10.99,0.0067,PROJ-014,CC-0006,APPROVED,MGR-001,N,Conference attendance,N
EXP-0000586,EMP-000865,2024-08-31,Marketing Materials,Vendor-172,GBP,3290.88,4179.42,1.27,PROJ-021,CC-0005,CANCELLED,MGR-002,Y,Team lunch,Y
EXP-0000587,EMP-000153,2024-10-30,Client Entertainment,Vendor-68,CAD,3281.62,2428.4,0.74,PROJ-038,CC-0002,PENDING,MGR-003,Y,Conference attendance,Y
EXP-0000588,EMP-000089,2024-04-06,Office Supplies,Vendor-71,JPY,4417.31,29.6,0.0067,PROJ-019,CC-0002,PENDING,MGR-002,N,,N
EXP-0000589,EMP-001095,2024-04-20,Travel-Ground,Vendor-119,GBP,5981.41,7596.39,1.27,PROJ-048,CC-0016,PENDING,MGR-001,Y,Conference attendance,Y
EXP-0000590,EMP-001832,2024-07-05,Travel-Hotel,Vendor-161,GBP,13173.94,16730.9,1.27,PROJ-013,CC-0009,CANCELLED,MGR-001,Y,,N
EXP-0000591,EMP-000873,2024-08-25,Marketing Materials,Vendor-63,SGD,3515.63,2601.57,0.74,PROJ-008,CC-0017,PENDING,MGR-003,Y,Team lunch,Y
EXP-0000592,EMP-001537,2025-04-05,Travel-Air,Vendor-127,INR,3441.34,41.3,0.012,PROJ-045,CC-0019,CANCELLED,MGR-002,Y,Team lunch,N
EXP-0000593,EMP-001922,2025-05-23,Meals,Vendor-104,USD,6045.86,6045.86,1.0,PROJ-034,CC-0005,APPROVED,MGR-002,Y,Team lunch,Y
EXP-0000594,EMP-000351,2024-07-03,Meals,Vendor-162,GBP,9887.07,12556.58,1.27,PROJ-023,CC-0011,PENDING,MGR-001,Y,,N
EXP-0000595,EMP-001105,2025-04-03,Travel-Hotel,Vendor-176,USD,11661.53,11661.53,1.0,PROJ-017,CC-0013,PENDING,MGR-003,Y,,Y
EXP-0000596,EMP-000285,2024-12-01,Telecoms,Vendor-102,GBP,14725.71,18701.65,1.27,PROJ-030,CC-0020,APPROVED,MGR-003,Y,Client visit,N
EXP-0000597,EMP-001778,2024-01-17,Travel-Ground,Vendor-33,AUD,11752.41,7639.07,0.65,PROJ-003,CC-0011,APPROVED,MGR-003,N,,N
EXP-0000598,EMP-000598,2024-05-13,Client Entertainment,Vendor-156,AUD,7615.34,4949.97,0.65,PROJ-022,CC-0020,APPROVED,MGR-003,Y,Monthly subscription,N
EXP-0000599,EMP-001040,2025-04-13,Travel-Air,Vendor-178,SGD,9394.73,6952.1,0.74,PROJ-042,CC-0015,APPROVED,MGR-002,N,Client visit,N
EXP-0000600,EMP-000402,2024-07-10,Travel-Air,Vendor-158,SGD,5863.54,4339.02,0.74,PROJ-029,CC-0009,CANCELLED,MGR-001,Y,,N
EXP-0000601,EMP-001009,2025-01-28,Marketing Materials,Vendor-39,SGD,9160.37,6778.67,0.74,PROJ-040,CC-0019,CANCELLED,MGR-003,Y,,Y
EXP-0000602,EMP-001182,2024-07-19,Training,Vendor-192,EUR,4808.54,5241.31,1.09,PROJ-003,CC-0018,REJECTED,MGR-003,Y,Team lunch,Y
EXP-0000603,EMP-001425,2024-10-02,Travel-Air,Vendor-170,CAD,5536.53,4097.03,0.74,PROJ-024,CC-0013,CANCELLED,MGR-003,Y,,N
EXP-0000604,EMP-000256,2024-06-20,Client Entertainment,Vendor-139,USD,469.21,469.21,1.0,PROJ-012,CC-0011,REJECTED,MGR-002,Y,Client visit,N
EXP-0000605,EMP-000402,2024-05-23,Software License,Vendor-157,SGD,8907.99,6591.91,0.74,PROJ-019,CC-0006,PENDING,MGR-003,N,,N
EXP-0000606,EMP-000456,2024-07-18,Marketing Materials,Vendor-147,JPY,12456.32,83.46,0.0067,PROJ-007,CC-0011,CANCELLED,MGR-001,Y,Conference attendance,N
EXP-0000607,EMP-000692,2025-05-09,Travel-Ground,Vendor-88,EUR,8000.27,8720.29,1.09,PROJ-025,CC-0006,PENDING,MGR-002,N,,Y
EXP-0000608,EMP-001601,2025-01-13,Travel-Hotel,Vendor-58,INR,7950.82,95.41,0.012,PROJ-033,CC-0004,CANCELLED,MGR-002,Y,Conference attendance,N
EXP-0000609,EMP-001945,2024-11-28,Travel-Air,Vendor-157,AUD,14344.32,9323.81,0.65,PROJ-021,CC-0016,REJECTED,MGR-002,N,Conference attendance,Y
EXP-0000610,EMP-000246,2025-06-08,Telecoms,Vendor-20,AUD,9425.63,6126.66,0.65,PROJ-008,CC-0016,CANCELLED,MGR-001,Y,Client visit,N
EXP-0000611,EMP-000078,2024-03-29,Software License,Vendor-54,CAD,4044.32,2992.8,0.74,PROJ-026,CC-0010,APPROVED,MGR-002,Y,Team lunch,Y
EXP-0000612,EMP-000415,2024-04-19,Meals,Vendor-187,INR,12415.71,148.99,0.012,PROJ-012,CC-0012,PENDING,MGR-002,Y,,Y
EXP-0000613,EMP-000917,2024-11-20,Travel-Air,Vendor-5,CAD,11984.07,8868.21,0.74,PROJ-040,CC-0009,PENDING,MGR-003,Y,Monthly subscription,Y
EXP-0000614,EMP-000364,2025-04-12,Office Supplies,Vendor-158,USD,11647.24,11647.24,1.0,PROJ-034,CC-0004,CANCELLED,MGR-003,Y,,Y
EXP-0000615,EMP-000740,2024-05-12,Meals,Vendor-132,SGD,110.83,82.01,0.74,PROJ-034,CC-0018,REJECTED,MGR-002,N,Client visit,N
EXP-0000616,EMP-001957,2024-11-28,Telecoms,Vendor-130,JPY,6247.09,41.86,0.0067,PROJ-027,CC-0015,CANCELLED,MGR-002,Y,Client visit,Y
EXP-0000617,EMP-001045,2024-12-11,Client Entertainment,Vendor-139,SGD,10594.46,7839.9,0.74,PROJ-041,CC-0011,CANCELLED,MGR-002,Y,,N
EXP-0000618,EMP-000624,2024-05-01,Travel-Hotel,Vendor-178,EUR,7535.45,8213.64,1.09,PROJ-028,CC-0011,APPROVED,MGR-001,Y,Conference attendance,Y
EXP-0000619,EMP-000763,2024-08-23,Telecoms,Vendor-166,EUR,12026.31,13108.68,1.09,PROJ-015,CC-0003,PENDING,MGR-001,Y,Monthly subscription,N
EXP-0000620,EMP-000664,2024-12-14,Training,Vendor-9,GBP,3133.08,3979.01,1.27,PROJ-034,CC-0007,CANCELLED,MGR-003,N,,Y
EXP-0000621,EMP-001744,2025-06-16,Marketing Materials,Vendor-158,AUD,4555.9,2961.34,0.65,PROJ-025,CC-0013,CANCELLED,MGR-001,Y,,Y
EXP-0000622,EMP-001306,2025-03-27,Client Entertainment,Vendor-165,JPY,6740.58,45.16,0.0067,PROJ-027,CC-0005,APPROVED,MGR-001,Y,,Y
EXP-0000623,EMP-001945,2024-03-12,Marketing Materials,Vendor-56,INR,4325.82,51.91,0.012,PROJ-012,CC-0018,APPROVED,MGR-003,N,Client visit,Y
EXP-0000624,EMP-000294,2024-01-08,Client Entertainment,Vendor-160,EUR,3010.71,3281.67,1.09,PROJ-006,CC-0002,CANCELLED,MGR-003,Y,Conference attendance,Y
EXP-0000625,EMP-000328,2024-07-27,Marketing Materials,Vendor-119,JPY,3943.23,26.42,0.0067,PROJ-023,CC-0001,PENDING,MGR-002,Y,,Y
EXP-0000626,EMP-000371,2024-12-24,Training,Vendor-119,SGD,2662.35,1970.14,0.74,PROJ-021,CC-0009,REJECTED,MGR-003,Y,Team lunch,Y
EXP-0000627,EMP-001170,2024-02-03,Software License,Vendor-37,JPY,2329.78,15.61,0.0067,PROJ-040,CC-0003,CANCELLED,MGR-002,N,,Y
EXP-0000628,EMP-001780,2024-07-05,Training,Vendor-31,JPY,805.92,5.4,0.0067,PROJ-042,CC-0016,PENDING,MGR-001,Y,,Y
EXP-0000629,EMP-001469,2024-08-10,Telecoms,Vendor-168,CAD,6649.05,4920.3,0.74,PROJ-038,CC-0006,APPROVED,MGR-002,N,Client visit,Y
EXP-0000630,EMP-001806,2024-06-24,Travel-Hotel,Vendor-188,CAD,11117.51,8226.96,0.74,PROJ-028,CC-0011,APPROVED,MGR-003,Y,Client visit,Y
EXP-0000631,EMP-000666,2025-01-07,Meals,Vendor-148,CAD,13451.63,9954.21,0.74,PROJ-035,CC-0007,REJECTED,MGR-003,Y,Monthly subscription,N
EXP-0000632,EMP-001321,2025-04-19,Training,Vendor-57,GBP,7341.66,9323.91,1.27,PROJ-011,CC-0013,REJECTED,MGR-001,Y,,N
EXP-0000633,EMP-001183,2025-05-25,Telecoms,Vendor-184,AUD,12982.84,8438.85,0.65,PROJ-047,CC-0004,PENDING,MGR-002,Y,Conference attendance,Y
EXP-0000634,EMP-000332,2024-02-26,Software License,Vendor-64,EUR,6607.72,7202.41,1.09,PROJ-043,CC-0020,CANCELLED,MGR-003,Y,,Y
EXP-0000635,EMP-001834,2024-11-30,Travel-Ground,Vendor-149,CAD,7360.01,5446.41,0.74,PROJ-036,CC-0017,PENDING,MGR-001,N,Conference attendance,Y
EXP-0000636,EMP-000814,2024-02-25,Marketing Materials,Vendor-49,EUR,11900.57,12971.62,1.09,PROJ-012,CC-0002,APPROVED,MGR-002,Y,,N
EXP-0000637,EMP-000432,2025-01-16,Marketing Materials,Vendor-92,SGD,5246.2,3882.19,0.74,PROJ-012,CC-0008,CANCELLED,MGR-001,Y,Client visit,Y
EXP-0000638,EMP-000484,2025-02-01,Travel-Hotel,Vendor-147,AUD,14670.07,9535.55,0.65,PROJ-037,CC-0011,APPROVED,MGR-002,Y,Monthly subscription,Y
EXP-0000639,EMP-001169,2024-04-05,Travel-Air,Vendor-200,CAD,13081.38,9680.22,0.74,PROJ-010,CC-0019,PENDING,MGR-003,Y,,Y
EXP-0000640,EMP-000979,2024-10-10,Marketing Materials,Vendor-50,GBP,4548.83,5777.01,1.27,PROJ-004,CC-0020,PENDING,MGR-001,Y,Team lunch,Y
EXP-0000641,EMP-001024,2024-04-05,Telecoms,Vendor-30,CAD,10304.74,7625.51,0.74,PROJ-010,CC-0013,APPROVED,MGR-003,N,,Y
EXP-0000642,EMP-000242,2025-04-16,Office Supplies,Vendor-120,GBP,3116.61,3958.09,1.27,PROJ-049,CC-0005,APPROVED,MGR-001,Y,Conference attendance,Y
EXP-0000643,EMP-000266,2024-07-04,Travel-Air,Vendor-31,JPY,6046.42,40.51,0.0067,PROJ-040,CC-0002,CANCELLED,MGR-001,Y,,N
EXP-0000644,EMP-001276,2024-08-07,Travel-Air,Vendor-76,CAD,2977.29,2203.19,0.74,PROJ-037,CC-0007,CANCELLED,MGR-002,Y,Client visit,Y
EXP-0000645,EMP-001796,2024-11-04,Marketing Materials,Vendor-27,EUR,6835.6,7450.8,1.09,PROJ-010,CC-0010,PENDING,MGR-001,Y,Monthly subscription,Y
EXP-0000646,EMP-000288,2024-12-11,Travel-Air,Vendor-148,JPY,9383.97,62.87,0.0067,PROJ-043,CC-0011,PENDING,MGR-001,Y,Team lunch,Y
EXP-0000647,EMP-001212,2024-07-17,Software License,Vendor-90,USD,12601.47,12601.47,1.0,PROJ-047,CC-0013,APPROVED,MGR-003,Y,Client visit,N
EXP-0000648,EMP-001195,2025-05-23,Travel-Air,Vendor-199,EUR,11690.49,12742.63,1.09,PROJ-007,CC-0008,CANCELLED,MGR-001,N,Monthly subscription,Y
EXP-0000649,EMP-001126,2024-11-30,Marketing Materials,Vendor-94,JPY,14028.18,93.99,0.0067,PROJ-025,CC-0010,PENDING,MGR-001,Y,Monthly subscription,Y
EXP-0000650,EMP-000987,2024-02-25,Office Supplies,Vendor-32,EUR,394.43,429.93,1.09,PROJ-024,CC-0020,PENDING,MGR-002,N,,N
EXP-0000651,EMP-001227,2024-03-03,Training,Vendor-185,AUD,914.03,594.12,0.65,PROJ-047,CC-0003,CANCELLED,MGR-002,Y,Team lunch,Y
EXP-0000652,EMP-000577,2024-04-19,Software License,Vendor-82,EUR,1905.98,2077.52,1.09,PROJ-017,CC-0006,APPROVED,MGR-001,Y,Conference attendance,Y
EXP-0000653,EMP-001262,2025-01-06,Office Supplies,Vendor-128,USD,1879.17,1879.17,1.0,PROJ-037,CC-0015,REJECTED,MGR-002,Y,,Y
EXP-0000654,EMP-001387,2024-12-22,Software License,Vendor-73,INR,6647.76,79.77,0.012,PROJ-028,CC-0006,PENDING,MGR-002,Y,Conference attendance,Y
EXP-0000655,EMP-000006,2024-04-23,Travel-Air,Vendor-143,AUD,6931.57,4505.52,0.65,PROJ-004,CC-0004,APPROVED,MGR-001,N,Conference attendance,N
EXP-0000656,EMP-000817,2024-10-09,Travel-Hotel,Vendor-126,CAD,1514.65,1120.84,0.74,PROJ-011,CC-0014,APPROVED,MGR-003,Y,,Y
EXP-0000657,EMP-000304,2024-02-01,Travel-Hotel,Vendor-88,INR,6721.94,80.66,0.012,PROJ-046,CC-0002,CANCELLED,MGR-001,N,,Y
EXP-0000658,EMP-000505,2024-02-25,Training,Vendor-183,JPY,6799.92,45.56,0.0067,PROJ-015,CC-0011,APPROVED,MGR-001,Y,Monthly subscription,N
EXP-0000659,EMP-001641,2025-02-14,Travel-Ground,Vendor-30,SGD,4510.55,3337.81,0.74,PROJ-046,CC-0007,APPROVED,MGR-001,Y,Client visit,N
EXP-0000660,EMP-001441,2025-03-15,Telecoms,Vendor-65,INR,6707.83,80.49,0.012,PROJ-032,CC-0001,PENDING,MGR-001,Y,Monthly subscription,Y
EXP-0000661,EMP-000321,2025-03-26,Client Entertainment,Vendor-112,CAD,9108.37,6740.19,0.74,PROJ-026,CC-0014,PENDING,MGR-001,Y,,Y
EXP-0000662,EMP-001433,2025-05-01,Travel-Air,Vendor-9,CAD,12462.09,9221.95,0.74,PROJ-004,CC-0009,CANCELLED,MGR-002,Y,Conference attendance,N
EXP-0000663,EMP-000052,2024-03-10,Travel-Hotel,Vendor-13,INR,9406.3,112.88,0.012,PROJ-029,CC-0019,CANCELLED,MGR-003,Y,Conference attendance,N
EXP-0000664,EMP-001342,2024-09-25,Telecoms,Vendor-61,USD,304.52,304.52,1.0,PROJ-035,CC-0018,APPROVED,MGR-003,Y,,Y
EXP-0000665,EMP-001450,2024-03-08,Software License,Vendor-45,INR,3746.86,44.96,0.012,PROJ-003,CC-0009,APPROVED,MGR-003,Y,,N
EXP-0000666,EMP-001084,2025-05-19,Meals,Vendor-166,JPY,11752.05,78.74,0.0067,PROJ-005,CC-0007,CANCELLED,MGR-003,Y,,Y
EXP-0000667,EMP-001140,2024-10-26,Travel-Hotel,Vendor-106,JPY,5739.5,38.45,0.0067,PROJ-025,CC-0004,PENDING,MGR-001,Y,Monthly subscription,Y
EXP-0000668,EMP-000546,2024-09-11,Meals,Vendor-45,SGD,7203.58,5330.65,0.74,PROJ-049,CC-0011,CANCELLED,MGR-001,N,,N
EXP-0000669,EMP-000914,2024-01-16,Travel-Hotel,Vendor-183,GBP,14935.1,18967.58,1.27,PROJ-017,CC-0006,CANCELLED,MGR-003,N,Conference attendance,Y
EXP-0000670,EMP-000944,2024-06-24,Travel-Hotel,Vendor-23,SGD,774.2,572.91,0.74,PROJ-027,CC-0002,PENDING,MGR-003,Y,,N
EXP-0000671,EMP-001848,2024-03-26,Meals,Vendor-95,GBP,12745.79,16187.15,1.27,PROJ-044,CC-0020,CANCELLED,MGR-001,Y,Conference attendance,N
EXP-0000672,EMP-001101,2025-05-30,Telecoms,Vendor-75,USD,10967.04,10967.04,1.0,PROJ-043,CC-0017,APPROVED,MGR-001,Y,Monthly subscription,N
EXP-0000673,EMP-000247,2025-04-07,Software License,Vendor-134,EUR,2419.14,2636.86,1.09,PROJ-033,CC-0008,CANCELLED,MGR-003,Y,Team lunch,Y
EXP-0000674,EMP-000053,2024-09-22,Marketing Materials,Vendor-12,EUR,935.1,1019.26,1.09,PROJ-027,CC-0016,REJECTED,MGR-002,Y,Client visit,Y
EXP-0000675,EMP-000614,2025-02-16,Travel-Hotel,Vendor-196,JPY,8455.8,56.65,0.0067,PROJ-042,CC-0003,PENDING,MGR-003,Y,,N
EXP-0000676,EMP-000868,2025-05-31,Travel-Ground,Vendor-119,EUR,9002.53,9812.76,1.09,PROJ-047,CC-0013,CANCELLED,MGR-003,Y,Monthly subscription,Y
EXP-0000677,EMP-000242,2024-09-21,Travel-Hotel,Vendor-149,INR,3447.77,41.37,0.012,PROJ-028,CC-0004,REJECTED,MGR-002,Y,Team lunch,Y
EXP-0000678,EMP-001381,2024-08-17,Software License,Vendor-186,EUR,7317.73,7976.33,1.09,PROJ-025,CC-0012,APPROVED,MGR-002,Y,Client visit,N
EXP-0000679,EMP-001897,2025-03-07,Client Entertainment,Vendor-157,USD,13272.66,13272.66,1.0,PROJ-025,CC-0013,PENDING,MGR-003,Y,,N
EXP-0000680,EMP-001048,2024-11-15,Travel-Ground,Vendor-17,USD,3992.01,3992.01,1.0,PROJ-029,CC-0001,PENDING,MGR-003,Y,Conference attendance,N
EXP-0000681,EMP-001912,2024-12-30,Telecoms,Vendor-195,EUR,2405.51,2622.01,1.09,PROJ-016,CC-0014,REJECTED,MGR-003,N,Conference attendance,Y
EXP-0000682,EMP-001091,2025-05-28,Meals,Vendor-158,AUD,8023.98,5215.59,0.65,PROJ-003,CC-0014,PENDING,MGR-002,Y,Team lunch,Y
EXP-0000683,EMP-000140,2025-03-11,Travel-Air,Vendor-160,SGD,9033.12,6684.51,0.74,PROJ-005,CC-0003,REJECTED,MGR-001,N,Conference attendance,Y
EXP-0000684,EMP-001229,2024-06-16,Meals,Vendor-183,INR,9921.11,119.05,0.012,PROJ-027,CC-0004,PENDING,MGR-001,Y,,N
EXP-0000685,EMP-000510,2024-02-14,Client Entertainment,Vendor-83,USD,5132.52,5132.52,1.0,PROJ-036,CC-0017,APPROVED,MGR-002,Y,,Y
EXP-0000686,EMP-001959,2024-10-12,Client Entertainment,Vendor-127,EUR,5411.14,5898.14,1.09,PROJ-010,CC-0009,APPROVED,MGR-003,Y,Team lunch,N
EXP-0000687,EMP-001428,2024-10-23,Client Entertainment,Vendor-8,USD,13096.9,13096.9,1.0,PROJ-037,CC-0014,CANCELLED,MGR-001,Y,,N
EXP-0000688,EMP-000260,2024-09-21,Telecoms,Vendor-138,GBP,11588.27,14717.1,1.27,PROJ-037,CC-0018,APPROVED,MGR-003,Y,Team lunch,N
EXP-0000689,EMP-000164,2025-03-29,Client Entertainment,Vendor-106,EUR,1462.5,1594.13,1.09,PROJ-034,CC-0004,PENDING,MGR-002,N,Team lunch,N
EXP-0000690,EMP-001263,2024-09-11,Telecoms,Vendor-102,AUD,8193.27,5325.63,0.65,PROJ-045,CC-0020,CANCELLED,MGR-002,Y,,N
EXP-0000691,EMP-001205,2024-09-24,Software License,Vendor-169,GBP,4916.63,6244.12,1.27,PROJ-004,CC-0004,APPROVED,MGR-003,N,,Y
EXP-0000692,EMP-001600,2025-05-04,Software License,Vendor-64,USD,12673.83,12673.83,1.0,PROJ-045,CC-0013,APPROVED,MGR-002,Y,Conference attendance,N
EXP-0000693,EMP-001492,2024-03-04,Meals,Vendor-153,GBP,6343.01,8055.62,1.27,PROJ-035,CC-0018,CANCELLED,MGR-001,Y,Monthly subscription,Y
EXP-0000694,EMP-001327,2024-05-08,Travel-Hotel,Vendor-132,JPY,14638.2,98.08,0.0067,PROJ-038,CC-0009,REJECTED,MGR-002,Y,Team lunch,N
EXP-0000695,EMP-001217,2024-11-04,Travel-Ground,Vendor-77,USD,746.78,746.78,1.0,PROJ-034,CC-0019,REJECTED,MGR-001,Y,Monthly subscription,N
EXP-0000696,EMP-000562,2025-03-21,Office Supplies,Vendor-128,JPY,10239.3,68.6,0.0067,PROJ-027,CC-0002,REJECTED,MGR-002,Y,Client visit,Y
EXP-0000697,EMP-001772,2025-01-07,Training,Vendor-194,AUD,4728.07,3073.25,0.65,PROJ-029,CC-0011,APPROVED,MGR-003,Y,Monthly subscription,N
EXP-0000698,EMP-001038,2024-01-30,Office Supplies,Vendor-34,CAD,2892.39,2140.37,0.74,PROJ-016,CC-0012,REJECTED,MGR-002,Y,Client visit,Y
EXP-0000699,EMP-000593,2024-02-25,Travel-Hotel,Vendor-102,JPY,5054.24,33.86,0.0067,PROJ-041,CC-0011,REJECTED,MGR-001,Y,Conference attendance,N
EXP-0000700,EMP-000243,2024-06-28,Travel-Ground,Vendor-76,EUR,12835.08,13990.24,1.09,PROJ-012,CC-0015,CANCELLED,MGR-002,Y,Monthly subscription,N
EXP-0000701,EMP-001256,2024-03-09,Office Supplies,Vendor-8,EUR,11459.5,12490.86,1.09,PROJ-007,CC-0003,PENDING,MGR-002,Y,Conference attendance,N
EXP-0000702,EMP-001059,2025-02-01,Travel-Air,Vendor-2,AUD,8005.8,5203.77,0.65,PROJ-049,CC-0018,APPROVED,MGR-001,Y,,N
EXP-0000703,EMP-001145,2024-05-10,Meals,Vendor-21,SGD,10667.4,7893.88,0.74,PROJ-012,CC-0019,REJECTED,MGR-002,Y,Monthly subscription,N
EXP-0000704,EMP-000837,2024-09-26,Travel-Ground,Vendor-164,EUR,14913.3,16255.5,1.09,PROJ-028,CC-0003,PENDING,MGR-003,Y,Client visit,Y
EXP-0000705,EMP-000469,2025-05-05,Software License,Vendor-59,CAD,7936.14,5872.74,0.74,PROJ-028,CC-0012,CANCELLED,MGR-003,Y,Team lunch,N
EXP-0000706,EMP-000543,2025-06-10,Travel-Ground,Vendor-80,EUR,5533.75,6031.79,1.09,PROJ-009,CC-0004,PENDING,MGR-003,Y,Monthly subscription,N
EXP-0000707,EMP-001385,2025-03-15,Client Entertainment,Vendor-79,AUD,716.76,465.89,0.65,PROJ-042,CC-0012,REJECTED,MGR-003,Y,Monthly subscription,Y
EXP-0000708,EMP-000158,2024-04-24,Travel-Ground,Vendor-50,CAD,12684.19,9386.3,0.74,PROJ-010,CC-0015,REJECTED,MGR-003,Y,,Y
EXP-0000709,EMP-001585,2025-02-11,Meals,Vendor-63,SGD,6581.44,4870.27,0.74,PROJ-043,CC-0010,PENDING,MGR-002,N,Conference attendance,Y
EXP-0000710,EMP-001679,2024-03-15,Training,Vendor-91,JPY,10279.39,68.87,0.0067,PROJ-046,CC-0001,APPROVED,MGR-001,Y,Client visit,Y
EXP-0000711,EMP-001302,2024-07-18,Travel-Air,Vendor-99,AUD,4940.98,3211.64,0.65,PROJ-039,CC-0008,REJECTED,MGR-003,N,Monthly subscription,Y
EXP-0000712,EMP-001805,2024-11-08,Travel-Air,Vendor-10,INR,12718.08,152.62,0.012,PROJ-045,CC-0004,APPROVED,MGR-003,Y,Team lunch,N
EXP-0000713,EMP-000138,2025-03-11,Software License,Vendor-45,AUD,7717.69,5016.5,0.65,PROJ-018,CC-0009,REJECTED,MGR-003,Y,Monthly subscription,N
EXP-0000714,EMP-001089,2024-08-03,Marketing Materials,Vendor-93,JPY,811.77,5.44,0.0067,PROJ-045,CC-0003,CANCELLED,MGR-003,N,Team lunch,Y
EXP-0000715,EMP-001334,2024-11-24,Meals,Vendor-165,USD,9630.39,9630.39,1.0,PROJ-039,CC-0004,PENDING,MGR-003,Y,,N
EXP-0000716,EMP-001164,2025-03-11,Telecoms,Vendor-136,JPY,12060.54,80.81,0.0067,PROJ-033,CC-0005,APPROVED,MGR-002,Y,Team lunch,Y
EXP-0000717,EMP-001720,2025-04-05,Travel-Ground,Vendor-65,SGD,1578.77,1168.29,0.74,PROJ-025,CC-0008,APPROVED,MGR-001,Y,,N
EXP-0000718,EMP-001853,2024-07-27,Marketing Materials,Vendor-167,EUR,4024.32,4386.51,1.09,PROJ-015,CC-0019,CANCELLED,MGR-001,N,Client visit,Y
EXP-0000719,EMP-001324,2025-05-26,Travel-Air,Vendor-101,EUR,14637.03,15954.36,1.09,PROJ-011,CC-0019,PENDING,MGR-001,Y,,Y
EXP-0000720,EMP-000092,2024-04-29,Travel-Air,Vendor-48,EUR,2194.13,2391.6,1.09,PROJ-015,CC-0006,APPROVED,MGR-001,Y,,N
EXP-0000721,EMP-000235,2024-02-16,Travel-Air,Vendor-131,SGD,6515.22,4821.26,0.74,PROJ-041,CC-0020,CANCELLED,MGR-003,Y,Conference attendance,Y
EXP-0000722,EMP-000388,2025-01-16,Office Supplies,Vendor-24,GBP,12269.27,15581.97,1.27,PROJ-019,CC-0002,PENDING,MGR-003,Y,Monthly subscription,Y
EXP-0000723,EMP-001547,2024-02-18,Training,Vendor-71,GBP,8848.59,11237.71,1.27,PROJ-027,CC-0018,PENDING,MGR-001,Y,Monthly subscription,N
EXP-0000724,EMP-001619,2024-04-10,Travel-Air,Vendor-1,INR,12482.54,149.79,0.012,PROJ-013,CC-0001,CANCELLED,MGR-002,N,Conference attendance,N
EXP-0000725,EMP-001951,2025-01-23,Training,Vendor-20,AUD,14152.44,9199.09,0.65,PROJ-022,CC-0001,APPROVED,MGR-002,Y,,N
EXP-0000726,EMP-000152,2024-01-14,Office Supplies,Vendor-95,JPY,4037.4,27.05,0.0067,PROJ-020,CC-0003,APPROVED,MGR-003,N,Monthly subscription,Y
EXP-0000727,EMP-000206,2025-02-12,Telecoms,Vendor-152,SGD,8129.39,6015.75,0.74,PROJ-018,CC-0020,CANCELLED,MGR-001,Y,Monthly subscription,Y
EXP-0000728,EMP-000415,2024-10-28,Marketing Materials,Vendor-37,JPY,6301.16,42.22,0.0067,PROJ-025,CC-0018,CANCELLED,MGR-001,Y,,N
EXP-0000729,EMP-001106,2025-03-19,Marketing Materials,Vendor-143,USD,7924.04,7924.04,1.0,PROJ-034,CC-0019,APPROVED,MGR-002,Y,,Y
EXP-0000730,EMP-001645,2025-03-15,Travel-Ground,Vendor-93,INR,469.22,5.63,0.012,PROJ-030,CC-0003,CANCELLED,MGR-002,Y,,Y
EXP-0000731,EMP-000179,2024-05-15,Office Supplies,Vendor-180,EUR,343.93,374.88,1.09,PROJ-049,CC-0012,CANCELLED,MGR-003,N,Team lunch,Y
EXP-0000732,EMP-001134,2024-01-06,Telecoms,Vendor-95,AUD,14666.89,9533.48,0.65,PROJ-009,CC-0003,CANCELLED,MGR-002,Y,,N
EXP-0000733,EMP-000936,2024-10-24,Travel-Hotel,Vendor-172,GBP,6913.95,8780.72,1.27,PROJ-048,CC-0005,CANCELLED,MGR-002,Y,,Y
EXP-0000734,EMP-001379,2024-05-28,Client Entertainment,Vendor-24,GBP,1457.61,1851.16,1.27,PROJ-039,CC-0019,CANCELLED,MGR-001,Y,Monthly subscription,Y
EXP-0000735,EMP-001932,2025-05-03,Software License,Vendor-132,EUR,2122.29,2313.3,1.09,PROJ-038,CC-0003,CANCELLED,MGR-001,Y,,N
EXP-0000736,EMP-000216,2024-12-20,Client Entertainment,Vendor-96,AUD,13744.55,8933.96,0.65,PROJ-032,CC-0002,REJECTED,MGR-002,N,Conference attendance,Y
EXP-0000737,EMP-000752,2025-05-23,Travel-Air,Vendor-182,EUR,12670.02,13810.32,1.09,PROJ-037,CC-0001,APPROVED,MGR-001,Y,Client visit,N
EXP-0000738,EMP-000109,2025-04-15,Travel-Ground,Vendor-55,JPY,4133.88,27.7,0.0067,PROJ-009,CC-0009,CANCELLED,MGR-001,N,,N
EXP-0000739,EMP-000183,2025-05-12,Marketing Materials,Vendor-167,AUD,85.8,55.77,0.65,PROJ-034,CC-0006,PENDING,MGR-003,Y,,N
EXP-0000740,EMP-000860,2024-03-15,Office Supplies,Vendor-139,CAD,1360.44,1006.73,0.74,PROJ-050,CC-0012,APPROVED,MGR-002,Y,Conference attendance,N
EXP-0000741,EMP-001177,2025-01-15,Travel-Air,Vendor-157,USD,1381.09,1381.09,1.0,PROJ-012,CC-0015,APPROVED,MGR-003,Y,Monthly subscription,Y
EXP-0000742,EMP-001803,2024-02-14,Software License,Vendor-59,JPY,1222.25,8.19,0.0067,PROJ-029,CC-0002,PENDING,MGR-001,Y,Conference attendance,N
EXP-0000743,EMP-001216,2024-11-17,Travel-Air,Vendor-2,GBP,12146.83,15426.47,1.27,PROJ-031,CC-0009,APPROVED,MGR-003,Y,,N
EXP-0000744,EMP-001323,2024-05-24,Telecoms,Vendor-134,AUD,3412.78,2218.31,0.65,PROJ-030,CC-0014,PENDING,MGR-002,Y,Client visit,N
EXP-0000745,EMP-001569,2024-04-28,Office Supplies,Vendor-188,AUD,14348.68,9326.64,0.65,PROJ-006,CC-0020,PENDING,MGR-002,N,Monthly subscription,Y
EXP-0000746,EMP-001486,2024-03-13,Travel-Air,Vendor-67,CAD,13526.43,10009.56,0.74,PROJ-022,CC-0002,PENDING,MGR-002,Y,Client visit,Y
EXP-0000747,EMP-000608,2024-08-06,Software License,Vendor-113,GBP,7029.4,8927.34,1.27,PROJ-017,CC-0017,PENDING,MGR-002,N,Team lunch,Y
EXP-0000748,EMP-001118,2025-03-21,Travel-Air,Vendor-191,JPY,12932.04,86.64,0.0067,PROJ-028,CC-0015,PENDING,MGR-003,N,,N
EXP-0000749,EMP-001031,2024-07-18,Marketing Materials,Vendor-78,AUD,13964.92,9077.2,0.65,PROJ-012,CC-0011,PENDING,MGR-002,Y,Team lunch,Y
EXP-0000750,EMP-000109,2025-04-01,Training,Vendor-71,USD,4969.42,4969.42,1.0,PROJ-046,CC-0002,CANCELLED,MGR-002,Y,,N
EXP-0000751,EMP-001968,2025-02-10,Travel-Ground,Vendor-53,INR,1210.12,14.52,0.012,PROJ-037,CC-0006,APPROVED,MGR-003,Y,,N
EXP-0000752,EMP-001011,2024-11-12,Travel-Air,Vendor-171,INR,1616.03,19.39,0.012,PROJ-039,CC-0004,PENDING,MGR-001,Y,Conference attendance,N
EXP-0000753,EMP-001407,2024-01-20,Travel-Ground,Vendor-85,JPY,1430.37,9.58,0.0067,PROJ-019,CC-0015,CANCELLED,MGR-001,N,Client visit,Y
EXP-0000754,EMP-000760,2024-08-27,Software License,Vendor-69,JPY,10759.13,72.09,0.0067,PROJ-045,CC-0003,PENDING,MGR-001,Y,,Y
EXP-0000755,EMP-000643,2024-12-31,Travel-Air,Vendor-3,EUR,6571.68,7163.13,1.09,PROJ-011,CC-0014,APPROVED,MGR-001,Y,Conference attendance,N
EXP-0000756,EMP-001906,2024-07-06,Software License,Vendor-168,CAD,12943.73,9578.36,0.74,PROJ-044,CC-0019,REJECTED,MGR-002,Y,Conference attendance,N
EXP-0000757,EMP-001710,2025-05-19,Travel-Hotel,Vendor-196,AUD,666.95,433.52,0.65,PROJ-029,CC-0007,PENDING,MGR-002,Y,Monthly subscription,N
EXP-0000758,EMP-001365,2024-03-08,Travel-Air,Vendor-3,USD,13702.69,13702.69,1.0,PROJ-026,CC-0010,PENDING,MGR-002,Y,Client visit,Y
EXP-0000759,EMP-000259,2024-02-02,Meals,Vendor-110,USD,4168.74,4168.74,1.0,PROJ-003,CC-0017,REJECTED,MGR-001,Y,,N
EXP-0000760,EMP-001340,2024-12-10,Telecoms,Vendor-158,GBP,14331.62,18201.16,1.27,PROJ-012,CC-0018,REJECTED,MGR-002,N,Monthly subscription,N
EXP-0000761,EMP-000795,2024-03-13,Travel-Air,Vendor-16,EUR,695.11,757.67,1.09,PROJ-027,CC-0016,APPROVED,MGR-003,Y,Team lunch,N
EXP-0000762,EMP-000793,2025-03-25,Training,Vendor-68,USD,1114.58,1114.58,1.0,PROJ-003,CC-0008,CANCELLED,MGR-003,Y,,Y
EXP-0000763,EMP-001168,2024-10-22,Client Entertainment,Vendor-149,CAD,9936.56,7353.05,0.74,PROJ-045,CC-0012,PENDING,MGR-001,Y,Team lunch,N
EXP-0000764,EMP-001737,2024-06-09,Software License,Vendor-84,SGD,5660.88,4189.05,0.74,PROJ-001,CC-0007,PENDING,MGR-003,Y,Conference attendance,Y
EXP-0000765,EMP-000778,2024-11-16,Client Entertainment,Vendor-34,SGD,3195.62,2364.76,0.74,PROJ-026,CC-0006,REJECTED,MGR-001,Y,,N
EXP-0000766,EMP-001286,2024-07-10,Telecoms,Vendor-180,EUR,8735.87,9522.1,1.09,PROJ-050,CC-0005,PENDING,MGR-001,Y,Monthly subscription,Y
EXP-0000767,EMP-001613,2024-02-02,Telecoms,Vendor-11,GBP,238.35,302.7,1.27,PROJ-042,CC-0014,APPROVED,MGR-002,N,Conference attendance,N
EXP-0000768,EMP-000311,2024-04-29,Travel-Hotel,Vendor-99,AUD,3652.21,2373.94,0.65,PROJ-026,CC-0015,PENDING,MGR-001,Y,Monthly subscription,N
EXP-0000769,EMP-001795,2025-04-06,Software License,Vendor-145,SGD,5017.9,3713.25,0.74,PROJ-012,CC-0003,PENDING,MGR-003,Y,Monthly subscription,Y
EXP-0000770,EMP-001953,2024-09-03,Office Supplies,Vendor-172,JPY,705.93,4.73,0.0067,PROJ-012,CC-0001,PENDING,MGR-002,Y,Monthly subscription,Y
EXP-0000771,EMP-000949,2024-01-26,Telecoms,Vendor-33,GBP,3844.96,4883.1,1.27,PROJ-001,CC-0015,APPROVED,MGR-001,Y,Client visit,Y
EXP-0000772,EMP-000884,2024-06-21,Travel-Hotel,Vendor-166,USD,2722.18,2722.18,1.0,PROJ-039,CC-0006,APPROVED,MGR-002,Y,,N
EXP-0000773,EMP-001159,2024-04-06,Office Supplies,Vendor-28,USD,10299.07,10299.07,1.0,PROJ-050,CC-0004,CANCELLED,MGR-001,Y,Monthly subscription,Y
EXP-0000774,EMP-000950,2025-04-26,Travel-Ground,Vendor-181,INR,8538.94,102.47,0.012,PROJ-045,CC-0004,CANCELLED,MGR-003,Y,,Y
EXP-0000775,EMP-000981,2024-08-09,Travel-Hotel,Vendor-141,INR,13758.35,165.1,0.012,PROJ-025,CC-0020,PENDING,MGR-003,Y,Client visit,N
EXP-0000776,EMP-000637,2024-02-24,Travel-Hotel,Vendor-132,INR,14422.06,173.06,0.012,PROJ-009,CC-0006,CANCELLED,MGR-001,Y,Conference attendance,Y
EXP-0000777,EMP-001100,2024-05-10,Meals,Vendor-35,CAD,9229.48,6829.82,0.74,PROJ-043,CC-0005,APPROVED,MGR-002,Y,Monthly subscription,N
EXP-0000778,EMP-001342,2024-08-04,Travel-Ground,Vendor-192,SGD,14811.17,10960.27,0.74,PROJ-034,CC-0004,APPROVED,MGR-002,Y,,Y
EXP-0000779,EMP-001507,2024-01-14,Travel-Ground,Vendor-10,USD,10100.16,10100.16,1.0,PROJ-041,CC-0007,APPROVED,MGR-002,N,Client visit,Y
EXP-0000780,EMP-001020,2025-01-02,Travel-Ground,Vendor-179,EUR,10756.92,11725.04,1.09,PROJ-007,CC-0008,REJECTED,MGR-003,N,Conference attendance,Y
EXP-0000781,EMP-001816,2024-02-18,Office Supplies,Vendor-65,GBP,6274.75,7968.93,1.27,PROJ-026,CC-0007,APPROVED,MGR-003,Y,Monthly subscription,Y
EXP-0000782,EMP-000729,2025-02-11,Telecoms,Vendor-25,SGD,6859.2,5075.81,0.74,PROJ-040,CC-0018,PENDING,MGR-001,Y,,Y
EXP-0000783,EMP-000184,2025-03-01,Travel-Hotel,Vendor-121,EUR,14860.12,16197.53,1.09,PROJ-020,CC-0013,APPROVED,MGR-001,N,Conference attendance,Y
EXP-0000784,EMP-001978,2024-10-09,Travel-Hotel,Vendor-159,AUD,3726.64,2422.32,0.65,PROJ-025,CC-0013,PENDING,MGR-001,Y,Client visit,Y
EXP-0000785,EMP-001027,2024-02-27,Software License,Vendor-104,JPY,7307.85,48.96,0.0067,PROJ-036,CC-0012,CANCELLED,MGR-002,Y,Conference attendance,N
EXP-0000786,EMP-001905,2024-06-05,Travel-Hotel,Vendor-147,CAD,10509.39,7776.95,0.74,PROJ-033,CC-0013,REJECTED,MGR-002,Y,Monthly subscription,N
EXP-0000787,EMP-000075,2025-03-27,Office Supplies,Vendor-101,AUD,4514.54,2934.45,0.65,PROJ-013,CC-0010,PENDING,MGR-003,N,,N
EXP-0000788,EMP-001326,2025-01-20,Travel-Ground,Vendor-117,INR,137.96,1.66,0.012,PROJ-013,CC-0005,PENDING,MGR-002,N,Team lunch,Y
EXP-0000789,EMP-000301,2024-09-18,Meals,Vendor-106,GBP,4439.81,5638.56,1.27,PROJ-043,CC-0005,REJECTED,MGR-003,Y,Monthly subscription,Y
EXP-0000790,EMP-001742,2025-06-09,Travel-Air,Vendor-137,GBP,10190.88,12942.42,1.27,PROJ-048,CC-0016,APPROVED,MGR-003,Y,Client visit,Y
EXP-0000791,EMP-001457,2024-03-27,Telecoms,Vendor-147,AUD,13612.52,8848.14,0.65,PROJ-044,CC-0013,REJECTED,MGR-001,N,,N
EXP-0000792,EMP-001475,2024-10-15,Training,Vendor-48,CAD,13311.55,9850.55,0.74,PROJ-024,CC-0002,REJECTED,MGR-003,N,Client visit,Y
EXP-0000793,EMP-001945,2024-02-05,Meals,Vendor-20,AUD,14239.04,9255.38,0.65,PROJ-006,CC-0012,CANCELLED,MGR-002,Y,Monthly subscription,N
EXP-0000794,EMP-001595,2025-02-03,Telecoms,Vendor-173,INR,12954.87,155.46,0.012,PROJ-018,CC-0016,REJECTED,MGR-002,Y,,N
EXP-0000795,EMP-000739,2024-09-02,Office Supplies,Vendor-95,INR,14205.37,170.46,0.012,PROJ-037,CC-0016,REJECTED,MGR-002,Y,,N
EXP-0000796,EMP-001856,2024-10-14,Travel-Ground,Vendor-21,GBP,6469.31,8216.02,1.27,PROJ-012,CC-0011,REJECTED,MGR-002,Y,,Y
EXP-0000797,EMP-001919,2024-11-09,Marketing Materials,Vendor-23,INR,13880.14,166.56,0.012,PROJ-022,CC-0006,CANCELLED,MGR-003,N,Monthly subscription,N
EXP-0000798,EMP-001730,2025-04-02,Travel-Ground,Vendor-29,JPY,5962.15,39.95,0.0067,PROJ-016,CC-0001,CANCELLED,MGR-002,N,Client visit,N
EXP-0000799,EMP-000789,2024-05-05,Client Entertainment,Vendor-14,GBP,3992.77,5070.82,1.27,PROJ-043,CC-0009,PENDING,MGR-001,N,Team lunch,Y
EXP-0000800,EMP-001815,2024-11-12,Meals,Vendor-184,AUD,11653.51,7574.78,0.65,PROJ-004,CC-0015,CANCELLED,MGR-001,Y,Client visit,Y
EXP-0000801,EMP-001323,2024-05-04,Training,Vendor-136,USD,459.52,459.52,1.0,PROJ-023,CC-0006,PENDING,MGR-001,Y,Monthly subscription,N
EXP-0000802,EMP-001141,2024-10-14,Software License,Vendor-41,GBP,13743.09,17453.72,1.27,PROJ-014,CC-0012,REJECTED,MGR-003,N,Team lunch,N
EXP-0000803,EMP-001394,2025-05-25,Travel-Air,Vendor-29,AUD,4013.22,2608.59,0.65,PROJ-032,CC-0007,PENDING,MGR-003,Y,,N
EXP-0000804,EMP-001681,2024-05-31,Meals,Vendor-114,INR,13130.93,157.57,0.012,PROJ-030,CC-0015,PENDING,MGR-003,Y,Team lunch,N
EXP-0000805,EMP-000959,2024-01-04,Travel-Hotel,Vendor-72,JPY,2832.62,18.98,0.0067,PROJ-004,CC-0002,REJECTED,MGR-001,Y,,Y
EXP-0000806,EMP-000753,2024-11-29,Marketing Materials,Vendor-169,USD,13914.3,13914.3,1.0,PROJ-003,CC-0002,APPROVED,MGR-001,Y,,Y
EXP-0000807,EMP-000382,2024-11-23,Training,Vendor-170,EUR,995.03,1084.58,1.09,PROJ-013,CC-0004,CANCELLED,MGR-001,Y,Client visit,Y
EXP-0000808,EMP-001084,2024-03-29,Training,Vendor-43,CAD,11448.33,8471.76,0.74,PROJ-003,CC-0007,APPROVED,MGR-001,Y,,N
EXP-0000809,EMP-001062,2025-02-04,Travel-Ground,Vendor-185,INR,10640.72,127.69,0.012,PROJ-002,CC-0020,PENDING,MGR-003,Y,Client visit,N
EXP-0000810,EMP-001980,2024-12-26,Meals,Vendor-61,EUR,10789.86,11760.95,1.09,PROJ-010,CC-0006,PENDING,MGR-003,Y,Client visit,Y
EXP-0000811,EMP-000745,2025-04-30,Meals,Vendor-91,EUR,31.35,34.17,1.09,PROJ-015,CC-0005,PENDING,MGR-002,Y,Conference attendance,N
EXP-0000812,EMP-000188,2024-02-20,Marketing Materials,Vendor-118,USD,7048.44,7048.44,1.0,PROJ-003,CC-0017,PENDING,MGR-002,Y,Conference attendance,Y
EXP-0000813,EMP-000203,2024-01-15,Training,Vendor-32,CAD,5723.18,4235.15,0.74,PROJ-010,CC-0013,APPROVED,MGR-002,N,,Y
EXP-0000814,EMP-001010,2025-03-21,Client Entertainment,Vendor-137,GBP,14455.23,18358.14,1.27,PROJ-017,CC-0013,CANCELLED,MGR-001,Y,Team lunch,N
EXP-0000815,EMP-001987,2024-08-09,Travel-Ground,Vendor-37,EUR,2185.78,2382.5,1.09,PROJ-011,CC-0017,APPROVED,MGR-003,Y,,N
EXP-0000816,EMP-000709,2024-06-06,Travel-Ground,Vendor-46,AUD,14957.1,9722.11,0.65,PROJ-047,CC-0012,CANCELLED,MGR-001,Y,Client visit,N
EXP-0000817,EMP-000101,2025-02-02,Meals,Vendor-163,CAD,5580.14,4129.3,0.74,PROJ-047,CC-0016,PENDING,MGR-001,Y,,Y
EXP-0000818,EMP-001625,2025-05-18,Client Entertainment,Vendor-27,AUD,5958.33,3872.91,0.65,PROJ-016,CC-0001,CANCELLED,MGR-003,Y,Client visit,N
EXP-0000819,EMP-000664,2024-06-01,Travel-Air,Vendor-169,GBP,9801.49,12447.89,1.27,PROJ-005,CC-0008,CANCELLED,MGR-001,Y,,Y
EXP-0000820,EMP-000470,2025-04-29,Software License,Vendor-99,AUD,9962.91,6475.89,0.65,PROJ-005,CC-0011,REJECTED,MGR-002,Y,Monthly subscription,N
EXP-0000821,EMP-001637,2024-06-27,Travel-Hotel,Vendor-95,AUD,8534.47,5547.41,0.65,PROJ-006,CC-0014,REJECTED,MGR-001,Y,,N
EXP-0000822,EMP-000035,2024-04-03,Telecoms,Vendor-185,INR,6429.7,77.16,0.012,PROJ-025,CC-0019,PENDING,MGR-003,Y,Team lunch,N
EXP-0000823,EMP-000124,2025-05-03,Travel-Air,Vendor-36,INR,12074.75,144.9,0.012,PROJ-002,CC-0009,PENDING,MGR-002,N,,Y
EXP-0000824,EMP-001336,2025-05-23,Travel-Hotel,Vendor-35,GBP,9345.01,11868.16,1.27,PROJ-047,CC-0003,PENDING,MGR-002,Y,Client visit,Y
EXP-0000825,EMP-001271,2025-02-17,Training,Vendor-137,JPY,13589.99,91.05,0.0067,PROJ-037,CC-0015,CANCELLED,MGR-001,Y,Client visit,Y
EXP-0000826,EMP-001830,2025-05-10,Meals,Vendor-21,EUR,6401.17,6977.28,1.09,PROJ-039,CC-0006,PENDING,MGR-002,Y,,Y
EXP-0000827,EMP-001425,2025-05-01,Marketing Materials,Vendor-108,SGD,14387.57,10646.8,0.74,PROJ-023,CC-0008,PENDING,MGR-003,Y,Client visit,Y
EXP-0000828,EMP-000783,2024-12-02,Client Entertainment,Vendor-49,GBP,9453.18,12005.54,1.27,PROJ-002,CC-0017,REJECTED,MGR-001,N,Conference attendance,Y
EXP-0000829,EMP-001201,2024-03-11,Software License,Vendor-7,USD,2386.51,2386.51,1.0,PROJ-050,CC-0012,CANCELLED,MGR-002,Y,Monthly subscription,N
EXP-0000830,EMP-001457,2024-02-21,Travel-Air,Vendor-36,AUD,7204.27,4682.78,0.65,PROJ-027,CC-0018,CANCELLED,MGR-002,Y,Monthly subscription,N
EXP-0000831,EMP-001173,2025-04-03,Telecoms,Vendor-116,SGD,6019.7,4454.58,0.74,PROJ-020,CC-0003,CANCELLED,MGR-001,Y,Monthly subscription,N
EXP-0000832,EMP-000678,2024-02-03,Travel-Air,Vendor-105,USD,3861.4,3861.4,1.0,PROJ-016,CC-0012,REJECTED,MGR-003,N,Team lunch,Y
EXP-0000833,EMP-000791,2024-10-05,Telecoms,Vendor-110,USD,8837.06,8837.06,1.0,PROJ-040,CC-0006,CANCELLED,MGR-002,Y,Conference attendance,N
EXP-0000834,EMP-000779,2024-08-16,Software License,Vendor-53,EUR,8543.95,9312.91,1.09,PROJ-004,CC-0012,CANCELLED,MGR-003,Y,Client visit,N
EXP-0000835,EMP-001084,2024-06-13,Training,Vendor-106,INR,1660.73,19.93,0.012,PROJ-044,CC-0007,CANCELLED,MGR-002,N,Conference attendance,N
EXP-0000836,EMP-001272,2024-12-09,Telecoms,Vendor-101,AUD,13743.32,8933.16,0.65,PROJ-023,CC-0010,CANCELLED,MGR-003,Y,Client visit,N
EXP-0000837,EMP-001792,2024-10-26,Meals,Vendor-79,INR,11308.25,135.7,0.012,PROJ-046,CC-0009,APPROVED,MGR-002,Y,Team lunch,Y
EXP-0000838,EMP-001935,2024-09-21,Client Entertainment,Vendor-149,CAD,12508.41,9256.22,0.74,PROJ-029,CC-0010,PENDING,MGR-003,Y,Team lunch,N
EXP-0000839,EMP-001385,2024-06-24,Travel-Ground,Vendor-58,USD,7892.11,7892.11,1.0,PROJ-004,CC-0019,REJECTED,MGR-003,Y,Client visit,N
EXP-0000840,EMP-001371,2025-06-18,Telecoms,Vendor-70,CAD,14825.02,10970.51,0.74,PROJ-007,CC-0008,PENDING,MGR-001,Y,,N
EXP-0000841,EMP-000355,2024-04-27,Training,Vendor-195,EUR,927.45,1010.92,1.09,PROJ-003,CC-0016,REJECTED,MGR-002,Y,Client visit,N
EXP-0000842,EMP-000968,2024-05-15,Travel-Ground,Vendor-10,JPY,5564.45,37.28,0.0067,PROJ-016,CC-0001,APPROVED,MGR-002,Y,,N
EXP-0000843,EMP-000132,2024-05-31,Telecoms,Vendor-58,AUD,5728.71,3723.66,0.65,PROJ-037,CC-0002,APPROVED,MGR-001,Y,Conference attendance,Y
EXP-0000844,EMP-001770,2025-04-17,Software License,Vendor-101,GBP,3068.56,3897.07,1.27,PROJ-023,CC-0017,CANCELLED,MGR-001,Y,,N
EXP-0000845,EMP-001138,2025-03-16,Travel-Hotel,Vendor-147,SGD,14458.0,10698.92,0.74,PROJ-040,CC-0007,APPROVED,MGR-002,Y,,N
EXP-0000846,EMP-000671,2025-02-10,Office Supplies,Vendor-57,CAD,3898.03,2884.54,0.74,PROJ-006,CC-0003,PENDING,MGR-003,Y,Conference attendance,Y
EXP-0000847,EMP-000391,2025-02-21,Travel-Ground,Vendor-172,AUD,13354.83,8680.64,0.65,PROJ-048,CC-0005,APPROVED,MGR-001,N,Monthly subscription,N
EXP-0000848,EMP-000833,2024-07-31,Travel-Hotel,Vendor-5,AUD,2754.84,1790.65,0.65,PROJ-020,CC-0008,CANCELLED,MGR-003,Y,,N
EXP-0000849,EMP-001621,2024-11-17,Travel-Ground,Vendor-146,USD,499.72,499.72,1.0,PROJ-018,CC-0013,APPROVED,MGR-001,Y,,N
EXP-0000850,EMP-000132,2025-04-21,Client Entertainment,Vendor-49,SGD,13340.14,9871.7,0.74,PROJ-003,CC-0010,PENDING,MGR-002,Y,Client visit,Y
EXP-0000851,EMP-000335,2024-06-14,Marketing Materials,Vendor-157,INR,14209.27,170.51,0.012,PROJ-018,CC-0014,CANCELLED,MGR-002,N,Team lunch,N
EXP-0000852,EMP-000274,2025-06-16,Travel-Ground,Vendor-160,EUR,2992.57,3261.9,1.09,PROJ-015,CC-0001,PENDING,MGR-001,N,Monthly subscription,N
EXP-0000853,EMP-001798,2024-01-11,Meals,Vendor-6,GBP,3240.74,4115.74,1.27,PROJ-015,CC-0007,REJECTED,MGR-002,Y,Team lunch,Y
EXP-0000854,EMP-000877,2025-04-12,Software License,Vendor-3,GBP,10058.21,12773.93,1.27,PROJ-029,CC-0014,PENDING,MGR-002,Y,Monthly subscription,Y
EXP-0000855,EMP-001315,2025-01-14,Meals,Vendor-15,USD,2611.68,2611.68,1.0,PROJ-006,CC-0006,PENDING,MGR-003,Y,Team lunch,Y
EXP-0000856,EMP-000555,2024-05-14,Travel-Air,Vendor-33,CAD,445.36,329.57,0.74,PROJ-035,CC-0010,CANCELLED,MGR-001,Y,Conference attendance,N
EXP-0000857,EMP-001356,2024-05-15,Client Entertainment,Vendor-14,EUR,14364.6,15657.41,1.09,PROJ-024,CC-0002,CANCELLED,MGR-003,Y,Monthly subscription,N
EXP-0000858,EMP-000976,2025-05-22,Software License,Vendor-67,GBP,12477.14,15845.97,1.27,PROJ-027,CC-0004,PENDING,MGR-002,Y,Team lunch,N
EXP-0000859,EMP-001886,2025-03-27,Travel-Ground,Vendor-174,CAD,8056.98,5962.17,0.74,PROJ-031,CC-0005,REJECTED,MGR-003,Y,Client visit,Y
EXP-0000860,EMP-001644,2024-12-17,Office Supplies,Vendor-101,INR,8985.97,107.83,0.012,PROJ-049,CC-0018,REJECTED,MGR-003,Y,,Y
EXP-0000861,EMP-001285,2024-07-11,Training,Vendor-147,CAD,7287.16,5392.5,0.74,PROJ-050,CC-0003,PENDING,MGR-001,N,Conference attendance,Y
EXP-0000862,EMP-000938,2025-06-09,Travel-Air,Vendor-61,USD,1797.19,1797.19,1.0,PROJ-045,CC-0012,CANCELLED,MGR-003,Y,,Y
EXP-0000863,EMP-001768,2025-05-11,Client Entertainment,Vendor-178,SGD,12827.32,9492.22,0.74,PROJ-003,CC-0008,PENDING,MGR-002,Y,,N
EXP-0000864,EMP-000652,2024-04-22,Training,Vendor-27,INR,2681.26,32.18,0.012,PROJ-012,CC-0006,PENDING,MGR-002,Y,,N
EXP-0000865,EMP-000931,2024-07-05,Travel-Ground,Vendor-6,CAD,3312.48,2451.24,0.74,PROJ-024,CC-0010,PENDING,MGR-001,Y,Team lunch,Y
EXP-0000866,EMP-001404,2024-09-23,Telecoms,Vendor-166,JPY,10190.12,68.27,0.0067,PROJ-025,CC-0007,PENDING,MGR-003,Y,,Y
EXP-0000867,EMP-000603,2024-11-05,Training,Vendor-5,CAD,14642.67,10835.58,0.74,PROJ-020,CC-0017,CANCELLED,MGR-003,Y,Conference attendance,N
EXP-0000868,EMP-000341,2024-01-11,Software License,Vendor-158,SGD,321.94,238.24,0.74,PROJ-044,CC-0013,REJECTED,MGR-001,Y,Client visit,N
EXP-0000869,EMP-001438,2024-07-05,Office Supplies,Vendor-110,SGD,3868.11,2862.4,0.74,PROJ-041,CC-0007,PENDING,MGR-003,Y,Team lunch,Y
EXP-0000870,EMP-001887,2025-05-24,Training,Vendor-82,AUD,2782.95,1808.92,0.65,PROJ-011,CC-0006,REJECTED,MGR-003,N,Conference attendance,N
EXP-0000871,EMP-000716,2024-03-26,Travel-Ground,Vendor-155,GBP,13288.48,16876.37,1.27,PROJ-009,CC-0001,REJECTED,MGR-003,N,Client visit,N
EXP-0000872,EMP-001893,2025-02-24,Meals,Vendor-11,GBP,1079.32,1370.74,1.27,PROJ-010,CC-0019,REJECTED,MGR-002,Y,Client visit,N
EXP-0000873,EMP-001475,2024-06-06,Office Supplies,Vendor-45,CAD,6954.45,5146.29,0.74,PROJ-040,CC-0010,PENDING,MGR-001,Y,Team lunch,Y
EXP-0000874,EMP-001277,2025-06-10,Travel-Air,Vendor-166,INR,9952.05,119.42,0.012,PROJ-043,CC-0018,REJECTED,MGR-001,N,Client visit,Y
EXP-0000875,EMP-001558,2024-02-11,Travel-Air,Vendor-70,CAD,9823.97,7269.74,0.74,PROJ-037,CC-0018,PENDING,MGR-003,N,Conference attendance,Y
EXP-0000876,EMP-000194,2024-06-26,Travel-Hotel,Vendor-96,EUR,12759.05,13907.36,1.09,PROJ-048,CC-0010,APPROVED,MGR-003,Y,,Y
EXP-0000877,EMP-001098,2025-05-26,Office Supplies,Vendor-77,JPY,8156.16,54.65,0.0067,PROJ-001,CC-0004,APPROVED,MGR-003,Y,Monthly subscription,Y
EXP-0000878,EMP-000626,2024-05-16,Travel-Air,Vendor-11,JPY,4646.47,31.13,0.0067,PROJ-025,CC-0006,CANCELLED,MGR-002,Y,Client visit,N
EXP-0000879,EMP-001966,2025-02-01,Office Supplies,Vendor-73,INR,11641.32,139.7,0.012,PROJ-026,CC-0010,APPROVED,MGR-003,Y,,Y
EXP-0000880,EMP-000370,2024-04-24,Telecoms,Vendor-37,CAD,4449.95,3292.96,0.74,PROJ-046,CC-0014,PENDING,MGR-001,Y,Client visit,Y
EXP-0000881,EMP-000131,2024-02-16,Client Entertainment,Vendor-42,USD,4591.52,4591.52,1.0,PROJ-040,CC-0009,PENDING,MGR-001,Y,,N
EXP-0000882,EMP-001767,2025-04-02,Travel-Ground,Vendor-195,GBP,1359.81,1726.96,1.27,PROJ-027,CC-0019,REJECTED,MGR-003,Y,,Y
EXP-0000883,EMP-001126,2024-01-21,Travel-Air,Vendor-57,CAD,1672.3,1237.5,0.74,PROJ-028,CC-0014,CANCELLED,MGR-001,N,,Y
EXP-0000884,EMP-001918,2024-07-20,Travel-Ground,Vendor-139,USD,90.69,90.69,1.0,PROJ-022,CC-0007,CANCELLED,MGR-001,Y,Conference attendance,N
EXP-0000885,EMP-000368,2024-10-03,Meals,Vendor-136,USD,4906.3,4906.3,1.0,PROJ-016,CC-0018,APPROVED,MGR-002,N,Team lunch,Y
EXP-0000886,EMP-000816,2025-03-18,Travel-Ground,Vendor-118,USD,904.02,904.02,1.0,PROJ-049,CC-0014,PENDING,MGR-001,N,,Y
EXP-0000887,EMP-001808,2024-07-27,Meals,Vendor-124,JPY,10100.89,67.68,0.0067,PROJ-027,CC-0003,REJECTED,MGR-003,Y,,N
EXP-0000888,EMP-000215,2024-09-10,Office Supplies,Vendor-142,EUR,5970.76,6508.13,1.09,PROJ-020,CC-0004,APPROVED,MGR-001,N,Client visit,Y
EXP-0000889,EMP-001469,2024-06-05,Travel-Hotel,Vendor-173,CAD,13502.03,9991.5,0.74,PROJ-035,CC-0017,PENDING,MGR-002,N,Team lunch,Y
EXP-0000890,EMP-001921,2024-01-21,Office Supplies,Vendor-124,SGD,4887.25,3616.57,0.74,PROJ-032,CC-0013,APPROVED,MGR-003,Y,Team lunch,N
EXP-0000891,EMP-001841,2025-06-19,Travel-Hotel,Vendor-168,EUR,104.05,113.41,1.09,PROJ-018,CC-0008,APPROVED,MGR-003,N,Team lunch,N
EXP-0000892,EMP-001881,2025-05-30,Travel-Hotel,Vendor-91,JPY,1760.52,11.8,0.0067,PROJ-038,CC-0014,PENDING,MGR-003,Y,Monthly subscription,N
EXP-0000893,EMP-000035,2024-06-03,Office Supplies,Vendor-97,EUR,11019.02,12010.73,1.09,PROJ-024,CC-0013,CANCELLED,MGR-001,Y,,Y
EXP-0000894,EMP-000419,2024-11-11,Telecoms,Vendor-130,EUR,4861.86,5299.43,1.09,PROJ-038,CC-0019,PENDING,MGR-002,Y,Client visit,N
EXP-0000895,EMP-000019,2025-03-31,Client Entertainment,Vendor-35,JPY,9427.84,63.17,0.0067,PROJ-038,CC-0020,APPROVED,MGR-002,Y,,N
EXP-0000896,EMP-000844,2025-03-09,Telecoms,Vendor-78,EUR,11474.83,12507.56,1.09,PROJ-005,CC-0015,CANCELLED,MGR-002,Y,,Y
EXP-0000897,EMP-001393,2025-05-24,Client Entertainment,Vendor-144,SGD,4611.83,3412.75,0.74,PROJ-023,CC-0020,REJECTED,MGR-002,Y,Conference attendance,Y
EXP-0000898,EMP-000947,2024-09-05,Client Entertainment,Vendor-118,AUD,1697.04,1103.08,0.65,PROJ-034,CC-0011,PENDING,MGR-002,Y,Team lunch,N
EXP-0000899,EMP-000648,2024-01-11,Telecoms,Vendor-43,USD,3985.66,3985.66,1.0,PROJ-043,CC-0017,CANCELLED,MGR-001,Y,Client visit,Y
EXP-0000900,EMP-000286,2025-04-14,Travel-Air,Vendor-102,USD,2468.76,2468.76,1.0,PROJ-026,CC-0010,APPROVED,MGR-001,N,Monthly subscription,N
EXP-0000901,EMP-001578,2024-08-14,Travel-Air,Vendor-143,INR,7806.05,93.67,0.012,PROJ-035,CC-0019,PENDING,MGR-003,Y,Monthly subscription,N
EXP-0000902,EMP-001108,2024-08-30,Telecoms,Vendor-153,AUD,10004.69,6503.05,0.65,PROJ-048,CC-0016,REJECTED,MGR-003,Y,,N
EXP-0000903,EMP-000485,2024-01-15,Travel-Ground,Vendor-115,JPY,14763.88,98.92,0.0067,PROJ-024,CC-0001,APPROVED,MGR-001,N,Conference attendance,N
EXP-0000904,EMP-000826,2024-04-14,Telecoms,Vendor-200,JPY,11398.99,76.37,0.0067,PROJ-039,CC-0012,PENDING,MGR-001,Y,Team lunch,N
EXP-0000905,EMP-001572,2024-07-15,Training,Vendor-139,GBP,8373.79,10634.71,1.27,PROJ-043,CC-0010,CANCELLED,MGR-002,Y,,N
EXP-0000906,EMP-001088,2025-04-28,Travel-Ground,Vendor-107,USD,9807.88,9807.88,1.0,PROJ-042,CC-0002,APPROVED,MGR-001,N,Team lunch,N
EXP-0000907,EMP-000556,2024-10-29,Client Entertainment,Vendor-65,GBP,723.61,918.98,1.27,PROJ-009,CC-0020,APPROVED,MGR-002,Y,Monthly subscription,N
EXP-0000908,EMP-001903,2025-02-14,Software License,Vendor-43,JPY,8383.81,56.17,0.0067,PROJ-020,CC-0002,CANCELLED,MGR-001,N,Conference attendance,N
EXP-0000909,EMP-000894,2025-05-04,Travel-Ground,Vendor-81,INR,9173.11,110.08,0.012,PROJ-028,CC-0006,PENDING,MGR-001,Y,,Y
EXP-0000910,EMP-001909,2024-10-28,Training,Vendor-8,INR,3546.32,42.56,0.012,PROJ-017,CC-0016,REJECTED,MGR-002,Y,Monthly subscription,N
EXP-0000911,EMP-000457,2025-03-23,Software License,Vendor-44,INR,5591.76,67.1,0.012,PROJ-007,CC-0008,PENDING,MGR-002,Y,Team lunch,Y
EXP-0000912,EMP-001493,2024-12-22,Meals,Vendor-27,EUR,4319.17,4707.9,1.09,PROJ-011,CC-0020,APPROVED,MGR-001,N,Team lunch,Y
EXP-0000913,EMP-001906,2024-03-10,Training,Vendor-61,EUR,14198.11,15475.94,1.09,PROJ-050,CC-0005,CANCELLED,MGR-002,N,Team lunch,N
EXP-0000914,EMP-001139,2024-11-24,Software License,Vendor-142,CAD,9266.11,6856.92,0.74,PROJ-021,CC-0006,PENDING,MGR-003,Y,Client visit,N
EXP-0000915,EMP-000641,2024-04-13,Office Supplies,Vendor-30,EUR,10694.91,11657.45,1.09,PROJ-033,CC-0011,CANCELLED,MGR-002,Y,Team lunch,Y
EXP-0000916,EMP-000107,2024-02-18,Software License,Vendor-79,USD,5046.46,5046.46,1.0,PROJ-039,CC-0003,REJECTED,MGR-002,Y,Monthly subscription,N
EXP-0000917,EMP-000750,2024-08-07,Software License,Vendor-198,SGD,3462.51,2562.26,0.74,PROJ-010,CC-0010,CANCELLED,MGR-003,Y,Conference attendance,N
EXP-0000918,EMP-000615,2025-04-15,Meals,Vendor-67,GBP,5352.54,6797.73,1.27,PROJ-019,CC-0020,PENDING,MGR-001,Y,Client visit,N
EXP-0000919,EMP-000256,2024-08-10,Office Supplies,Vendor-22,USD,3341.46,3341.46,1.0,PROJ-005,CC-0007,PENDING,MGR-003,N,Team lunch,Y
EXP-0000920,EMP-001822,2024-06-28,Marketing Materials,Vendor-18,SGD,7595.35,5620.56,0.74,PROJ-023,CC-0006,CANCELLED,MGR-003,Y,Client visit,Y
EXP-0000921,EMP-000891,2024-07-07,Software License,Vendor-176,AUD,12409.88,8066.42,0.65,PROJ-005,CC-0011,PENDING,MGR-001,Y,,N
EXP-0000922,EMP-001354,2024-08-05,Software License,Vendor-187,JPY,4907.45,32.88,0.0067,PROJ-015,CC-0016,APPROVED,MGR-001,Y,Monthly subscription,N
EXP-0000923,EMP-000572,2025-01-25,Training,Vendor-23,SGD,2827.99,2092.71,0.74,PROJ-048,CC-0016,CANCELLED,MGR-003,Y,Client visit,N
EXP-0000924,EMP-000460,2024-08-02,Office Supplies,Vendor-35,GBP,14804.18,18801.31,1.27,PROJ-038,CC-0020,REJECTED,MGR-002,Y,Monthly subscription,N
EXP-0000925,EMP-001178,2024-01-30,Travel-Air,Vendor-29,USD,9147.77,9147.77,1.0,PROJ-004,CC-0018,REJECTED,MGR-002,N,,Y
EXP-0000926,EMP-001401,2024-12-14,Travel-Ground,Vendor-25,CAD,12491.58,9243.77,0.74,PROJ-046,CC-0003,CANCELLED,MGR-003,Y,Monthly subscription,Y
EXP-0000927,EMP-001508,2025-06-10,Marketing Materials,Vendor-77,AUD,5854.04,3805.13,0.65,PROJ-040,CC-0020,CANCELLED,MGR-003,Y,Team lunch,Y
EXP-0000928,EMP-001823,2025-05-17,Software License,Vendor-163,INR,12360.04,148.32,0.012,PROJ-046,CC-0019,REJECTED,MGR-003,N,,Y
EXP-0000929,EMP-000147,2025-03-27,Telecoms,Vendor-119,USD,2695.46,2695.46,1.0,PROJ-047,CC-0018,APPROVED,MGR-001,Y,,Y
EXP-0000930,EMP-000947,2024-01-15,Software License,Vendor-193,SGD,13481.72,9976.47,0.74,PROJ-038,CC-0017,REJECTED,MGR-002,Y,Conference attendance,N
EXP-0000931,EMP-001558,2024-06-12,Marketing Materials,Vendor-101,CAD,6387.56,4726.79,0.74,PROJ-034,CC-0004,APPROVED,MGR-001,N,,Y
EXP-0000932,EMP-000700,2025-03-20,Marketing Materials,Vendor-30,CAD,7927.17,5866.11,0.74,PROJ-050,CC-0003,PENDING,MGR-003,Y,,Y
EXP-0000933,EMP-000690,2024-01-12,Travel-Air,Vendor-189,AUD,14179.45,9216.64,0.65,PROJ-040,CC-0019,PENDING,MGR-001,Y,Team lunch,Y
EXP-0000934,EMP-001148,2025-03-11,Office Supplies,Vendor-150,INR,4741.19,56.89,0.012,PROJ-014,CC-0008,REJECTED,MGR-001,Y,,Y
EXP-0000935,EMP-000025,2024-11-22,Meals,Vendor-33,SGD,14418.16,10669.44,0.74,PROJ-044,CC-0013,APPROVED,MGR-003,Y,Conference attendance,Y
EXP-0000936,EMP-001964,2024-05-08,Telecoms,Vendor-122,GBP,166.42,211.35,1.27,PROJ-020,CC-0005,REJECTED,MGR-002,Y,Client visit,N
EXP-0000937,EMP-001414,2024-12-01,Marketing Materials,Vendor-26,USD,8613.78,8613.78,1.0,PROJ-033,CC-0004,APPROVED,MGR-002,Y,Conference attendance,Y
EXP-0000938,EMP-000945,2024-07-30,Office Supplies,Vendor-18,AUD,3190.54,2073.85,0.65,PROJ-022,CC-0017,CANCELLED,MGR-001,Y,Team lunch,Y
EXP-0000939,EMP-001414,2024-12-23,Marketing Materials,Vendor-185,SGD,1192.2,882.23,0.74,PROJ-039,CC-0013,PENDING,MGR-001,Y,Client visit,Y
EXP-0000940,EMP-001116,2024-11-25,Office Supplies,Vendor-24,USD,9403.2,9403.2,1.0,PROJ-024,CC-0010,CANCELLED,MGR-003,N,Conference attendance,N
EXP-0000941,EMP-000491,2025-05-14,Telecoms,Vendor-48,JPY,12307.97,82.46,0.0067,PROJ-023,CC-0012,APPROVED,MGR-001,Y,Monthly subscription,Y
EXP-0000942,EMP-001257,2024-02-13,Travel-Ground,Vendor-131,JPY,14348.22,96.13,0.0067,PROJ-016,CC-0016,CANCELLED,MGR-001,Y,Conference attendance,Y
EXP-0000943,EMP-001332,2025-01-22,Office Supplies,Vendor-2,JPY,14951.56,100.18,0.0067,PROJ-022,CC-0008,REJECTED,MGR-001,Y,Team lunch,N
EXP-0000944,EMP-001444,2025-02-26,Travel-Hotel,Vendor-9,AUD,1039.63,675.76,0.65,PROJ-007,CC-0020,CANCELLED,MGR-002,N,Monthly subscription,N
EXP-0000945,EMP-000088,2025-01-17,Travel-Hotel,Vendor-10,JPY,12425.25,83.25,0.0067,PROJ-013,CC-0018,APPROVED,MGR-001,Y,Client visit,Y
EXP-0000946,EMP-000860,2024-08-01,Office Supplies,Vendor-35,AUD,2149.22,1396.99,0.65,PROJ-033,CC-0004,REJECTED,MGR-003,Y,,N
EXP-0000947,EMP-001547,2024-08-23,Telecoms,Vendor-82,SGD,1749.73,1294.8,0.74,PROJ-014,CC-0001,CANCELLED,MGR-003,Y,Team lunch,N
EXP-0000948,EMP-001549,2024-01-04,Telecoms,Vendor-45,JPY,3909.31,26.19,0.0067,PROJ-012,CC-0017,REJECTED,MGR-003,Y,Monthly subscription,N
EXP-0000949,EMP-001448,2024-08-30,Software License,Vendor-138,INR,1687.17,20.25,0.012,PROJ-048,CC-0015,PENDING,MGR-002,Y,Team lunch,N
EXP-0000950,EMP-001983,2025-03-11,Marketing Materials,Vendor-144,CAD,328.88,243.37,0.74,PROJ-008,CC-0004,CANCELLED,MGR-002,Y,Client visit,N
EXP-0000951,EMP-001557,2025-06-19,Travel-Hotel,Vendor-130,CAD,8863.81,6559.22,0.74,PROJ-032,CC-0007,CANCELLED,MGR-002,Y,,Y
EXP-0000952,EMP-000582,2025-05-01,Training,Vendor-4,CAD,3224.59,2386.2,0.74,PROJ-017,CC-0004,PENDING,MGR-003,Y,,Y
EXP-0000953,EMP-000715,2024-07-16,Marketing Materials,Vendor-164,GBP,14131.77,17947.35,1.27,PROJ-027,CC-0001,PENDING,MGR-003,N,Team lunch,Y
EXP-0000954,EMP-000342,2024-02-10,Client Entertainment,Vendor-18,INR,3974.97,47.7,0.012,PROJ-042,CC-0006,PENDING,MGR-001,Y,,N
EXP-0000955,EMP-000015,2024-10-01,Client Entertainment,Vendor-17,SGD,6932.76,5130.24,0.74,PROJ-002,CC-0002,CANCELLED,MGR-003,Y,Conference attendance,Y
EXP-0000956,EMP-001600,2024-09-02,Marketing Materials,Vendor-165,EUR,4068.13,4434.26,1.09,PROJ-005,CC-0002,CANCELLED,MGR-003,Y,Conference attendance,Y
EXP-0000957,EMP-001115,2025-04-21,Travel-Air,Vendor-151,EUR,11262.29,12275.9,1.09,PROJ-047,CC-0018,CANCELLED,MGR-001,Y,Monthly subscription,N
EXP-0000958,EMP-000765,2024-03-21,Training,Vendor-77,CAD,2758.15,2041.03,0.74,PROJ-010,CC-0006,REJECTED,MGR-001,Y,,Y
EXP-0000959,EMP-000221,2024-02-22,Travel-Air,Vendor-50,EUR,6294.05,6860.51,1.09,PROJ-020,CC-0013,CANCELLED,MGR-001,Y,Client visit,Y
EXP-0000960,EMP-001119,2025-02-12,Training,Vendor-178,SGD,189.87,140.5,0.74,PROJ-042,CC-0006,APPROVED,MGR-001,Y,Conference attendance,N
EXP-0000961,EMP-001644,2025-02-28,Travel-Ground,Vendor-18,CAD,5869.95,4343.76,0.74,PROJ-037,CC-0012,PENDING,MGR-002,Y,Conference attendance,N
EXP-0000962,EMP-000642,2024-01-31,Travel-Air,Vendor-25,SGD,7142.18,5285.21,0.74,PROJ-032,CC-0008,PENDING,MGR-002,Y,Conference attendance,N
EXP-0000963,EMP-000184,2024-07-13,Travel-Air,Vendor-168,CAD,9233.89,6833.08,0.74,PROJ-029,CC-0006,PENDING,MGR-001,Y,Client visit,N
EXP-0000964,EMP-000968,2024-03-18,Office Supplies,Vendor-127,USD,11151.23,11151.23,1.0,PROJ-010,CC-0006,APPROVED,MGR-001,Y,Monthly subscription,N
EXP-0000965,EMP-001016,2024-04-23,Telecoms,Vendor-43,JPY,11887.28,79.64,0.0067,PROJ-036,CC-0003,CANCELLED,MGR-001,Y,Monthly subscription,N
EXP-0000966,EMP-000297,2024-08-18,Client Entertainment,Vendor-76,CAD,6111.86,4522.78,0.74,PROJ-009,CC-0006,REJECTED,MGR-001,Y,,N
EXP-0000967,EMP-000371,2024-08-07,Telecoms,Vendor-70,USD,2169.62,2169.62,1.0,PROJ-049,CC-0003,PENDING,MGR-003,Y,,N
EXP-0000968,EMP-000914,2025-04-30,Travel-Ground,Vendor-97,AUD,11131.2,7235.28,0.65,PROJ-040,CC-0001,PENDING,MGR-003,N,Team lunch,N
EXP-0000969,EMP-001891,2024-05-13,Training,Vendor-105,INR,1424.66,17.1,0.012,PROJ-006,CC-0015,REJECTED,MGR-003,Y,,Y
EXP-0000970,EMP-001695,2025-01-02,Telecoms,Vendor-139,AUD,14220.8,9243.52,0.65,PROJ-023,CC-0004,CANCELLED,MGR-001,N,Conference attendance,Y
EXP-0000971,EMP-001905,2024-04-03,Travel-Ground,Vendor-111,GBP,4801.84,6098.34,1.27,PROJ-035,CC-0013,REJECTED,MGR-003,Y,Monthly subscription,N
EXP-0000972,EMP-001861,2025-06-10,Office Supplies,Vendor-33,JPY,11869.54,79.53,0.0067,PROJ-014,CC-0015,CANCELLED,MGR-001,Y,,N
EXP-0000973,EMP-000049,2025-06-07,Meals,Vendor-113,AUD,6848.24,4451.36,0.65,PROJ-043,CC-0018,APPROVED,MGR-003,Y,,Y
EXP-0000974,EMP-001734,2024-05-13,Travel-Hotel,Vendor-112,SGD,4380.72,3241.73,0.74,PROJ-020,CC-0002,APPROVED,MGR-002,N,Team lunch,Y
EXP-0000975,EMP-000472,2024-10-12,Marketing Materials,Vendor-69,CAD,11783.49,8719.78,0.74,PROJ-033,CC-0014,REJECTED,MGR-002,Y,,Y
EXP-0000976,EMP-001978,2025-06-24,Office Supplies,Vendor-82,GBP,3367.78,4277.08,1.27,PROJ-018,CC-0014,PENDING,MGR-001,Y,Client visit,Y
EXP-0000977,EMP-001489,2025-05-18,Travel-Ground,Vendor-4,EUR,2997.53,3267.31,1.09,PROJ-023,CC-0011,APPROVED,MGR-001,N,Conference attendance,Y
EXP-0000978,EMP-001063,2025-01-20,Meals,Vendor-75,USD,282.42,282.42,1.0,PROJ-048,CC-0013,CANCELLED,MGR-001,Y,,Y
EXP-0000979,EMP-001171,2024-04-02,Travel-Hotel,Vendor-65,USD,7747.21,7747.21,1.0,PROJ-008,CC-0013,APPROVED,MGR-001,Y,Team lunch,Y
EXP-0000980,EMP-001013,2024-07-25,Training,Vendor-190,CAD,2091.57,1547.76,0.74,PROJ-038,CC-0018,CANCELLED,MGR-003,Y,Team lunch,Y
EXP-0000981,EMP-001726,2024-03-25,Marketing Materials,Vendor-109,INR,4510.02,54.12,0.012,PROJ-031,CC-0009,CANCELLED,MGR-001,Y,Conference attendance,Y
EXP-0000982,EMP-000511,2025-03-20,Travel-Hotel,Vendor-25,AUD,10267.61,6673.95,0.65,PROJ-047,CC-0008,CANCELLED,MGR-001,Y,,Y
EXP-0000983,EMP-001238,2025-01-13,Client Entertainment,Vendor-85,INR,1396.08,16.75,0.012,PROJ-033,CC-0005,REJECTED,MGR-001,Y,Client visit,N
EXP-0000984,EMP-000417,2024-11-27,Meals,Vendor-72,USD,1035.52,1035.52,1.0,PROJ-027,CC-0014,APPROVED,MGR-002,Y,Team lunch,N
EXP-0000985,EMP-001442,2024-10-06,Office Supplies,Vendor-111,AUD,8734.25,5677.26,0.65,PROJ-029,CC-0005,APPROVED,MGR-001,Y,,Y
EXP-0000986,EMP-001477,2024-01-17,Travel-Ground,Vendor-181,AUD,13219.71,8592.81,0.65,PROJ-050,CC-0018,APPROVED,MGR-003,N,Client visit,Y
EXP-0000987,EMP-001571,2024-10-22,Travel-Air,Vendor-39,SGD,8950.99,6623.73,0.74,PROJ-026,CC-0005,APPROVED,MGR-003,Y,,Y
EXP-0000988,EMP-000666,2024-05-19,Training,Vendor-59,SGD,3938.58,2914.55,0.74,PROJ-023,CC-0007,CANCELLED,MGR-002,N,Client visit,N
EXP-0000989,EMP-000604,2024-03-30,Travel-Ground,Vendor-159,SGD,270.78,200.38,0.74,PROJ-007,CC-0018,PENDING,MGR-003,Y,Conference attendance,Y
EXP-0000990,EMP-001287,2024-06-29,Software License,Vendor-89,JPY,14074.64,94.3,0.0067,PROJ-037,CC-0001,REJECTED,MGR-003,Y,Conference attendance,Y
EXP-0000991,EMP-000355,2024-08-12,Travel-Air,Vendor-68,USD,6975.08,6975.08,1.0,PROJ-028,CC-0014,APPROVED,MGR-001,Y,Client visit,Y
EXP-0000992,EMP-000061,2024-04-01,Travel-Ground,Vendor-52,EUR,6879.64,7498.81,1.09,PROJ-009,CC-0019,CANCELLED,MGR-001,Y,Conference attendance,Y
EXP-0000993,EMP-000542,2025-01-18,Travel-Air,Vendor-128,USD,9826.41,9826.41,1.0,PROJ-048,CC-0014,CANCELLED,MGR-002,N,,N
EXP-0000994,EMP-000095,2024-11-08,Travel-Ground,Vendor-37,AUD,5733.72,3726.92,0.65,PROJ-029,CC-0014,PENDING,MGR-003,Y,Team lunch,Y
EXP-0000995,EMP-000682,2024-08-30,Travel-Air,Vendor-94,GBP,9334.37,11854.65,1.27,PROJ-032,CC-0007,REJECTED,MGR-002,N,Monthly subscription,Y
EXP-0000996,EMP-000864,2024-03-26,Training,Vendor-105,INR,8379.43,100.55,0.012,PROJ-035,CC-0006,PENDING,MGR-002,Y,,Y
EXP-0000997,EMP-000376,2025-02-07,Training,Vendor-1,SGD,10026.0,7419.24,0.74,PROJ-033,CC-0013,CANCELLED,MGR-003,Y,Monthly subscription,N
EXP-0000998,EMP-000566,2024-03-19,Telecoms,Vendor-114,EUR,12840.33,13995.96,1.09,PROJ-027,CC-0018,CANCELLED,MGR-003,Y,,N
EXP-0000999,EMP-000165,2024-06-12,Telecoms,Vendor-16,SGD,7011.55,5188.55,0.74,PROJ-041,CC-0007,REJECTED,MGR-001,Y,Team lunch,Y
EXP-0001000,EMP-000990,2024-11-04,Travel-Ground,Vendor-33,AUD,7513.97,4884.08,0.65,PROJ-016,CC-0011,REJECTED,MGR-001,Y,Conference attendance,N
EXP-0001001,EMP-001544,2025-01-22,Marketing Materials,Vendor-40,JPY,13181.79,88.32,0.0067,PROJ-008,CC-0005,APPROVED,MGR-002,Y,Monthly subscription,N
EXP-0001002,EMP-001178,2024-06-25,Travel-Air,Vendor-103,EUR,5360.19,5842.61,1.09,PROJ-043,CC-0009,REJECTED,MGR-003,Y,Conference attendance,Y
EXP-0001003,EMP-001120,2024-03-23,Marketing Materials,Vendor-38,SGD,11613.91,8594.29,0.74,PROJ-030,CC-0008,APPROVED,MGR-003,Y,Client visit,N
EXP-0001004,EMP-001202,2024-10-21,Marketing Materials,Vendor-129,CAD,5067.07,3749.63,0.74,PROJ-012,CC-0003,REJECTED,MGR-003,Y,,Y
EXP-0001005,EMP-001774,2024-01-19,Software License,Vendor-26,JPY,6083.22,40.76,0.0067,PROJ-007,CC-0002,PENDING,MGR-001,N,Monthly subscription,N
EXP-0001006,EMP-000572,2024-03-25,Travel-Ground,Vendor-64,CAD,9851.11,7289.82,0.74,PROJ-002,CC-0004,CANCELLED,MGR-001,Y,,N
EXP-0001007,EMP-000491,2025-05-23,Travel-Ground,Vendor-26,USD,12358.7,12358.7,1.0,PROJ-046,CC-0017,CANCELLED,MGR-001,Y,Client visit,Y
EXP-0001008,EMP-000413,2024-04-17,Telecoms,Vendor-115,USD,14992.54,14992.54,1.0,PROJ-036,CC-0019,APPROVED,MGR-001,Y,Monthly subscription,Y
EXP-0001009,EMP-001883,2025-05-01,Travel-Hotel,Vendor-62,USD,3155.75,3155.75,1.0,PROJ-007,CC-0016,APPROVED,MGR-003,Y,,N
EXP-0001010,EMP-000215,2025-02-01,Travel-Ground,Vendor-195,USD,11712.31,11712.31,1.0,PROJ-023,CC-0020,APPROVED,MGR-003,Y,Conference attendance,N
EXP-0001011,EMP-000674,2025-01-08,Travel-Air,Vendor-161,SGD,12323.92,9119.7,0.74,PROJ-008,CC-0003,PENDING,MGR-002,Y,Client visit,N
EXP-0001012,EMP-000047,2025-04-28,Travel-Ground,Vendor-143,EUR,10595.47,11549.06,1.09,PROJ-034,CC-0015,APPROVED,MGR-002,N,Team lunch,Y
EXP-0001013,EMP-001937,2025-03-01,Travel-Hotel,Vendor-110,CAD,7024.54,5198.16,0.74,PROJ-002,CC-0018,APPROVED,MGR-003,Y,Client visit,Y
EXP-0001014,EMP-001801,2025-01-28,Client Entertainment,Vendor-124,CAD,10155.92,7515.38,0.74,PROJ-032,CC-0004,PENDING,MGR-002,Y,Client visit,Y
EXP-0001015,EMP-001147,2024-04-18,Travel-Air,Vendor-47,SGD,13175.82,9750.11,0.74,PROJ-019,CC-0018,APPROVED,MGR-003,Y,Monthly subscription,N
EXP-0001016,EMP-001334,2024-09-20,Client Entertainment,Vendor-50,USD,230.81,230.81,1.0,PROJ-050,CC-0005,PENDING,MGR-002,N,Client visit,Y
EXP-0001017,EMP-001617,2025-01-28,Telecoms,Vendor-172,JPY,8780.35,58.83,0.0067,PROJ-049,CC-0013,REJECTED,MGR-002,Y,Team lunch,N
EXP-0001018,EMP-000907,2024-12-31,Travel-Hotel,Vendor-112,USD,5840.11,5840.11,1.0,PROJ-040,CC-0004,PENDING,MGR-003,Y,,Y
EXP-0001019,EMP-001507,2024-04-28,Office Supplies,Vendor-77,GBP,4834.59,6139.93,1.27,PROJ-010,CC-0013,APPROVED,MGR-001,Y,Conference attendance,Y
EXP-0001020,EMP-001928,2025-06-19,Client Entertainment,Vendor-41,CAD,5466.04,4044.87,0.74,PROJ-019,CC-0007,APPROVED,MGR-003,N,,Y
EXP-0001021,EMP-000600,2025-05-30,Travel-Hotel,Vendor-57,AUD,8132.02,5285.81,0.65,PROJ-002,CC-0001,REJECTED,MGR-001,Y,,Y
EXP-0001022,EMP-000469,2024-02-17,Travel-Ground,Vendor-26,USD,4752.73,4752.73,1.0,PROJ-024,CC-0003,CANCELLED,MGR-002,Y,,N
EXP-0001023,EMP-001627,2024-09-07,Meals,Vendor-171,AUD,6070.16,3945.6,0.65,PROJ-040,CC-0011,PENDING,MGR-002,Y,Conference attendance,Y
EXP-0001024,EMP-000243,2024-10-09,Training,Vendor-108,INR,265.97,3.19,0.012,PROJ-017,CC-0005,CANCELLED,MGR-003,Y,Conference attendance,N
EXP-0001025,EMP-000691,2024-11-24,Travel-Hotel,Vendor-36,SGD,3709.26,2744.85,0.74,PROJ-035,CC-0003,CANCELLED,MGR-002,Y,Conference attendance,Y
EXP-0001026,EMP-001567,2025-05-24,Marketing Materials,Vendor-26,CAD,8888.21,6577.28,0.74,PROJ-022,CC-0012,REJECTED,MGR-001,Y,,Y
EXP-0001027,EMP-001504,2025-01-27,Travel-Air,Vendor-40,SGD,2420.03,1790.82,0.74,PROJ-019,CC-0010,CANCELLED,MGR-003,Y,Monthly subscription,N
EXP-0001028,EMP-000076,2025-01-01,Travel-Hotel,Vendor-114,SGD,7033.77,5204.99,0.74,PROJ-007,CC-0001,CANCELLED,MGR-001,Y,,N
EXP-0001029,EMP-001650,2024-09-26,Training,Vendor-137,GBP,5431.19,6897.61,1.27,PROJ-042,CC-0008,CANCELLED,MGR-003,Y,Client visit,Y
EXP-0001030,EMP-000468,2024-01-17,Travel-Ground,Vendor-114,SGD,4777.57,3535.4,0.74,PROJ-019,CC-0003,REJECTED,MGR-003,Y,,N
EXP-0001031,EMP-000332,2024-06-25,Software License,Vendor-67,EUR,5756.01,6274.05,1.09,PROJ-050,CC-0013,CANCELLED,MGR-001,Y,Client visit,N
EXP-0001032,EMP-000878,2024-09-13,Travel-Ground,Vendor-3,USD,6735.94,6735.94,1.0,PROJ-029,CC-0013,PENDING,MGR-001,Y,Conference attendance,Y
EXP-0001033,EMP-001124,2025-02-14,Training,Vendor-107,INR,3131.6,37.58,0.012,PROJ-045,CC-0005,REJECTED,MGR-003,N,Client visit,N
EXP-0001034,EMP-000833,2024-01-31,Client Entertainment,Vendor-133,SGD,9114.65,6744.84,0.74,PROJ-034,CC-0013,PENDING,MGR-001,Y,,N
EXP-0001035,EMP-000532,2024-01-07,Software License,Vendor-7,INR,11663.54,139.96,0.012,PROJ-044,CC-0017,PENDING,MGR-002,N,,N
EXP-0001036,EMP-000671,2025-04-05,Office Supplies,Vendor-66,GBP,14355.33,18231.27,1.27,PROJ-050,CC-0001,REJECTED,MGR-001,Y,Team lunch,N
EXP-0001037,EMP-001025,2025-04-19,Training,Vendor-182,USD,11053.81,11053.81,1.0,PROJ-022,CC-0012,REJECTED,MGR-001,Y,Conference attendance,Y
EXP-0001038,EMP-001080,2024-09-22,Travel-Ground,Vendor-47,CAD,12469.29,9227.27,0.74,PROJ-031,CC-0007,CANCELLED,MGR-003,N,Team lunch,Y
EXP-0001039,EMP-000361,2024-06-28,Travel-Ground,Vendor-124,EUR,903.95,985.31,1.09,PROJ-007,CC-0004,APPROVED,MGR-002,Y,,N
EXP-0001040,EMP-001984,2025-05-18,Travel-Hotel,Vendor-109,JPY,9105.14,61.0,0.0067,PROJ-011,CC-0002,REJECTED,MGR-001,Y,Conference attendance,N
EXP-0001041,EMP-000828,2024-08-26,Travel-Air,Vendor-96,AUD,12558.87,8163.27,0.65,PROJ-012,CC-0004,CANCELLED,MGR-003,Y,Client visit,Y
EXP-0001042,EMP-000370,2025-02-27,Telecoms,Vendor-141,EUR,453.52,494.34,1.09,PROJ-001,CC-0004,REJECTED,MGR-001,Y,Monthly subscription,N
EXP-0001043,EMP-001119,2024-01-26,Travel-Hotel,Vendor-116,GBP,917.64,1165.4,1.27,PROJ-030,CC-0001,PENDING,MGR-001,Y,Client visit,N
EXP-0001044,EMP-001404,2024-01-12,Travel-Air,Vendor-75,USD,13323.7,13323.7,1.0,PROJ-038,CC-0007,PENDING,MGR-001,Y,Team lunch,Y
EXP-0001045,EMP-000772,2024-08-17,Travel-Hotel,Vendor-113,AUD,13753.14,8939.54,0.65,PROJ-011,CC-0019,REJECTED,MGR-002,Y,Client visit,Y
EXP-0001046,EMP-000067,2025-02-11,Software License,Vendor-67,CAD,14368.96,10633.03,0.74,PROJ-004,CC-0006,REJECTED,MGR-003,Y,Conference attendance,Y
EXP-0001047,EMP-001436,2024-06-10,Training,Vendor-47,CAD,1917.04,1418.61,0.74,PROJ-035,CC-0003,PENDING,MGR-003,Y,Team lunch,Y
EXP-0001048,EMP-000612,2025-03-15,Travel-Air,Vendor-33,INR,9786.74,117.44,0.012,PROJ-028,CC-0014,CANCELLED,MGR-002,Y,Client visit,N
EXP-0001049,EMP-000623,2024-12-30,Meals,Vendor-151,EUR,8298.94,9045.84,1.09,PROJ-032,CC-0009,REJECTED,MGR-001,Y,,Y
EXP-0001050,EMP-000006,2025-03-04,Training,Vendor-94,JPY,4527.28,30.33,0.0067,PROJ-049,CC-0014,APPROVED,MGR-001,Y,,Y
EXP-0001051,EMP-001726,2024-06-24,Telecoms,Vendor-12,GBP,8480.02,10769.63,1.27,PROJ-011,CC-0006,APPROVED,MGR-002,Y,Client visit,Y
EXP-0001052,EMP-001173,2024-02-05,Telecoms,Vendor-58,AUD,3893.13,2530.53,0.65,PROJ-012,CC-0006,REJECTED,MGR-001,N,Client visit,Y
EXP-0001053,EMP-000502,2025-01-01,Travel-Hotel,Vendor-11,USD,14361.49,14361.49,1.0,PROJ-010,CC-0012,REJECTED,MGR-002,Y,Conference attendance,Y
EXP-0001054,EMP-001631,2024-02-04,Meals,Vendor-104,INR,4262.36,51.15,0.012,PROJ-038,CC-0017,REJECTED,MGR-003,N,,Y
EXP-0001055,EMP-000333,2024-10-28,Meals,Vendor-101,CAD,2899.29,2145.47,0.74,PROJ-011,CC-0019,CANCELLED,MGR-001,Y,,Y
EXP-0001056,EMP-001517,2024-08-24,Travel-Hotel,Vendor-33,INR,8469.32,101.63,0.012,PROJ-018,CC-0009,APPROVED,MGR-001,Y,Team lunch,N
EXP-0001057,EMP-001792,2024-05-17,Travel-Air,Vendor-31,JPY,4702.72,31.51,0.0067,PROJ-010,CC-0008,CANCELLED,MGR-002,N,Conference attendance,N
EXP-0001058,EMP-000762,2024-10-11,Travel-Ground,Vendor-17,SGD,4641.76,3434.9,0.74,PROJ-001,CC-0013,PENDING,MGR-003,Y,,Y
EXP-0001059,EMP-000701,2024-04-10,Telecoms,Vendor-34,CAD,13526.29,10009.45,0.74,PROJ-012,CC-0013,CANCELLED,MGR-001,N,Conference attendance,N
EXP-0001060,EMP-000821,2024-05-11,Office Supplies,Vendor-71,INR,3489.47,41.87,0.012,PROJ-031,CC-0011,PENDING,MGR-003,Y,Monthly subscription,N
EXP-0001061,EMP-000291,2024-01-27,Telecoms,Vendor-109,GBP,13460.51,17094.85,1.27,PROJ-008,CC-0015,PENDING,MGR-001,Y,,Y
EXP-0001062,EMP-000282,2024-10-03,Travel-Air,Vendor-49,AUD,4737.92,3079.65,0.65,PROJ-011,CC-0004,APPROVED,MGR-002,N,Monthly subscription,N
EXP-0001063,EMP-000555,2024-08-02,Travel-Ground,Vendor-26,USD,4773.75,4773.75,1.0,PROJ-038,CC-0004,REJECTED,MGR-001,Y,,N
EXP-0001064,EMP-000945,2024-05-23,Client Entertainment,Vendor-120,SGD,13760.71,10182.93,0.74,PROJ-039,CC-0005,REJECTED,MGR-003,Y,Client visit,Y
EXP-0001065,EMP-000484,2024-09-17,Software License,Vendor-180,GBP,7530.76,9564.07,1.27,PROJ-035,CC-0004,PENDING,MGR-003,Y,Monthly subscription,N
EXP-0001066,EMP-001010,2025-01-26,Telecoms,Vendor-51,SGD,631.3,467.16,0.74,PROJ-014,CC-0008,PENDING,MGR-003,Y,Monthly subscription,Y
EXP-0001067,EMP-001931,2024-02-28,Travel-Ground,Vendor-88,INR,13090.38,157.08,0.012,PROJ-030,CC-0018,REJECTED,MGR-002,Y,Conference attendance,N
EXP-0001068,EMP-001087,2024-07-15,Marketing Materials,Vendor-44,INR,11031.26,132.38,0.012,PROJ-050,CC-0011,CANCELLED,MGR-003,Y,Client visit,N
EXP-0001069,EMP-001041,2024-09-29,Office Supplies,Vendor-124,EUR,279.66,304.83,1.09,PROJ-009,CC-0019,PENDING,MGR-002,Y,Client visit,N
EXP-0001070,EMP-001200,2025-02-05,Travel-Ground,Vendor-143,INR,1211.49,14.54,0.012,PROJ-011,CC-0006,PENDING,MGR-002,Y,Conference attendance,Y
EXP-0001071,EMP-001360,2025-02-19,Travel-Ground,Vendor-194,INR,10942.75,131.31,0.012,PROJ-020,CC-0015,PENDING,MGR-003,Y,Client visit,N
EXP-0001072,EMP-000186,2024-06-22,Travel-Ground,Vendor-63,EUR,9695.33,10567.91,1.09,PROJ-018,CC-0003,REJECTED,MGR-003,N,,Y
EXP-0001073,EMP-001342,2025-03-03,Office Supplies,Vendor-44,USD,9086.21,9086.21,1.0,PROJ-045,CC-0015,APPROVED,MGR-001,Y,Team lunch,Y
EXP-0001074,EMP-001827,2024-12-16,Travel-Air,Vendor-149,AUD,13779.23,8956.5,0.65,PROJ-024,CC-0014,PENDING,MGR-001,Y,Team lunch,N
EXP-0001075,EMP-000475,2024-03-17,Travel-Air,Vendor-189,USD,291.26,291.26,1.0,PROJ-049,CC-0003,PENDING,MGR-001,Y,Client visit,Y
EXP-0001076,EMP-001713,2025-04-19,Travel-Hotel,Vendor-23,EUR,2413.23,2630.42,1.09,PROJ-038,CC-0008,CANCELLED,MGR-001,Y,Team lunch,Y
EXP-0001077,EMP-001350,2024-02-08,Software License,Vendor-103,EUR,6926.44,7549.82,1.09,PROJ-018,CC-0013,APPROVED,MGR-003,Y,Conference attendance,N
EXP-0001078,EMP-000801,2024-10-15,Meals,Vendor-182,JPY,13055.92,87.47,0.0067,PROJ-034,CC-0012,APPROVED,MGR-001,Y,Client visit,N
EXP-0001079,EMP-000868,2024-04-02,Training,Vendor-109,EUR,3006.28,3276.85,1.09,PROJ-043,CC-0005,PENDING,MGR-003,Y,Client visit,Y
EXP-0001080,EMP-001317,2024-09-22,Client Entertainment,Vendor-183,JPY,1728.85,11.58,0.0067,PROJ-006,CC-0014,REJECTED,MGR-001,N,,Y
EXP-0001081,EMP-001844,2024-10-21,Travel-Hotel,Vendor-192,JPY,5241.0,35.11,0.0067,PROJ-013,CC-0015,PENDING,MGR-002,Y,,N
EXP-0001082,EMP-000861,2024-02-02,Office Supplies,Vendor-178,INR,7154.37,85.85,0.012,PROJ-014,CC-0009,REJECTED,MGR-001,Y,Monthly subscription,N
EXP-0001083,EMP-001758,2024-12-14,Travel-Hotel,Vendor-131,GBP,7105.99,9024.61,1.27,PROJ-036,CC-0015,APPROVED,MGR-001,Y,,Y
EXP-0001084,EMP-000375,2024-02-12,Travel-Ground,Vendor-74,EUR,4503.7,4909.03,1.09,PROJ-036,CC-0008,CANCELLED,MGR-002,Y,Monthly subscription,Y
EXP-0001085,EMP-000551,2024-12-19,Office Supplies,Vendor-200,SGD,2531.59,1873.38,0.74,PROJ-022,CC-0007,CANCELLED,MGR-003,Y,Team lunch,Y
EXP-0001086,EMP-000601,2025-01-13,Meals,Vendor-97,EUR,5390.44,5875.58,1.09,PROJ-049,CC-0005,CANCELLED,MGR-003,Y,Monthly subscription,N
EXP-0001087,EMP-000889,2024-09-29,Travel-Hotel,Vendor-168,EUR,2975.92,3243.75,1.09,PROJ-001,CC-0001,REJECTED,MGR-001,Y,,N
EXP-0001088,EMP-000549,2024-06-27,Travel-Hotel,Vendor-101,SGD,11131.36,8237.21,0.74,PROJ-047,CC-0009,PENDING,MGR-002,Y,Conference attendance,Y
EXP-0001089,EMP-000537,2025-03-13,Travel-Air,Vendor-79,SGD,8009.12,5926.75,0.74,PROJ-032,CC-0014,APPROVED,MGR-002,N,Team lunch,N
EXP-0001090,EMP-000105,2025-02-09,Office Supplies,Vendor-22,AUD,3192.06,2074.84,0.65,PROJ-035,CC-0015,REJECTED,MGR-002,Y,Team lunch,N
EXP-0001091,EMP-000795,2024-08-27,Office Supplies,Vendor-142,EUR,10194.75,11112.28,1.09,PROJ-005,CC-0012,REJECTED,MGR-003,Y,,N
EXP-0001092,EMP-000306,2025-04-08,Training,Vendor-179,USD,14076.35,14076.35,1.0,PROJ-011,CC-0019,APPROVED,MGR-001,Y,Monthly subscription,Y
EXP-0001093,EMP-001716,2025-01-29,Travel-Air,Vendor-75,SGD,9750.68,7215.5,0.74,PROJ-016,CC-0012,CANCELLED,MGR-002,Y,Monthly subscription,Y
EXP-0001094,EMP-000910,2024-09-30,Office Supplies,Vendor-152,CAD,10591.26,7837.53,0.74,PROJ-033,CC-0008,PENDING,MGR-001,Y,Team lunch,N
EXP-0001095,EMP-000829,2025-04-27,Travel-Hotel,Vendor-141,CAD,343.58,254.25,0.74,PROJ-009,CC-0006,PENDING,MGR-002,Y,Team lunch,N
EXP-0001096,EMP-001580,2025-06-08,Training,Vendor-131,GBP,9218.48,11707.47,1.27,PROJ-042,CC-0017,CANCELLED,MGR-002,N,,N
EXP-0001097,EMP-001539,2024-07-29,Telecoms,Vendor-107,USD,5814.29,5814.29,1.0,PROJ-014,CC-0010,PENDING,MGR-003,Y,Team lunch,Y
EXP-0001098,EMP-001306,2024-11-26,Travel-Air,Vendor-172,INR,11984.31,143.81,0.012,PROJ-041,CC-0010,PENDING,MGR-001,Y,,N
EXP-0001099,EMP-001755,2025-03-08,Travel-Hotel,Vendor-140,USD,3942.8,3942.8,1.0,PROJ-026,CC-0015,APPROVED,MGR-002,Y,Client visit,Y
EXP-0001100,EMP-000824,2024-06-15,Telecoms,Vendor-174,USD,11440.42,11440.42,1.0,PROJ-001,CC-0016,PENDING,MGR-003,N,,Y
EXP-0001101,EMP-001151,2024-06-06,Office Supplies,Vendor-180,EUR,7363.17,8025.86,1.09,PROJ-021,CC-0007,PENDING,MGR-002,Y,Team lunch,Y
EXP-0001102,EMP-000631,2024-09-25,Travel-Ground,Vendor-104,JPY,12337.15,82.66,0.0067,PROJ-038,CC-0010,PENDING,MGR-001,N,,Y
EXP-0001103,EMP-000487,2024-11-30,Client Entertainment,Vendor-176,GBP,10121.83,12854.72,1.27,PROJ-041,CC-0020,APPROVED,MGR-001,Y,Monthly subscription,N
EXP-0001104,EMP-000780,2024-07-02,Travel-Hotel,Vendor-158,SGD,411.49,304.5,0.74,PROJ-022,CC-0018,CANCELLED,MGR-001,Y,Monthly subscription,N
EXP-0001105,EMP-000557,2024-08-25,Marketing Materials,Vendor-132,EUR,14379.26,15673.39,1.09,PROJ-048,CC-0009,PENDING,MGR-001,N,,Y
EXP-0001106,EMP-000229,2025-02-28,Training,Vendor-129,SGD,10872.94,8045.98,0.74,PROJ-001,CC-0013,CANCELLED,MGR-003,Y,,Y
EXP-0001107,EMP-001322,2025-06-24,Telecoms,Vendor-194,GBP,5162.66,6556.58,1.27,PROJ-049,CC-0002,APPROVED,MGR-002,Y,,Y
EXP-0001108,EMP-000410,2025-04-04,Travel-Air,Vendor-30,GBP,4935.23,6267.74,1.27,PROJ-031,CC-0002,PENDING,MGR-002,Y,Conference attendance,N
EXP-0001109,EMP-001051,2024-02-02,Marketing Materials,Vendor-164,USD,3061.77,3061.77,1.0,PROJ-005,CC-0015,PENDING,MGR-002,N,,Y
EXP-0001110,EMP-001334,2024-10-30,Client Entertainment,Vendor-135,JPY,8258.51,55.33,0.0067,PROJ-021,CC-0001,APPROVED,MGR-002,N,,N
EXP-0001111,EMP-000957,2024-10-09,Travel-Hotel,Vendor-20,EUR,9627.37,10493.83,1.09,PROJ-027,CC-0018,APPROVED,MGR-002,Y,,N
EXP-0001112,EMP-000968,2025-02-19,Office Supplies,Vendor-34,GBP,2580.64,3277.41,1.27,PROJ-001,CC-0018,APPROVED,MGR-003,N,Conference attendance,Y
EXP-0001113,EMP-001302,2024-06-28,Office Supplies,Vendor-50,GBP,6849.78,8699.22,1.27,PROJ-044,CC-0009,REJECTED,MGR-002,N,Monthly subscription,N
EXP-0001114,EMP-000685,2025-06-18,Training,Vendor-2,EUR,9632.46,10499.38,1.09,PROJ-006,CC-0006,APPROVED,MGR-003,Y,,Y
EXP-0001115,EMP-001796,2025-01-17,Meals,Vendor-105,AUD,2442.97,1587.93,0.65,PROJ-039,CC-0001,APPROVED,MGR-001,N,Team lunch,N
EXP-0001116,EMP-001130,2024-09-29,Telecoms,Vendor-116,CAD,144.23,106.73,0.74,PROJ-026,CC-0002,PENDING,MGR-003,Y,,N
EXP-0001117,EMP-001545,2024-10-27,Meals,Vendor-97,USD,1986.57,1986.57,1.0,PROJ-021,CC-0005,REJECTED,MGR-001,Y,Monthly subscription,Y
EXP-0001118,EMP-001544,2024-03-22,Marketing Materials,Vendor-113,JPY,3845.07,25.76,0.0067,PROJ-024,CC-0009,APPROVED,MGR-001,Y,,N
EXP-0001119,EMP-001791,2025-04-07,Training,Vendor-64,EUR,1791.66,1952.91,1.09,PROJ-034,CC-0012,REJECTED,MGR-003,Y,Team lunch,Y
EXP-0001120,EMP-000473,2025-03-14,Travel-Air,Vendor-98,CAD,14411.35,10664.4,0.74,PROJ-026,CC-0015,CANCELLED,MGR-002,Y,Client visit,N
EXP-0001121,EMP-000993,2024-06-27,Travel-Ground,Vendor-192,AUD,8508.54,5530.55,0.65,PROJ-004,CC-0009,PENDING,MGR-003,Y,Client visit,Y
EXP-0001122,EMP-000264,2024-01-12,Office Supplies,Vendor-107,JPY,8459.5,56.68,0.0067,PROJ-026,CC-0003,CANCELLED,MGR-003,Y,Client visit,Y
EXP-0001123,EMP-001209,2024-06-07,Telecoms,Vendor-189,INR,5660.56,67.93,0.012,PROJ-039,CC-0018,PENDING,MGR-001,Y,,N
EXP-0001124,EMP-000951,2025-05-22,Training,Vendor-157,JPY,8344.11,55.91,0.0067,PROJ-012,CC-0012,CANCELLED,MGR-001,Y,Conference attendance,Y
EXP-0001125,EMP-000101,2025-06-19,Client Entertainment,Vendor-156,AUD,7882.63,5123.71,0.65,PROJ-016,CC-0004,REJECTED,MGR-001,N,,Y
EXP-0001126,EMP-000825,2024-01-11,Travel-Air,Vendor-2,EUR,14865.72,16203.63,1.09,PROJ-005,CC-0010,REJECTED,MGR-001,Y,Team lunch,Y
EXP-0001127,EMP-000625,2024-08-20,Travel-Air,Vendor-73,GBP,14349.19,18223.47,1.27,PROJ-047,CC-0019,APPROVED,MGR-001,Y,Conference attendance,Y
EXP-0001128,EMP-001178,2025-05-22,Software License,Vendor-39,CAD,7753.63,5737.69,0.74,PROJ-041,CC-0018,CANCELLED,MGR-001,Y,,N
EXP-0001129,EMP-000786,2024-10-31,Travel-Ground,Vendor-191,INR,12494.02,149.93,0.012,PROJ-043,CC-0005,REJECTED,MGR-001,Y,,Y
EXP-0001130,EMP-000479,2024-12-10,Meals,Vendor-8,USD,7783.67,7783.67,1.0,PROJ-037,CC-0016,CANCELLED,MGR-002,Y,,N
EXP-0001131,EMP-001921,2024-02-04,Software License,Vendor-103,JPY,1885.28,12.63,0.0067,PROJ-035,CC-0005,APPROVED,MGR-001,Y,,N
EXP-0001132,EMP-000006,2025-04-04,Telecoms,Vendor-105,CAD,9422.93,6972.97,0.74,PROJ-027,CC-0004,CANCELLED,MGR-003,Y,Team lunch,Y
EXP-0001133,EMP-000014,2024-11-13,Meals,Vendor-79,AUD,12745.12,8284.33,0.65,PROJ-032,CC-0009,APPROVED,MGR-003,N,Monthly subscription,Y
EXP-0001134,EMP-000988,2024-11-19,Office Supplies,Vendor-25,GBP,9853.16,12513.51,1.27,PROJ-001,CC-0002,CANCELLED,MGR-002,Y,Client visit,Y
EXP-0001135,EMP-001988,2024-12-24,Travel-Air,Vendor-58,GBP,7449.97,9461.46,1.27,PROJ-027,CC-0003,PENDING,MGR-001,N,,N
EXP-0001136,EMP-001057,2025-05-10,Meals,Vendor-54,GBP,8865.89,11259.68,1.27,PROJ-030,CC-0002,PENDING,MGR-002,N,Monthly subscription,N
EXP-0001137,EMP-000587,2024-01-01,Client Entertainment,Vendor-127,AUD,12700.96,8255.62,0.65,PROJ-028,CC-0001,CANCELLED,MGR-003,Y,Client visit,Y
EXP-0001138,EMP-001891,2024-01-06,Training,Vendor-106,INR,14796.81,177.56,0.012,PROJ-021,CC-0003,APPROVED,MGR-002,Y,,N
EXP-0001139,EMP-000490,2024-06-19,Marketing Materials,Vendor-152,GBP,7254.99,9213.84,1.27,PROJ-023,CC-0003,REJECTED,MGR-002,Y,Client visit,N
EXP-0001140,EMP-000151,2024-12-28,Marketing Materials,Vendor-1,USD,9079.23,9079.23,1.0,PROJ-023,CC-0012,APPROVED,MGR-003,Y,Monthly subscription,N
EXP-0001141,EMP-001640,2025-02-05,Software License,Vendor-64,AUD,4076.02,2649.41,0.65,PROJ-039,CC-0004,CANCELLED,MGR-001,Y,Team lunch,Y
EXP-0001142,EMP-001204,2024-09-08,Travel-Air,Vendor-184,USD,4283.0,4283.0,1.0,PROJ-020,CC-0011,REJECTED,MGR-001,Y,Conference attendance,Y
EXP-0001143,EMP-001648,2024-01-25,Meals,Vendor-151,EUR,2681.38,2922.7,1.09,PROJ-025,CC-0013,PENDING,MGR-003,Y,Client visit,N
EXP-0001144,EMP-000571,2024-01-22,Training,Vendor-137,JPY,10270.55,68.81,0.0067,PROJ-035,CC-0001,PENDING,MGR-002,Y,Client visit,N
EXP-0001145,EMP-000783,2024-10-16,Office Supplies,Vendor-182,GBP,14562.68,18494.6,1.27,PROJ-039,CC-0007,PENDING,MGR-003,N,Monthly subscription,N
EXP-0001146,EMP-001910,2024-07-13,Telecoms,Vendor-120,EUR,3009.31,3280.15,1.09,PROJ-020,CC-0009,APPROVED,MGR-003,Y,Team lunch,N
EXP-0001147,EMP-001977,2025-05-09,Travel-Air,Vendor-153,USD,7588.78,7588.78,1.0,PROJ-011,CC-0002,APPROVED,MGR-003,Y,,N
EXP-0001148,EMP-000409,2024-05-28,Office Supplies,Vendor-97,CAD,1192.12,882.17,0.74,PROJ-007,CC-0004,REJECTED,MGR-003,Y,,N
EXP-0001149,EMP-001640,2025-02-12,Meals,Vendor-48,USD,5150.22,5150.22,1.0,PROJ-043,CC-0004,APPROVED,MGR-003,Y,Conference attendance,N
EXP-0001150,EMP-001377,2024-06-11,Travel-Ground,Vendor-5,SGD,11982.82,8867.29,0.74,PROJ-021,CC-0008,CANCELLED,MGR-003,Y,Team lunch,N
EXP-0001151,EMP-000571,2024-10-30,Training,Vendor-186,AUD,5456.74,3546.88,0.65,PROJ-045,CC-0002,PENDING,MGR-003,N,Conference attendance,N
EXP-0001152,EMP-001528,2024-03-16,Telecoms,Vendor-147,GBP,4346.24,5519.72,1.27,PROJ-022,CC-0008,REJECTED,MGR-002,Y,Team lunch,N
EXP-0001153,EMP-000369,2024-09-11,Software License,Vendor-180,EUR,13092.97,14271.34,1.09,PROJ-049,CC-0019,CANCELLED,MGR-001,Y,Client visit,Y
EXP-0001154,EMP-000151,2024-11-04,Travel-Air,Vendor-34,EUR,11238.11,12249.54,1.09,PROJ-024,CC-0016,CANCELLED,MGR-001,N,Team lunch,N
EXP-0001155,EMP-001665,2024-02-23,Office Supplies,Vendor-61,USD,4966.36,4966.36,1.0,PROJ-003,CC-0013,CANCELLED,MGR-001,Y,Conference attendance,N
EXP-0001156,EMP-001088,2024-03-30,Office Supplies,Vendor-69,USD,1947.69,1947.69,1.0,PROJ-001,CC-0020,APPROVED,MGR-001,N,,Y
EXP-0001157,EMP-000121,2024-08-30,Travel-Air,Vendor-37,GBP,14826.66,18829.86,1.27,PROJ-024,CC-0005,APPROVED,MGR-003,Y,Monthly subscription,Y
EXP-0001158,EMP-000943,2025-01-14,Telecoms,Vendor-120,CAD,11513.21,8519.78,0.74,PROJ-045,CC-0020,REJECTED,MGR-001,Y,,Y
EXP-0001159,EMP-001277,2025-03-16,Travel-Air,Vendor-35,JPY,634.48,4.25,0.0067,PROJ-030,CC-0012,CANCELLED,MGR-002,Y,Monthly subscription,N
EXP-0001160,EMP-000586,2024-10-15,Client Entertainment,Vendor-85,EUR,667.23,727.28,1.09,PROJ-015,CC-0017,APPROVED,MGR-001,Y,,Y
EXP-0001161,EMP-000718,2024-08-04,Client Entertainment,Vendor-73,JPY,5224.43,35.0,0.0067,PROJ-049,CC-0011,CANCELLED,MGR-002,N,Client visit,N
EXP-0001162,EMP-001263,2025-05-21,Travel-Air,Vendor-81,EUR,1858.99,2026.3,1.09,PROJ-045,CC-0014,CANCELLED,MGR-001,N,Team lunch,Y
EXP-0001163,EMP-000635,2025-03-09,Travel-Air,Vendor-115,JPY,12606.94,84.47,0.0067,PROJ-001,CC-0010,CANCELLED,MGR-003,N,Team lunch,N
EXP-0001164,EMP-000724,2024-03-05,Software License,Vendor-130,USD,1974.92,1974.92,1.0,PROJ-024,CC-0001,APPROVED,MGR-002,N,,Y
EXP-0001165,EMP-001392,2024-04-02,Office Supplies,Vendor-128,GBP,6623.87,8412.31,1.27,PROJ-007,CC-0011,CANCELLED,MGR-001,Y,,N
EXP-0001166,EMP-000368,2024-09-18,Client Entertainment,Vendor-20,USD,5607.56,5607.56,1.0,PROJ-014,CC-0008,REJECTED,MGR-002,Y,,N
EXP-0001167,EMP-001984,2024-09-27,Software License,Vendor-55,USD,10647.73,10647.73,1.0,PROJ-007,CC-0011,CANCELLED,MGR-003,Y,Monthly subscription,N
EXP-0001168,EMP-001506,2024-03-22,Marketing Materials,Vendor-164,GBP,8594.32,10914.79,1.27,PROJ-037,CC-0018,CANCELLED,MGR-002,Y,,N
EXP-0001169,EMP-000796,2024-05-06,Marketing Materials,Vendor-61,CAD,6450.98,4773.73,0.74,PROJ-013,CC-0011,CANCELLED,MGR-002,Y,Team lunch,Y
EXP-0001170,EMP-000101,2024-07-09,Meals,Vendor-191,INR,10303.11,123.64,0.012,PROJ-045,CC-0016,CANCELLED,MGR-003,Y,,N
EXP-0001171,EMP-001651,2024-04-12,Telecoms,Vendor-48,CAD,12834.52,9497.54,0.74,PROJ-011,CC-0001,REJECTED,MGR-002,Y,Client visit,Y
EXP-0001172,EMP-000295,2025-05-05,Meals,Vendor-175,CAD,12756.13,9439.54,0.74,PROJ-009,CC-0007,CANCELLED,MGR-002,Y,Conference attendance,Y
EXP-0001173,EMP-001563,2024-06-16,Office Supplies,Vendor-118,EUR,4839.18,5274.71,1.09,PROJ-025,CC-0020,PENDING,MGR-002,N,Team lunch,N
EXP-0001174,EMP-001453,2024-06-12,Meals,Vendor-185,CAD,9333.02,6906.43,0.74,PROJ-035,CC-0011,PENDING,MGR-001,N,Client visit,Y
EXP-0001175,EMP-000515,2024-01-01,Travel-Hotel,Vendor-109,USD,8632.72,8632.72,1.0,PROJ-040,CC-0007,PENDING,MGR-001,Y,Monthly subscription,Y
EXP-0001176,EMP-001014,2024-03-13,Telecoms,Vendor-152,CAD,14423.3,10673.24,0.74,PROJ-034,CC-0005,APPROVED,MGR-003,Y,Monthly subscription,N
EXP-0001177,EMP-000551,2024-12-16,Travel-Ground,Vendor-100,GBP,4930.55,6261.8,1.27,PROJ-004,CC-0015,REJECTED,MGR-002,Y,Client visit,Y
EXP-0001178,EMP-001468,2025-02-06,Client Entertainment,Vendor-63,GBP,451.52,573.43,1.27,PROJ-014,CC-0005,PENDING,MGR-002,N,Client visit,N
EXP-0001179,EMP-000448,2024-07-27,Travel-Hotel,Vendor-107,SGD,7016.92,5192.52,0.74,PROJ-047,CC-0017,APPROVED,MGR-002,Y,Monthly subscription,N
EXP-0001180,EMP-000908,2024-01-04,Meals,Vendor-143,USD,13883.44,13883.44,1.0,PROJ-024,CC-0002,PENDING,MGR-002,Y,Monthly subscription,N
EXP-0001181,EMP-001631,2024-11-07,Travel-Ground,Vendor-162,EUR,9362.33,10204.94,1.09,PROJ-019,CC-0003,APPROVED,MGR-003,Y,,N
EXP-0001182,EMP-001016,2024-10-03,Travel-Air,Vendor-173,USD,1992.82,1992.82,1.0,PROJ-042,CC-0014,CANCELLED,MGR-002,N,Team lunch,N
EXP-0001183,EMP-001166,2024-01-03,Office Supplies,Vendor-41,JPY,2074.42,13.9,0.0067,PROJ-001,CC-0002,PENDING,MGR-003,Y,Client visit,N
EXP-0001184,EMP-001630,2024-09-25,Office Supplies,Vendor-187,JPY,13246.74,88.75,0.0067,PROJ-005,CC-0010,CANCELLED,MGR-002,Y,,N
EXP-0001185,EMP-001896,2024-08-10,Telecoms,Vendor-179,CAD,1576.26,1166.43,0.74,PROJ-050,CC-0019,CANCELLED,MGR-003,Y,,Y
EXP-0001186,EMP-001447,2025-06-02,Office Supplies,Vendor-9,AUD,8985.14,5840.34,0.65,PROJ-038,CC-0020,REJECTED,MGR-002,Y,Monthly subscription,Y
EXP-0001187,EMP-001588,2025-03-22,Client Entertainment,Vendor-56,EUR,12354.96,13466.91,1.09,PROJ-009,CC-0005,PENDING,MGR-003,Y,Team lunch,Y
EXP-0001188,EMP-001472,2024-03-17,Travel-Hotel,Vendor-85,EUR,1521.66,1658.61,1.09,PROJ-040,CC-0010,REJECTED,MGR-001,Y,Conference attendance,Y
EXP-0001189,EMP-000923,2025-03-23,Travel-Ground,Vendor-36,GBP,2744.96,3486.1,1.27,PROJ-013,CC-0019,REJECTED,MGR-002,Y,Client visit,Y
EXP-0001190,EMP-000945,2025-05-31,Training,Vendor-17,INR,5971.4,71.66,0.012,PROJ-033,CC-0017,PENDING,MGR-001,N,Team lunch,N
EXP-0001191,EMP-001120,2024-10-24,Travel-Hotel,Vendor-100,USD,4954.12,4954.12,1.0,PROJ-034,CC-0002,CANCELLED,MGR-003,Y,,Y
EXP-0001192,EMP-000758,2025-02-14,Client Entertainment,Vendor-120,AUD,8637.26,5614.22,0.65,PROJ-048,CC-0019,REJECTED,MGR-002,Y,,N
EXP-0001193,EMP-001277,2024-10-02,Telecoms,Vendor-199,JPY,10303.61,69.03,0.0067,PROJ-025,CC-0007,PENDING,MGR-001,Y,Client visit,Y
EXP-0001194,EMP-000104,2024-03-01,Telecoms,Vendor-37,JPY,12061.73,80.81,0.0067,PROJ-027,CC-0003,CANCELLED,MGR-002,N,Conference attendance,Y
EXP-0001195,EMP-001845,2024-11-22,Training,Vendor-176,JPY,4846.55,32.47,0.0067,PROJ-033,CC-0014,REJECTED,MGR-002,Y,,N
EXP-0001196,EMP-001554,2025-01-02,Training,Vendor-91,INR,4923.4,59.08,0.012,PROJ-007,CC-0006,REJECTED,MGR-002,Y,Monthly subscription,Y
EXP-0001197,EMP-001073,2025-04-02,Software License,Vendor-134,USD,794.02,794.02,1.0,PROJ-027,CC-0017,PENDING,MGR-002,Y,Monthly subscription,Y
EXP-0001198,EMP-000523,2024-11-28,Travel-Hotel,Vendor-40,JPY,5745.39,38.49,0.0067,PROJ-012,CC-0009,REJECTED,MGR-002,Y,,N
EXP-0001199,EMP-001642,2024-07-25,Meals,Vendor-136,AUD,84.02,54.61,0.65,PROJ-027,CC-0018,CANCELLED,MGR-001,N,Monthly subscription,N
EXP-0001200,EMP-000927,2024-01-21,Meals,Vendor-105,USD,10955.54,10955.54,1.0,PROJ-013,CC-0002,REJECTED,MGR-002,N,Client visit,N
EXP-0001201,EMP-001633,2024-12-06,Travel-Air,Vendor-139,USD,2608.64,2608.64,1.0,PROJ-040,CC-0018,PENDING,MGR-001,Y,,Y
EXP-0001202,EMP-001185,2024-01-13,Telecoms,Vendor-198,CAD,4044.03,2992.58,0.74,PROJ-028,CC-0003,CANCELLED,MGR-003,Y,,N
EXP-0001203,EMP-000690,2024-06-05,Marketing Materials,Vendor-69,EUR,12612.09,13747.18,1.09,PROJ-008,CC-0007,REJECTED,MGR-002,Y,,Y
EXP-0001204,EMP-000087,2025-04-20,Meals,Vendor-91,AUD,4773.42,3102.72,0.65,PROJ-049,CC-0013,CANCELLED,MGR-002,Y,,N
EXP-0001205,EMP-001953,2024-08-16,Telecoms,Vendor-65,SGD,9606.89,7109.1,0.74,PROJ-044,CC-0001,REJECTED,MGR-003,Y,Client visit,N
EXP-0001206,EMP-001264,2024-09-13,Client Entertainment,Vendor-38,USD,2537.1,2537.1,1.0,PROJ-042,CC-0002,PENDING,MGR-001,Y,,Y
EXP-0001207,EMP-001251,2024-01-18,Training,Vendor-49,INR,7813.56,93.76,0.012,PROJ-020,CC-0005,APPROVED,MGR-001,Y,,N
EXP-0001208,EMP-001091,2025-03-23,Training,Vendor-93,SGD,7072.76,5233.84,0.74,PROJ-040,CC-0012,APPROVED,MGR-003,Y,Conference attendance,N
EXP-0001209,EMP-001407,2025-06-19,Travel-Ground,Vendor-52,AUD,14901.51,9685.98,0.65,PROJ-001,CC-0017,PENDING,MGR-003,Y,,N
EXP-0001210,EMP-000861,2024-06-11,Meals,Vendor-166,AUD,1599.26,1039.52,0.65,PROJ-050,CC-0008,PENDING,MGR-002,Y,,N
EXP-0001211,EMP-001550,2024-10-13,Travel-Ground,Vendor-118,JPY,10749.31,72.02,0.0067,PROJ-027,CC-0016,REJECTED,MGR-003,N,Conference attendance,N
EXP-0001212,EMP-000787,2025-02-16,Travel-Ground,Vendor-152,CAD,10499.91,7769.93,0.74,PROJ-014,CC-0003,REJECTED,MGR-001,Y,Team lunch,Y
EXP-0001213,EMP-001816,2025-01-25,Software License,Vendor-88,AUD,11686.3,7596.09,0.65,PROJ-037,CC-0010,CANCELLED,MGR-003,Y,Team lunch,Y
EXP-0001214,EMP-001485,2024-05-27,Meals,Vendor-168,CAD,2011.43,1488.46,0.74,PROJ-031,CC-0004,CANCELLED,MGR-003,Y,Client visit,Y
EXP-0001215,EMP-001695,2024-02-27,Travel-Air,Vendor-182,CAD,7078.18,5237.85,0.74,PROJ-049,CC-0014,REJECTED,MGR-002,Y,Conference attendance,N
EXP-0001216,EMP-001190,2024-11-26,Client Entertainment,Vendor-19,SGD,14766.62,10927.3,0.74,PROJ-041,CC-0015,CANCELLED,MGR-002,Y,Monthly subscription,Y
EXP-0001217,EMP-001800,2024-02-10,Training,Vendor-192,GBP,14832.61,18837.41,1.27,PROJ-014,CC-0015,APPROVED,MGR-002,Y,Monthly subscription,N
EXP-0001218,EMP-000620,2025-01-13,Marketing Materials,Vendor-156,USD,8371.82,8371.82,1.0,PROJ-049,CC-0013,PENDING,MGR-002,N,,N
EXP-0001219,EMP-001076,2024-01-24,Travel-Ground,Vendor-5,SGD,6171.26,4566.73,0.74,PROJ-044,CC-0016,CANCELLED,MGR-001,N,Client visit,N
EXP-0001220,EMP-001917,2024-01-29,Software License,Vendor-189,GBP,2714.3,3447.16,1.27,PROJ-006,CC-0018,APPROVED,MGR-001,Y,,Y
EXP-0001221,EMP-000055,2025-05-15,Travel-Air,Vendor-103,EUR,12234.04,13335.1,1.09,PROJ-025,CC-0020,APPROVED,MGR-001,Y,Team lunch,Y
EXP-0001222,EMP-000301,2024-05-27,Office Supplies,Vendor-142,CAD,7220.9,5343.47,0.74,PROJ-039,CC-0008,PENDING,MGR-002,Y,,N
EXP-0001223,EMP-000497,2024-11-19,Travel-Air,Vendor-108,SGD,13820.59,10227.24,0.74,PROJ-032,CC-0011,CANCELLED,MGR-003,Y,,Y
EXP-0001224,EMP-001415,2025-04-01,Travel-Air,Vendor-125,CAD,5081.41,3760.24,0.74,PROJ-029,CC-0008,APPROVED,MGR-001,N,Conference attendance,N
EXP-0001225,EMP-000088,2024-11-21,Training,Vendor-174,INR,5110.55,61.33,0.012,PROJ-003,CC-0012,PENDING,MGR-003,Y,,N
EXP-0001226,EMP-001456,2024-10-13,Client Entertainment,Vendor-12,CAD,7753.51,5737.6,0.74,PROJ-020,CC-0012,PENDING,MGR-001,Y,Monthly subscription,Y
EXP-0001227,EMP-001948,2024-02-22,Travel-Hotel,Vendor-193,AUD,13317.58,8656.43,0.65,PROJ-010,CC-0008,REJECTED,MGR-001,N,Team lunch,N
EXP-0001228,EMP-001537,2025-02-06,Marketing Materials,Vendor-155,GBP,4871.25,6186.49,1.27,PROJ-005,CC-0002,CANCELLED,MGR-002,Y,,Y
EXP-0001229,EMP-001994,2024-11-05,Client Entertainment,Vendor-92,EUR,3489.49,3803.54,1.09,PROJ-028,CC-0017,REJECTED,MGR-002,Y,Team lunch,N
EXP-0001230,EMP-000475,2025-03-09,Office Supplies,Vendor-77,USD,13725.54,13725.54,1.0,PROJ-002,CC-0003,CANCELLED,MGR-001,N,,N
EXP-0001231,EMP-001022,2025-06-02,Meals,Vendor-31,SGD,3287.26,2432.57,0.74,PROJ-023,CC-0019,CANCELLED,MGR-002,Y,,Y
EXP-0001232,EMP-000479,2024-04-16,Marketing Materials,Vendor-101,EUR,9941.57,10836.31,1.09,PROJ-036,CC-0007,APPROVED,MGR-001,Y,Monthly subscription,N
EXP-0001233,EMP-001683,2024-08-20,Meals,Vendor-45,AUD,9641.57,6267.02,0.65,PROJ-020,CC-0003,CANCELLED,MGR-003,Y,Conference attendance,N
EXP-0001234,EMP-001195,2025-03-19,Office Supplies,Vendor-7,AUD,8067.79,5244.06,0.65,PROJ-030,CC-0007,REJECTED,MGR-002,Y,Team lunch,N
EXP-0001235,EMP-000251,2024-12-19,Telecoms,Vendor-92,JPY,2658.52,17.81,0.0067,PROJ-035,CC-0010,APPROVED,MGR-003,Y,Monthly subscription,Y
EXP-0001236,EMP-000007,2024-12-10,Travel-Air,Vendor-42,JPY,963.99,6.46,0.0067,PROJ-011,CC-0003,APPROVED,MGR-002,Y,,N
EXP-0001237,EMP-001564,2024-11-03,Client Entertainment,Vendor-171,GBP,3426.62,4351.81,1.27,PROJ-031,CC-0013,APPROVED,MGR-003,Y,,Y
EXP-0001238,EMP-000590,2024-01-27,Travel-Ground,Vendor-152,SGD,12164.81,9001.96,0.74,PROJ-047,CC-0005,CANCELLED,MGR-002,N,Client visit,Y
EXP-0001239,EMP-001747,2024-12-22,Travel-Air,Vendor-148,EUR,6377.04,6950.97,1.09,PROJ-047,CC-0019,CANCELLED,MGR-003,N,Conference attendance,Y
EXP-0001240,EMP-000942,2024-05-06,Telecoms,Vendor-192,JPY,5662.9,37.94,0.0067,PROJ-025,CC-0014,CANCELLED,MGR-002,Y,Conference attendance,Y
EXP-0001241,EMP-001875,2024-09-03,Client Entertainment,Vendor-45,INR,11201.62,134.42,0.012,PROJ-003,CC-0005,PENDING,MGR-001,N,Monthly subscription,Y
EXP-0001242,EMP-000428,2025-03-24,Office Supplies,Vendor-142,GBP,13495.67,17139.5,1.27,PROJ-015,CC-0014,CANCELLED,MGR-002,Y,Conference attendance,N
EXP-0001243,EMP-000671,2024-06-02,Client Entertainment,Vendor-71,SGD,9217.88,6821.23,0.74,PROJ-026,CC-0004,REJECTED,MGR-002,Y,,Y
EXP-0001244,EMP-001758,2024-12-24,Travel-Hotel,Vendor-118,CAD,3687.25,2728.57,0.74,PROJ-020,CC-0013,REJECTED,MGR-002,Y,Client visit,N
EXP-0001245,EMP-000786,2024-09-09,Training,Vendor-193,USD,1659.55,1659.55,1.0,PROJ-009,CC-0013,PENDING,MGR-001,Y,,N
EXP-0001246,EMP-001553,2024-06-10,Travel-Ground,Vendor-125,INR,5346.67,64.16,0.012,PROJ-044,CC-0015,CANCELLED,MGR-002,Y,Monthly subscription,Y
EXP-0001247,EMP-001758,2024-11-27,Travel-Air,Vendor-46,USD,3252.82,3252.82,1.0,PROJ-048,CC-0011,REJECTED,MGR-001,N,Monthly subscription,N
EXP-0001248,EMP-000818,2025-05-07,Travel-Ground,Vendor-47,AUD,13126.32,8532.11,0.65,PROJ-035,CC-0018,PENDING,MGR-003,Y,Monthly subscription,N
EXP-0001249,EMP-000136,2024-09-15,Software License,Vendor-71,CAD,14350.96,10619.71,0.74,PROJ-025,CC-0003,REJECTED,MGR-003,Y,Monthly subscription,Y
EXP-0001250,EMP-000235,2024-09-23,Telecoms,Vendor-118,EUR,5370.4,5853.74,1.09,PROJ-034,CC-0017,CANCELLED,MGR-003,Y,Client visit,Y
EXP-0001251,EMP-000017,2024-10-23,Travel-Air,Vendor-150,EUR,13123.98,14305.14,1.09,PROJ-021,CC-0010,PENDING,MGR-002,Y,,N
EXP-0001252,EMP-000398,2024-02-23,Marketing Materials,Vendor-96,JPY,1430.43,9.58,0.0067,PROJ-033,CC-0002,APPROVED,MGR-001,Y,Client visit,Y
EXP-0001253,EMP-000173,2024-11-28,Travel-Hotel,Vendor-17,AUD,3099.9,2014.94,0.65,PROJ-017,CC-0008,CANCELLED,MGR-002,Y,Client visit,Y
EXP-0001254,EMP-001124,2024-03-20,Marketing Materials,Vendor-117,USD,7293.42,7293.42,1.0,PROJ-007,CC-0002,CANCELLED,MGR-003,Y,Team lunch,N
EXP-0001255,EMP-000931,2024-02-24,Office Supplies,Vendor-165,EUR,4966.72,5413.72,1.09,PROJ-036,CC-0001,PENDING,MGR-002,N,Client visit,Y
EXP-0001256,EMP-000368,2024-07-19,Travel-Air,Vendor-104,INR,14131.56,169.58,0.012,PROJ-003,CC-0002,PENDING,MGR-001,Y,Client visit,N
EXP-0001257,EMP-001416,2024-12-09,Travel-Air,Vendor-173,INR,14652.33,175.83,0.012,PROJ-021,CC-0005,PENDING,MGR-002,Y,Conference attendance,N
EXP-0001258,EMP-000838,2025-05-06,Travel-Air,Vendor-27,EUR,419.35,457.09,1.09,PROJ-021,CC-0003,REJECTED,MGR-002,N,Conference attendance,Y
EXP-0001259,EMP-000512,2024-07-29,Marketing Materials,Vendor-37,JPY,6371.98,42.69,0.0067,PROJ-009,CC-0005,PENDING,MGR-002,Y,Conference attendance,N
EXP-0001260,EMP-001203,2024-05-13,Travel-Ground,Vendor-171,CAD,13037.22,9647.54,0.74,PROJ-012,CC-0002,REJECTED,MGR-002,N,,Y
EXP-0001261,EMP-001514,2024-02-17,Travel-Hotel,Vendor-30,GBP,14413.6,18305.27,1.27,PROJ-049,CC-0007,REJECTED,MGR-003,Y,Client visit,Y
EXP-0001262,EMP-001315,2024-06-27,Software License,Vendor-47,GBP,2894.72,3676.29,1.27,PROJ-034,CC-0013,APPROVED,MGR-001,N,Client visit,N
EXP-0001263,EMP-000844,2024-10-17,Software License,Vendor-33,INR,12487.73,149.85,0.012,PROJ-014,CC-0010,PENDING,MGR-003,Y,Monthly subscription,N
EXP-0001264,EMP-000011,2024-06-26,Client Entertainment,Vendor-150,SGD,6428.67,4757.22,0.74,PROJ-033,CC-0014,CANCELLED,MGR-001,Y,Client visit,Y
EXP-0001265,EMP-001537,2025-04-09,Training,Vendor-161,INR,3720.28,44.64,0.012,PROJ-016,CC-0009,REJECTED,MGR-001,Y,Client visit,N
EXP-0001266,EMP-000189,2024-12-08,Travel-Ground,Vendor-99,JPY,12524.24,83.91,0.0067,PROJ-026,CC-0012,REJECTED,MGR-003,Y,Monthly subscription,N
EXP-0001267,EMP-000758,2024-09-09,Marketing Materials,Vendor-16,JPY,14407.01,96.53,0.0067,PROJ-040,CC-0014,CANCELLED,MGR-002,Y,Monthly subscription,N
EXP-0001268,EMP-000829,2025-01-14,Travel-Ground,Vendor-74,INR,3295.44,39.55,0.012,PROJ-029,CC-0009,CANCELLED,MGR-002,Y,,Y
EXP-0001269,EMP-001189,2025-02-21,Travel-Ground,Vendor-196,INR,3133.59,37.6,0.012,PROJ-041,CC-0019,REJECTED,MGR-003,N,Client visit,N
EXP-0001270,EMP-001449,2025-02-01,Training,Vendor-152,CAD,13162.67,9740.38,0.74,PROJ-010,CC-0010,APPROVED,MGR-002,Y,Conference attendance,Y
EXP-0001271,EMP-001430,2025-03-04,Meals,Vendor-191,SGD,12952.54,9584.88,0.74,PROJ-041,CC-0018,PENDING,MGR-002,Y,Client visit,N
EXP-0001272,EMP-001025,2025-03-15,Meals,Vendor-172,JPY,8232.45,55.16,0.0067,PROJ-037,CC-0001,CANCELLED,MGR-001,Y,,Y
EXP-0001273,EMP-001209,2024-08-30,Telecoms,Vendor-156,AUD,8486.95,5516.52,0.65,PROJ-049,CC-0018,APPROVED,MGR-002,Y,Monthly subscription,Y
EXP-0001274,EMP-001837,2025-06-11,Meals,Vendor-178,GBP,1531.58,1945.11,1.27,PROJ-030,CC-0003,APPROVED,MGR-001,Y,Team lunch,Y
EXP-0001275,EMP-000121,2025-04-27,Travel-Ground,Vendor-199,SGD,1970.67,1458.3,0.74,PROJ-050,CC-0001,APPROVED,MGR-002,Y,Team lunch,Y
EXP-0001276,EMP-000564,2024-07-31,Travel-Hotel,Vendor-34,EUR,5805.1,6327.56,1.09,PROJ-008,CC-0010,CANCELLED,MGR-001,Y,Team lunch,N
EXP-0001277,EMP-000570,2024-05-27,Telecoms,Vendor-163,EUR,4856.49,5293.57,1.09,PROJ-011,CC-0013,REJECTED,MGR-002,Y,Client visit,Y
EXP-0001278,EMP-001533,2024-11-03,Travel-Air,Vendor-56,GBP,6905.54,8770.04,1.27,PROJ-026,CC-0019,REJECTED,MGR-003,Y,,Y
EXP-0001279,EMP-001439,2025-01-27,Client Entertainment,Vendor-146,EUR,9634.05,10501.11,1.09,PROJ-030,CC-0003,CANCELLED,MGR-002,Y,Team lunch,Y
EXP-0001280,EMP-001229,2024-04-23,Travel-Air,Vendor-27,CAD,4936.26,3652.83,0.74,PROJ-025,CC-0004,PENDING,MGR-002,Y,Conference attendance,N
EXP-0001281,EMP-000558,2024-02-04,Travel-Hotel,Vendor-50,CAD,8519.62,6304.52,0.74,PROJ-015,CC-0008,REJECTED,MGR-002,N,Team lunch,N
EXP-0001282,EMP-000421,2024-10-07,Marketing Materials,Vendor-26,SGD,9855.3,7292.92,0.74,PROJ-019,CC-0002,REJECTED,MGR-001,Y,Conference attendance,N
EXP-0001283,EMP-000078,2024-03-16,Client Entertainment,Vendor-140,SGD,9011.43,6668.46,0.74,PROJ-006,CC-0004,CANCELLED,MGR-001,Y,,Y
EXP-0001284,EMP-000639,2024-06-14,Travel-Air,Vendor-39,USD,722.93,722.93,1.0,PROJ-034,CC-0018,CANCELLED,MGR-002,Y,Team lunch,Y
EXP-0001285,EMP-001234,2024-02-10,Meals,Vendor-75,GBP,13143.8,16692.63,1.27,PROJ-010,CC-0004,PENDING,MGR-002,Y,Monthly subscription,N
EXP-0001286,EMP-000430,2024-11-22,Meals,Vendor-20,EUR,14946.23,16291.39,1.09,PROJ-028,CC-0002,CANCELLED,MGR-003,Y,Team lunch,Y
EXP-0001287,EMP-000783,2024-03-01,Travel-Hotel,Vendor-83,CAD,13812.5,10221.25,0.74,PROJ-031,CC-0004,APPROVED,MGR-002,Y,Client visit,Y
EXP-0001288,EMP-000634,2024-01-17,Travel-Ground,Vendor-78,GBP,8748.67,11110.81,1.27,PROJ-030,CC-0001,PENDING,MGR-003,Y,Monthly subscription,Y
EXP-0001289,EMP-001093,2025-04-15,Client Entertainment,Vendor-82,GBP,1996.47,2535.52,1.27,PROJ-009,CC-0016,APPROVED,MGR-003,N,Team lunch,N
EXP-0001290,EMP-000604,2025-03-14,Meals,Vendor-155,INR,7367.98,88.42,0.012,PROJ-005,CC-0008,APPROVED,MGR-001,Y,Monthly subscription,Y
EXP-0001291,EMP-001183,2024-10-20,Travel-Ground,Vendor-64,JPY,1840.49,12.33,0.0067,PROJ-042,CC-0005,APPROVED,MGR-002,Y,Conference attendance,Y
EXP-0001292,EMP-000688,2024-08-11,Software License,Vendor-14,CAD,1245.19,921.44,0.74,PROJ-027,CC-0020,CANCELLED,MGR-003,N,Team lunch,Y
EXP-0001293,EMP-001668,2024-12-18,Software License,Vendor-43,JPY,8222.53,55.09,0.0067,PROJ-021,CC-0006,CANCELLED,MGR-003,Y,Conference attendance,Y
EXP-0001294,EMP-000580,2025-05-13,Travel-Hotel,Vendor-182,EUR,9498.62,10353.5,1.09,PROJ-030,CC-0019,REJECTED,MGR-003,Y,Team lunch,N
EXP-0001295,EMP-001945,2024-08-14,Travel-Air,Vendor-8,AUD,7605.19,4943.37,0.65,PROJ-024,CC-0004,REJECTED,MGR-002,Y,Monthly subscription,N
EXP-0001296,EMP-001594,2025-05-31,Client Entertainment,Vendor-38,CAD,5490.65,4063.08,0.74,PROJ-012,CC-0015,APPROVED,MGR-002,N,Team lunch,N
EXP-0001297,EMP-000741,2025-02-18,Software License,Vendor-7,EUR,11408.72,12435.5,1.09,PROJ-017,CC-0013,APPROVED,MGR-002,Y,,Y
EXP-0001298,EMP-001340,2024-10-08,Travel-Hotel,Vendor-57,GBP,4417.96,5610.81,1.27,PROJ-001,CC-0013,CANCELLED,MGR-001,Y,Conference attendance,N
EXP-0001299,EMP-000008,2025-02-25,Office Supplies,Vendor-139,GBP,13155.46,16707.43,1.27,PROJ-039,CC-0002,REJECTED,MGR-001,Y,Client visit,Y
EXP-0001300,EMP-000346,2024-07-15,Marketing Materials,Vendor-185,USD,7080.97,7080.97,1.0,PROJ-008,CC-0004,REJECTED,MGR-003,N,Client visit,Y
EXP-0001301,EMP-000371,2024-06-28,Marketing Materials,Vendor-40,EUR,8287.69,9033.58,1.09,PROJ-019,CC-0001,REJECTED,MGR-002,Y,Client visit,Y
EXP-0001302,EMP-001211,2024-10-31,Travel-Air,Vendor-1,INR,14998.86,179.99,0.012,PROJ-018,CC-0003,APPROVED,MGR-003,Y,Team lunch,Y
EXP-0001303,EMP-001602,2024-04-14,Travel-Hotel,Vendor-64,CAD,5601.66,4145.23,0.74,PROJ-023,CC-0001,REJECTED,MGR-001,Y,Team lunch,Y
EXP-0001304,EMP-001087,2024-05-14,Travel-Air,Vendor-112,EUR,11494.49,12528.99,1.09,PROJ-019,CC-0004,REJECTED,MGR-002,Y,,N
EXP-0001305,EMP-001898,2024-01-18,Travel-Hotel,Vendor-7,CAD,447.87,331.42,0.74,PROJ-020,CC-0004,REJECTED,MGR-003,Y,Client visit,N
EXP-0001306,EMP-001786,2024-05-09,Marketing Materials,Vendor-195,GBP,9202.83,11687.59,1.27,PROJ-007,CC-0009,REJECTED,MGR-002,Y,Team lunch,N
EXP-0001307,EMP-000359,2024-03-28,Marketing Materials,Vendor-173,EUR,8263.53,9007.25,1.09,PROJ-036,CC-0020,PENDING,MGR-001,Y,Client visit,N
EXP-0001308,EMP-001146,2024-01-26,Meals,Vendor-119,SGD,14720.27,10893.0,0.74,PROJ-036,CC-0019,APPROVED,MGR-003,N,Conference attendance,Y
EXP-0001309,EMP-001880,2024-09-02,Office Supplies,Vendor-153,SGD,3766.21,2787.0,0.74,PROJ-037,CC-0001,REJECTED,MGR-002,Y,Monthly subscription,N
EXP-0001310,EMP-000627,2024-01-22,Marketing Materials,Vendor-195,INR,8889.42,106.67,0.012,PROJ-018,CC-0006,APPROVED,MGR-002,Y,,Y
EXP-0001311,EMP-000314,2025-06-16,Telecoms,Vendor-140,AUD,5395.7,3507.2,0.65,PROJ-028,CC-0001,CANCELLED,MGR-001,Y,Team lunch,N
EXP-0001312,EMP-000479,2025-04-08,Client Entertainment,Vendor-96,JPY,6900.87,46.24,0.0067,PROJ-029,CC-0002,APPROVED,MGR-002,Y,Client visit,N
EXP-0001313,EMP-000457,2025-03-04,Marketing Materials,Vendor-18,JPY,1407.57,9.43,0.0067,PROJ-020,CC-0019,APPROVED,MGR-001,Y,Client visit,Y
EXP-0001314,EMP-001481,2025-02-12,Telecoms,Vendor-158,AUD,2924.82,1901.13,0.65,PROJ-011,CC-0020,CANCELLED,MGR-002,Y,Monthly subscription,N
EXP-0001315,EMP-000370,2024-11-26,Travel-Air,Vendor-137,SGD,12896.62,9543.5,0.74,PROJ-019,CC-0006,PENDING,MGR-003,N,Monthly subscription,Y
EXP-0001316,EMP-000010,2024-02-02,Client Entertainment,Vendor-21,CAD,4529.21,3351.62,0.74,PROJ-030,CC-0005,REJECTED,MGR-001,Y,Monthly subscription,Y
EXP-0001317,EMP-000671,2024-12-12,Software License,Vendor-118,JPY,9009.29,60.36,0.0067,PROJ-019,CC-0019,APPROVED,MGR-002,N,Team lunch,N
EXP-0001318,EMP-000337,2025-01-12,Training,Vendor-16,USD,2440.65,2440.65,1.0,PROJ-016,CC-0007,PENDING,MGR-003,N,,N
EXP-0001319,EMP-001907,2024-08-15,Travel-Hotel,Vendor-83,AUD,5388.96,3502.82,0.65,PROJ-041,CC-0018,PENDING,MGR-003,Y,Client visit,Y
EXP-0001320,EMP-001697,2024-05-23,Telecoms,Vendor-112,AUD,313.63,203.86,0.65,PROJ-026,CC-0006,APPROVED,MGR-002,N,Conference attendance,N
EXP-0001321,EMP-001230,2024-05-22,Travel-Ground,Vendor-7,AUD,14269.66,9275.28,0.65,PROJ-020,CC-0003,CANCELLED,MGR-002,N,Conference attendance,N
EXP-0001322,EMP-001843,2025-02-19,Office Supplies,Vendor-155,CAD,8859.2,6555.81,0.74,PROJ-014,CC-0016,APPROVED,MGR-002,N,Client visit,N
EXP-0001323,EMP-000249,2024-08-24,Telecoms,Vendor-41,USD,14567.94,14567.94,1.0,PROJ-033,CC-0002,REJECTED,MGR-003,Y,Conference attendance,Y
EXP-0001324,EMP-000196,2024-02-19,Travel-Hotel,Vendor-148,EUR,685.8,747.52,1.09,PROJ-016,CC-0008,PENDING,MGR-002,N,Team lunch,N
EXP-0001325,EMP-000005,2024-02-29,Travel-Air,Vendor-48,GBP,9059.51,11505.58,1.27,PROJ-046,CC-0019,REJECTED,MGR-002,Y,Team lunch,Y
EXP-0001326,EMP-000772,2024-10-14,Training,Vendor-17,EUR,12626.88,13763.3,1.09,PROJ-033,CC-0012,REJECTED,MGR-003,Y,Conference attendance,N
EXP-0001327,EMP-000586,2024-12-18,Meals,Vendor-35,EUR,3411.3,3718.32,1.09,PROJ-048,CC-0008,APPROVED,MGR-002,Y,Team lunch,Y
EXP-0001328,EMP-000594,2025-03-27,Client Entertainment,Vendor-63,AUD,4979.15,3236.45,0.65,PROJ-029,CC-0001,APPROVED,MGR-003,Y,Monthly subscription,Y
EXP-0001329,EMP-001373,2025-04-07,Training,Vendor-110,GBP,13800.75,17526.95,1.27,PROJ-027,CC-0014,REJECTED,MGR-001,Y,Client visit,N
EXP-0001330,EMP-000055,2024-06-12,Marketing Materials,Vendor-23,JPY,1012.78,6.79,0.0067,PROJ-045,CC-0011,CANCELLED,MGR-003,Y,Team lunch,Y
EXP-0001331,EMP-000504,2024-03-11,Travel-Hotel,Vendor-101,USD,2346.64,2346.64,1.0,PROJ-031,CC-0018,CANCELLED,MGR-001,Y,,N
EXP-0001332,EMP-000504,2024-05-18,Travel-Ground,Vendor-51,JPY,3075.42,20.61,0.0067,PROJ-044,CC-0016,APPROVED,MGR-003,Y,,Y
EXP-0001333,EMP-000776,2025-06-13,Client Entertainment,Vendor-166,GBP,13036.38,16556.2,1.27,PROJ-033,CC-0012,CANCELLED,MGR-001,Y,Conference attendance,Y
EXP-0001334,EMP-001242,2024-11-15,Meals,Vendor-6,AUD,12688.59,8247.58,0.65,PROJ-003,CC-0001,PENDING,MGR-002,Y,Client visit,Y
EXP-0001335,EMP-000150,2024-07-31,Travel-Ground,Vendor-67,CAD,10548.55,7805.93,0.74,PROJ-028,CC-0012,CANCELLED,MGR-002,N,Client visit,N
EXP-0001336,EMP-001350,2024-07-25,Training,Vendor-106,AUD,1558.19,1012.82,0.65,PROJ-022,CC-0019,APPROVED,MGR-002,N,,Y
EXP-0001337,EMP-001596,2024-10-08,Travel-Air,Vendor-100,USD,1422.77,1422.77,1.0,PROJ-023,CC-0006,CANCELLED,MGR-002,Y,Client visit,N
EXP-0001338,EMP-001796,2024-08-13,Software License,Vendor-17,SGD,12988.32,9611.36,0.74,PROJ-010,CC-0016,PENDING,MGR-002,Y,Monthly subscription,Y
EXP-0001339,EMP-001709,2025-01-09,Office Supplies,Vendor-81,CAD,7340.24,5431.78,0.74,PROJ-049,CC-0013,CANCELLED,MGR-002,Y,,N
EXP-0001340,EMP-000328,2024-06-17,Client Entertainment,Vendor-148,AUD,8834.32,5742.31,0.65,PROJ-019,CC-0012,APPROVED,MGR-001,Y,Team lunch,Y
EXP-0001341,EMP-000847,2024-05-12,Telecoms,Vendor-108,INR,97.15,1.17,0.012,PROJ-021,CC-0013,REJECTED,MGR-001,N,,Y
EXP-0001342,EMP-001538,2025-04-03,Office Supplies,Vendor-183,JPY,11491.08,76.99,0.0067,PROJ-032,CC-0006,PENDING,MGR-003,Y,,Y
EXP-0001343,EMP-000442,2024-09-20,Client Entertainment,Vendor-36,SGD,8768.76,6488.88,0.74,PROJ-005,CC-0005,APPROVED,MGR-002,Y,,N
EXP-0001344,EMP-001613,2024-07-19,Client Entertainment,Vendor-127,USD,2798.84,2798.84,1.0,PROJ-030,CC-0018,APPROVED,MGR-002,Y,Team lunch,N
EXP-0001345,EMP-001770,2025-06-16,Client Entertainment,Vendor-179,EUR,5609.97,6114.87,1.09,PROJ-042,CC-0002,CANCELLED,MGR-001,N,Client visit,Y
EXP-0001346,EMP-001138,2024-05-27,Meals,Vendor-50,GBP,4396.15,5583.11,1.27,PROJ-029,CC-0005,APPROVED,MGR-003,Y,Monthly subscription,Y
EXP-0001347,EMP-001569,2025-03-31,Travel-Air,Vendor-102,JPY,7328.68,49.1,0.0067,PROJ-013,CC-0014,PENDING,MGR-003,N,,N
EXP-0001348,EMP-000138,2024-05-21,Travel-Ground,Vendor-7,CAD,75.12,55.59,0.74,PROJ-004,CC-0017,REJECTED,MGR-003,Y,Client visit,N
EXP-0001349,EMP-001782,2024-07-27,Meals,Vendor-193,AUD,11600.79,7540.51,0.65,PROJ-014,CC-0014,CANCELLED,MGR-003,Y,Conference attendance,Y
EXP-0001350,EMP-001516,2024-03-28,Meals,Vendor-98,JPY,7486.49,50.16,0.0067,PROJ-001,CC-0011,REJECTED,MGR-003,Y,Team lunch,Y
EXP-0001351,EMP-000759,2025-03-05,Client Entertainment,Vendor-146,USD,8438.75,8438.75,1.0,PROJ-046,CC-0002,APPROVED,MGR-001,N,Monthly subscription,N
EXP-0001352,EMP-001906,2024-08-08,Software License,Vendor-13,GBP,13622.37,17300.41,1.27,PROJ-042,CC-0001,APPROVED,MGR-001,Y,Monthly subscription,N
EXP-0001353,EMP-001612,2024-03-02,Marketing Materials,Vendor-13,GBP,7133.15,9059.1,1.27,PROJ-014,CC-0017,APPROVED,MGR-002,Y,,Y
EXP-0001354,EMP-000557,2024-09-04,Travel-Hotel,Vendor-90,USD,4234.86,4234.86,1.0,PROJ-026,CC-0013,REJECTED,MGR-001,N,Monthly subscription,Y
EXP-0001355,EMP-001323,2024-08-10,Training,Vendor-80,GBP,4123.86,5237.3,1.27,PROJ-030,CC-0011,REJECTED,MGR-003,Y,Client visit,Y
EXP-0001356,EMP-000826,2025-06-12,Software License,Vendor-98,USD,1555.61,1555.61,1.0,PROJ-019,CC-0015,APPROVED,MGR-002,Y,,N
EXP-0001357,EMP-001899,2024-02-08,Travel-Ground,Vendor-119,USD,1377.25,1377.25,1.0,PROJ-043,CC-0004,CANCELLED,MGR-003,N,Team lunch,Y
EXP-0001358,EMP-000750,2025-06-12,Office Supplies,Vendor-109,JPY,1410.2,9.45,0.0067,PROJ-034,CC-0014,APPROVED,MGR-001,Y,Team lunch,N
EXP-0001359,EMP-001460,2025-06-17,Meals,Vendor-170,INR,8691.35,104.3,0.012,PROJ-013,CC-0006,CANCELLED,MGR-001,Y,Conference attendance,N
EXP-0001360,EMP-001099,2024-07-31,Software License,Vendor-49,USD,4999.26,4999.26,1.0,PROJ-017,CC-0012,APPROVED,MGR-003,Y,Team lunch,N
EXP-0001361,EMP-001118,2025-01-13,Meals,Vendor-94,SGD,10586.78,7834.22,0.74,PROJ-016,CC-0008,PENDING,MGR-002,N,Team lunch,N
EXP-0001362,EMP-001855,2025-05-08,Software License,Vendor-144,EUR,1423.02,1551.09,1.09,PROJ-003,CC-0003,REJECTED,MGR-003,Y,Team lunch,N
EXP-0001363,EMP-000427,2024-01-05,Meals,Vendor-2,SGD,9075.24,6715.68,0.74,PROJ-010,CC-0017,REJECTED,MGR-001,N,Team lunch,Y
EXP-0001364,EMP-000881,2024-08-15,Client Entertainment,Vendor-82,SGD,11311.71,8370.67,0.74,PROJ-005,CC-0012,APPROVED,MGR-001,Y,Client visit,N
EXP-0001365,EMP-001984,2024-09-01,Travel-Air,Vendor-140,AUD,6402.77,4161.8,0.65,PROJ-030,CC-0007,APPROVED,MGR-003,Y,Client visit,Y
EXP-0001366,EMP-000459,2024-06-19,Training,Vendor-122,SGD,11485.23,8499.07,0.74,PROJ-031,CC-0015,APPROVED,MGR-001,Y,Client visit,N
EXP-0001367,EMP-000985,2025-05-31,Office Supplies,Vendor-51,EUR,10402.48,11338.7,1.09,PROJ-001,CC-0020,APPROVED,MGR-001,Y,Conference attendance,Y
EXP-0001368,EMP-000290,2024-10-12,Travel-Ground,Vendor-50,GBP,730.27,927.44,1.27,PROJ-019,CC-0010,CANCELLED,MGR-001,Y,Monthly subscription,N
EXP-0001369,EMP-000193,2025-03-13,Travel-Hotel,Vendor-174,SGD,14781.98,10938.67,0.74,PROJ-038,CC-0019,CANCELLED,MGR-001,Y,Monthly subscription,N
EXP-0001370,EMP-000825,2025-04-11,Office Supplies,Vendor-76,INR,11580.49,138.97,0.012,PROJ-003,CC-0020,CANCELLED,MGR-003,N,Client visit,N
EXP-0001371,EMP-001260,2025-01-10,Travel-Ground,Vendor-42,AUD,251.01,163.16,0.65,PROJ-019,CC-0005,CANCELLED,MGR-003,Y,Client visit,N
EXP-0001372,EMP-000374,2024-05-10,Travel-Hotel,Vendor-149,CAD,14358.25,10625.1,0.74,PROJ-005,CC-0009,PENDING,MGR-003,Y,Team lunch,Y
EXP-0001373,EMP-000980,2024-09-06,Office Supplies,Vendor-13,INR,10402.26,124.83,0.012,PROJ-049,CC-0004,REJECTED,MGR-002,Y,Conference attendance,N
EXP-0001374,EMP-000197,2024-02-14,Travel-Hotel,Vendor-102,USD,11180.87,11180.87,1.0,PROJ-046,CC-0005,CANCELLED,MGR-001,Y,,Y
EXP-0001375,EMP-001148,2024-08-01,Client Entertainment,Vendor-120,EUR,6025.87,6568.2,1.09,PROJ-022,CC-0020,CANCELLED,MGR-003,N,Client visit,N
EXP-0001376,EMP-001462,2024-07-30,Software License,Vendor-126,AUD,7618.93,4952.3,0.65,PROJ-006,CC-0020,PENDING,MGR-001,Y,,N
EXP-0001377,EMP-001676,2024-09-15,Office Supplies,Vendor-63,SGD,8556.31,6331.67,0.74,PROJ-046,CC-0017,CANCELLED,MGR-003,Y,Monthly subscription,Y
EXP-0001378,EMP-000426,2024-04-03,Training,Vendor-178,EUR,353.96,385.82,1.09,PROJ-009,CC-0014,CANCELLED,MGR-002,N,,Y
EXP-0001379,EMP-000683,2024-09-27,Telecoms,Vendor-43,AUD,5898.75,3834.19,0.65,PROJ-047,CC-0016,PENDING,MGR-002,Y,Conference attendance,Y
EXP-0001380,EMP-000802,2024-02-20,Travel-Hotel,Vendor-78,EUR,321.66,350.61,1.09,PROJ-043,CC-0013,APPROVED,MGR-002,Y,,Y
EXP-0001381,EMP-001688,2024-05-26,Training,Vendor-30,INR,4204.25,50.45,0.012,PROJ-026,CC-0007,APPROVED,MGR-003,N,Client visit,N
EXP-0001382,EMP-001863,2024-08-10,Office Supplies,Vendor-154,JPY,12676.79,84.93,0.0067,PROJ-046,CC-0007,APPROVED,MGR-001,Y,Conference attendance,Y
EXP-0001383,EMP-001219,2024-08-28,Travel-Hotel,Vendor-142,USD,7899.59,7899.59,1.0,PROJ-029,CC-0017,APPROVED,MGR-003,Y,Monthly subscription,Y
EXP-0001384,EMP-001943,2024-08-24,Software License,Vendor-179,EUR,7905.64,8617.15,1.09,PROJ-018,CC-0003,REJECTED,MGR-003,N,,Y
EXP-0001385,EMP-000538,2024-08-13,Training,Vendor-107,CAD,750.04,555.03,0.74,PROJ-028,CC-0003,PENDING,MGR-002,Y,Client visit,Y
EXP-0001386,EMP-000281,2025-03-15,Marketing Materials,Vendor-18,GBP,2113.55,2684.21,1.27,PROJ-023,CC-0019,REJECTED,MGR-002,Y,Team lunch,Y
EXP-0001387,EMP-000452,2024-03-16,Travel-Hotel,Vendor-10,INR,13671.3,164.06,0.012,PROJ-023,CC-0018,PENDING,MGR-003,N,Conference attendance,N
EXP-0001388,EMP-001239,2025-04-03,Telecoms,Vendor-129,SGD,13948.73,10322.06,0.74,PROJ-019,CC-0005,APPROVED,MGR-003,Y,,N
EXP-0001389,EMP-001242,2024-08-26,Training,Vendor-105,EUR,10012.32,10913.43,1.09,PROJ-047,CC-0012,APPROVED,MGR-003,Y,Team lunch,N
EXP-0001390,EMP-001776,2024-04-10,Marketing Materials,Vendor-127,JPY,7189.25,48.17,0.0067,PROJ-031,CC-0013,PENDING,MGR-003,N,Team lunch,Y
EXP-0001391,EMP-001856,2025-01-01,Travel-Air,Vendor-23,JPY,8175.76,54.78,0.0067,PROJ-047,CC-0013,PENDING,MGR-002,Y,Client visit,Y
EXP-0001392,EMP-000891,2025-03-30,Marketing Materials,Vendor-177,EUR,6382.46,6956.88,1.09,PROJ-033,CC-0001,PENDING,MGR-002,Y,Conference attendance,N
EXP-0001393,EMP-001128,2024-01-01,Training,Vendor-75,INR,2543.43,30.52,0.012,PROJ-038,CC-0019,PENDING,MGR-002,Y,Client visit,N
EXP-0001394,EMP-000984,2025-04-21,Travel-Ground,Vendor-112,INR,9341.08,112.09,0.012,PROJ-021,CC-0020,CANCELLED,MGR-002,Y,Conference attendance,Y
EXP-0001395,EMP-001090,2024-01-26,Software License,Vendor-8,INR,14394.28,172.73,0.012,PROJ-005,CC-0010,APPROVED,MGR-002,Y,Team lunch,N
EXP-0001396,EMP-000386,2024-03-12,Travel-Ground,Vendor-152,SGD,8276.03,6124.26,0.74,PROJ-023,CC-0013,REJECTED,MGR-001,Y,Conference attendance,Y
EXP-0001397,EMP-000081,2024-02-27,Software License,Vendor-199,AUD,7888.48,5127.51,0.65,PROJ-003,CC-0001,PENDING,MGR-002,Y,,Y
EXP-0001398,EMP-001821,2025-05-18,Software License,Vendor-164,SGD,8422.06,6232.32,0.74,PROJ-030,CC-0002,PENDING,MGR-003,Y,Client visit,Y
EXP-0001399,EMP-001498,2024-06-02,Software License,Vendor-163,USD,1861.13,1861.13,1.0,PROJ-001,CC-0003,CANCELLED,MGR-003,Y,Team lunch,N
EXP-0001400,EMP-001985,2024-01-24,Office Supplies,Vendor-170,EUR,8578.59,9350.66,1.09,PROJ-042,CC-0020,REJECTED,MGR-001,N,Client visit,Y
EXP-0001401,EMP-000432,2024-05-01,Marketing Materials,Vendor-5,CAD,6127.03,4534.0,0.74,PROJ-025,CC-0006,APPROVED,MGR-001,Y,,Y
EXP-0001402,EMP-001664,2024-09-24,Travel-Ground,Vendor-99,USD,14106.9,14106.9,1.0,PROJ-042,CC-0014,PENDING,MGR-002,Y,Monthly subscription,Y
EXP-0001403,EMP-001505,2024-10-22,Travel-Air,Vendor-179,SGD,14178.41,10492.02,0.74,PROJ-021,CC-0016,APPROVED,MGR-003,Y,Monthly subscription,N
EXP-0001404,EMP-001390,2025-05-22,Client Entertainment,Vendor-13,INR,13520.36,162.24,0.012,PROJ-047,CC-0013,CANCELLED,MGR-001,Y,,N
EXP-0001405,EMP-000449,2024-09-17,Software License,Vendor-186,AUD,14096.77,9162.9,0.65,PROJ-005,CC-0009,CANCELLED,MGR-003,Y,,N
EXP-0001406,EMP-001053,2024-07-22,Client Entertainment,Vendor-130,INR,13912.9,166.95,0.012,PROJ-013,CC-0010,PENDING,MGR-003,Y,,N
EXP-0001407,EMP-001705,2025-05-21,Meals,Vendor-112,EUR,12821.59,13975.53,1.09,PROJ-026,CC-0010,REJECTED,MGR-001,N,Conference attendance,N
EXP-0001408,EMP-000965,2024-01-05,Marketing Materials,Vendor-156,SGD,5480.13,4055.3,0.74,PROJ-019,CC-0008,PENDING,MGR-003,Y,,Y
EXP-0001409,EMP-001785,2025-03-16,Telecoms,Vendor-177,AUD,4518.48,2937.01,0.65,PROJ-022,CC-0018,APPROVED,MGR-002,Y,,N
EXP-0001410,EMP-000740,2024-02-02,Telecoms,Vendor-45,INR,11997.65,143.97,0.012,PROJ-035,CC-0009,CANCELLED,MGR-002,N,,Y
EXP-0001411,EMP-000575,2024-06-25,Telecoms,Vendor-195,USD,6873.71,6873.71,1.0,PROJ-013,CC-0019,APPROVED,MGR-003,Y,Team lunch,Y
EXP-0001412,EMP-001730,2024-11-18,Client Entertainment,Vendor-163,SGD,13605.71,10068.23,0.74,PROJ-023,CC-0001,PENDING,MGR-003,Y,Conference attendance,N
EXP-0001413,EMP-000720,2024-04-22,Software License,Vendor-10,EUR,5032.89,5485.85,1.09,PROJ-044,CC-0005,APPROVED,MGR-002,Y,Conference attendance,Y
EXP-0001414,EMP-000704,2024-08-20,Travel-Hotel,Vendor-36,GBP,4681.66,5945.71,1.27,PROJ-030,CC-0020,REJECTED,MGR-003,N,Client visit,N
EXP-0001415,EMP-001634,2024-04-12,Travel-Hotel,Vendor-37,INR,2829.48,33.95,0.012,PROJ-016,CC-0012,APPROVED,MGR-002,N,Team lunch,N
EXP-0001416,EMP-001674,2024-09-27,Travel-Ground,Vendor-142,EUR,13274.94,14469.68,1.09,PROJ-028,CC-0013,PENDING,MGR-003,Y,Conference attendance,Y
EXP-0001417,EMP-001083,2024-07-16,Marketing Materials,Vendor-184,INR,7443.69,89.32,0.012,PROJ-044,CC-0012,REJECTED,MGR-002,Y,Conference attendance,N
EXP-0001418,EMP-001635,2024-03-23,Telecoms,Vendor-60,JPY,14652.22,98.17,0.0067,PROJ-021,CC-0004,APPROVED,MGR-002,Y,Monthly subscription,N
EXP-0001419,EMP-000451,2025-04-09,Travel-Air,Vendor-196,INR,11339.43,136.07,0.012,PROJ-027,CC-0005,CANCELLED,MGR-001,Y,Team lunch,N
EXP-0001420,EMP-000513,2025-01-29,Travel-Hotel,Vendor-36,CAD,3719.29,2752.27,0.74,PROJ-006,CC-0011,CANCELLED,MGR-002,Y,,Y
EXP-0001421,EMP-000208,2024-06-26,Office Supplies,Vendor-8,JPY,3867.35,25.91,0.0067,PROJ-033,CC-0009,APPROVED,MGR-003,Y,Team lunch,Y
EXP-0001422,EMP-001911,2024-03-01,Office Supplies,Vendor-147,USD,8841.44,8841.44,1.0,PROJ-015,CC-0003,CANCELLED,MGR-001,Y,Client visit,N
EXP-0001423,EMP-001012,2024-03-01,Client Entertainment,Vendor-86,GBP,6543.04,8309.66,1.27,PROJ-003,CC-0011,PENDING,MGR-001,Y,Team lunch,Y
EXP-0001424,EMP-001951,2024-08-08,Client Entertainment,Vendor-59,GBP,14215.17,18053.27,1.27,PROJ-050,CC-0017,APPROVED,MGR-002,Y,Conference attendance,N
EXP-0001425,EMP-000757,2024-09-05,Office Supplies,Vendor-77,EUR,867.19,945.24,1.09,PROJ-024,CC-0002,PENDING,MGR-003,N,,Y
EXP-0001426,EMP-000272,2025-04-27,Software License,Vendor-197,GBP,3702.28,4701.9,1.27,PROJ-024,CC-0015,CANCELLED,MGR-002,N,,Y
EXP-0001427,EMP-000600,2024-01-25,Client Entertainment,Vendor-161,GBP,10777.85,13687.87,1.27,PROJ-017,CC-0007,APPROVED,MGR-003,N,,N
EXP-0001428,EMP-001260,2025-01-16,Meals,Vendor-22,CAD,6543.82,4842.43,0.74,PROJ-003,CC-0006,CANCELLED,MGR-002,Y,,Y
EXP-0001429,EMP-000302,2024-04-27,Training,Vendor-155,INR,246.84,2.96,0.012,PROJ-009,CC-0013,REJECTED,MGR-001,Y,Client visit,Y
EXP-0001430,EMP-000290,2024-03-26,Travel-Air,Vendor-188,GBP,12629.38,16039.31,1.27,PROJ-033,CC-0016,PENDING,MGR-003,N,Client visit,Y
EXP-0001431,EMP-001843,2024-03-18,Software License,Vendor-114,CAD,5962.08,4411.94,0.74,PROJ-014,CC-0015,CANCELLED,MGR-002,Y,Conference attendance,N
EXP-0001432,EMP-001398,2025-04-07,Training,Vendor-1,EUR,8477.55,9240.53,1.09,PROJ-029,CC-0010,REJECTED,MGR-003,Y,Monthly subscription,Y
EXP-0001433,EMP-000651,2024-02-22,Travel-Air,Vendor-46,USD,3821.89,3821.89,1.0,PROJ-001,CC-0005,CANCELLED,MGR-003,N,,N
EXP-0001434,EMP-001526,2024-11-13,Software License,Vendor-15,USD,13306.94,13306.94,1.0,PROJ-011,CC-0020,REJECTED,MGR-003,Y,Team lunch,N
EXP-0001435,EMP-001596,2024-02-18,Client Entertainment,Vendor-3,USD,3573.72,3573.72,1.0,PROJ-039,CC-0007,REJECTED,MGR-002,Y,,N
EXP-0001436,EMP-001099,2024-05-29,Meals,Vendor-109,AUD,9385.25,6100.41,0.65,PROJ-035,CC-0017,APPROVED,MGR-001,Y,Client visit,Y
EXP-0001437,EMP-000100,2024-11-17,Travel-Hotel,Vendor-63,SGD,2596.12,1921.13,0.74,PROJ-016,CC-0009,CANCELLED,MGR-001,Y,,N
EXP-0001438,EMP-000202,2024-08-28,Marketing Materials,Vendor-169,EUR,2241.97,2443.75,1.09,PROJ-036,CC-0006,REJECTED,MGR-001,N,Conference attendance,Y
EXP-0001439,EMP-001377,2025-01-31,Marketing Materials,Vendor-32,GBP,13223.44,16793.77,1.27,PROJ-047,CC-0014,PENDING,MGR-002,Y,Client visit,Y
EXP-0001440,EMP-001512,2025-01-24,Telecoms,Vendor-4,SGD,14855.45,10993.03,0.74,PROJ-030,CC-0017,REJECTED,MGR-003,Y,Team lunch,N
EXP-0001441,EMP-000048,2024-12-28,Travel-Ground,Vendor-21,EUR,702.13,765.32,1.09,PROJ-017,CC-0004,APPROVED,MGR-002,Y,Team lunch,Y
EXP-0001442,EMP-001149,2025-01-08,Travel-Air,Vendor-168,JPY,3629.25,24.32,0.0067,PROJ-043,CC-0018,REJECTED,MGR-001,N,Client visit,N
EXP-0001443,EMP-000166,2024-04-22,Telecoms,Vendor-193,USD,7941.0,7941.0,1.0,PROJ-006,CC-0020,REJECTED,MGR-003,Y,Monthly subscription,N
EXP-0001444,EMP-000968,2024-05-25,Telecoms,Vendor-102,INR,6310.53,75.73,0.012,PROJ-023,CC-0011,CANCELLED,MGR-001,N,Team lunch,N
EXP-0001445,EMP-000900,2025-04-01,Travel-Hotel,Vendor-177,SGD,1182.93,875.37,0.74,PROJ-049,CC-0017,CANCELLED,MGR-001,Y,Client visit,N
EXP-0001446,EMP-001520,2025-02-15,Office Supplies,Vendor-199,JPY,1607.21,10.77,0.0067,PROJ-029,CC-0018,PENDING,MGR-001,Y,Monthly subscription,N
EXP-0001447,EMP-000401,2025-06-21,Training,Vendor-192,CAD,6886.91,5096.31,0.74,PROJ-019,CC-0002,PENDING,MGR-003,N,Client visit,N
EXP-0001448,EMP-000619,2024-10-31,Office Supplies,Vendor-98,JPY,14421.61,96.62,0.0067,PROJ-012,CC-0016,CANCELLED,MGR-001,N,Conference attendance,N
EXP-0001449,EMP-000937,2025-03-02,Travel-Hotel,Vendor-176,GBP,1083.56,1376.12,1.27,PROJ-020,CC-0006,APPROVED,MGR-002,N,Monthly subscription,Y
EXP-0001450,EMP-001090,2025-03-07,Meals,Vendor-107,GBP,9018.47,11453.46,1.27,PROJ-017,CC-0016,APPROVED,MGR-002,Y,Monthly subscription,N
EXP-0001451,EMP-001849,2025-05-09,Travel-Air,Vendor-56,JPY,8901.4,59.64,0.0067,PROJ-025,CC-0018,PENDING,MGR-001,Y,Monthly subscription,Y
EXP-0001452,EMP-001886,2024-08-21,Office Supplies,Vendor-187,SGD,10246.84,7582.66,0.74,PROJ-015,CC-0003,REJECTED,MGR-003,N,,Y
EXP-0001453,EMP-000344,2025-05-09,Travel-Air,Vendor-99,GBP,9923.2,12602.46,1.27,PROJ-022,CC-0020,PENDING,MGR-002,Y,Conference attendance,N
EXP-0001454,EMP-001919,2024-05-28,Telecoms,Vendor-25,USD,5663.03,5663.03,1.0,PROJ-006,CC-0018,CANCELLED,MGR-001,N,,Y
EXP-0001455,EMP-001063,2024-07-16,Travel-Air,Vendor-23,AUD,7202.42,4681.57,0.65,PROJ-035,CC-0004,CANCELLED,MGR-003,Y,,Y
EXP-0001456,EMP-000918,2025-06-22,Telecoms,Vendor-187,SGD,5026.64,3719.71,0.74,PROJ-047,CC-0017,REJECTED,MGR-003,Y,Monthly subscription,N
EXP-0001457,EMP-001905,2024-05-18,Travel-Hotel,Vendor-126,USD,4742.7,4742.7,1.0,PROJ-008,CC-0004,REJECTED,MGR-003,Y,Monthly subscription,N
EXP-0001458,EMP-000195,2024-04-14,Travel-Air,Vendor-111,INR,7756.59,93.08,0.012,PROJ-005,CC-0016,PENDING,MGR-003,Y,Team lunch,Y
EXP-0001459,EMP-000410,2024-04-06,Travel-Ground,Vendor-153,GBP,14897.37,18919.66,1.27,PROJ-030,CC-0012,REJECTED,MGR-002,N,,N
EXP-0001460,EMP-000625,2025-02-24,Meals,Vendor-125,GBP,6284.1,7980.81,1.27,PROJ-036,CC-0017,APPROVED,MGR-001,N,,Y
EXP-0001461,EMP-001942,2024-06-19,Travel-Air,Vendor-30,JPY,7960.72,53.34,0.0067,PROJ-049,CC-0007,APPROVED,MGR-002,Y,Team lunch,N
EXP-0001462,EMP-001400,2024-06-24,Travel-Hotel,Vendor-100,INR,2835.99,34.03,0.012,PROJ-015,CC-0007,CANCELLED,MGR-001,N,Conference attendance,N
EXP-0001463,EMP-000076,2024-02-16,Client Entertainment,Vendor-177,INR,4023.74,48.28,0.012,PROJ-039,CC-0002,PENDING,MGR-002,N,,N
EXP-0001464,EMP-001591,2024-12-06,Marketing Materials,Vendor-58,AUD,5579.86,3626.91,0.65,PROJ-022,CC-0014,PENDING,MGR-003,Y,Client visit,N
EXP-0001465,EMP-000447,2024-06-06,Travel-Ground,Vendor-83,AUD,14987.87,9742.12,0.65,PROJ-050,CC-0011,APPROVED,MGR-002,Y,Conference attendance,Y
EXP-0001466,EMP-001799,2024-03-09,Client Entertainment,Vendor-127,INR,8369.2,100.43,0.012,PROJ-027,CC-0006,APPROVED,MGR-003,N,,Y
EXP-0001467,EMP-000249,2025-02-08,Meals,Vendor-147,JPY,12168.36,81.53,0.0067,PROJ-039,CC-0009,REJECTED,MGR-002,Y,Client visit,N
EXP-0001468,EMP-000643,2025-02-02,Meals,Vendor-199,INR,3513.98,42.17,0.012,PROJ-004,CC-0020,PENDING,MGR-001,Y,,N
EXP-0001469,EMP-001274,2024-02-17,Telecoms,Vendor-110,INR,11629.8,139.56,0.012,PROJ-045,CC-0010,REJECTED,MGR-003,Y,Client visit,N
EXP-0001470,EMP-001535,2024-06-29,Travel-Hotel,Vendor-118,USD,8440.43,8440.43,1.0,PROJ-031,CC-0007,REJECTED,MGR-003,Y,Team lunch,N
EXP-0001471,EMP-000423,2024-08-08,Telecoms,Vendor-121,GBP,1007.47,1279.49,1.27,PROJ-013,CC-0014,CANCELLED,MGR-001,Y,,Y
EXP-0001472,EMP-000464,2024-10-27,Travel-Air,Vendor-181,GBP,7187.54,9128.18,1.27,PROJ-012,CC-0010,PENDING,MGR-003,N,,Y
EXP-0001473,EMP-001264,2025-06-21,Meals,Vendor-16,AUD,1419.92,922.95,0.65,PROJ-027,CC-0008,PENDING,MGR-003,N,Team lunch,N
EXP-0001474,EMP-000193,2024-04-12,Client Entertainment,Vendor-75,AUD,13527.79,8793.06,0.65,PROJ-018,CC-0006,REJECTED,MGR-003,Y,Client visit,Y
EXP-0001475,EMP-000502,2025-01-11,Travel-Air,Vendor-179,EUR,10399.98,11335.98,1.09,PROJ-039,CC-0010,CANCELLED,MGR-002,Y,,Y
EXP-0001476,EMP-001055,2025-03-12,Travel-Hotel,Vendor-87,GBP,10027.93,12735.47,1.27,PROJ-027,CC-0009,APPROVED,MGR-003,Y,Conference attendance,N
EXP-0001477,EMP-001272,2024-03-07,Meals,Vendor-120,SGD,5279.78,3907.04,0.74,PROJ-003,CC-0011,REJECTED,MGR-003,N,Monthly subscription,N
EXP-0001478,EMP-001278,2024-02-27,Marketing Materials,Vendor-46,GBP,10268.81,13041.39,1.27,PROJ-025,CC-0003,APPROVED,MGR-001,N,Monthly subscription,N
EXP-0001479,EMP-000372,2024-06-28,Travel-Air,Vendor-163,INR,9251.38,111.02,0.012,PROJ-012,CC-0008,CANCELLED,MGR-002,Y,Team lunch,N
EXP-0001480,EMP-001168,2024-12-21,Meals,Vendor-60,EUR,11632.76,12679.71,1.09,PROJ-035,CC-0013,APPROVED,MGR-003,Y,Conference attendance,Y
EXP-0001481,EMP-000034,2024-08-24,Client Entertainment,Vendor-33,CAD,9136.36,6760.91,0.74,PROJ-018,CC-0005,REJECTED,MGR-001,Y,Team lunch,Y
EXP-0001482,EMP-000392,2024-07-25,Client Entertainment,Vendor-173,CAD,4059.68,3004.16,0.74,PROJ-034,CC-0018,PENDING,MGR-001,Y,Client visit,N
EXP-0001483,EMP-001961,2025-06-23,Office Supplies,Vendor-112,INR,1546.89,18.56,0.012,PROJ-040,CC-0009,APPROVED,MGR-003,Y,Monthly subscription,N
EXP-0001484,EMP-001490,2024-06-29,Office Supplies,Vendor-159,EUR,4271.34,4655.76,1.09,PROJ-009,CC-0018,REJECTED,MGR-002,Y,Team lunch,N
EXP-0001485,EMP-001706,2024-01-23,Telecoms,Vendor-89,CAD,5106.99,3779.17,0.74,PROJ-011,CC-0018,REJECTED,MGR-003,Y,Team lunch,Y
EXP-0001486,EMP-001653,2025-03-08,Client Entertainment,Vendor-84,CAD,8544.08,6322.62,0.74,PROJ-014,CC-0011,APPROVED,MGR-002,Y,Monthly subscription,Y
EXP-0001487,EMP-001644,2025-06-19,Meals,Vendor-2,AUD,6874.02,4468.11,0.65,PROJ-003,CC-0019,REJECTED,MGR-002,N,,N
EXP-0001488,EMP-000584,2025-02-15,Office Supplies,Vendor-133,CAD,14019.08,10374.12,0.74,PROJ-028,CC-0014,CANCELLED,MGR-003,Y,Team lunch,Y
EXP-0001489,EMP-000938,2024-01-23,Office Supplies,Vendor-150,JPY,10514.94,70.45,0.0067,PROJ-004,CC-0003,REJECTED,MGR-003,Y,Conference attendance,Y
EXP-0001490,EMP-000441,2025-06-20,Client Entertainment,Vendor-184,USD,14450.98,14450.98,1.0,PROJ-029,CC-0004,REJECTED,MGR-002,Y,Monthly subscription,N
EXP-0001491,EMP-000001,2024-12-12,Travel-Hotel,Vendor-139,JPY,10921.16,73.17,0.0067,PROJ-047,CC-0017,CANCELLED,MGR-001,Y,Team lunch,N
EXP-0001492,EMP-001817,2024-07-04,Meals,Vendor-73,AUD,3918.78,2547.21,0.65,PROJ-045,CC-0007,REJECTED,MGR-003,Y,,N
EXP-0001493,EMP-001898,2024-10-11,Software License,Vendor-195,USD,13245.32,13245.32,1.0,PROJ-002,CC-0011,CANCELLED,MGR-002,N,Team lunch,N
EXP-0001494,EMP-001690,2024-09-27,Travel-Ground,Vendor-144,AUD,692.96,450.42,0.65,PROJ-028,CC-0003,CANCELLED,MGR-003,N,Monthly subscription,N
EXP-0001495,EMP-000069,2024-05-13,Software License,Vendor-15,GBP,4516.93,5736.5,1.27,PROJ-044,CC-0008,REJECTED,MGR-003,Y,Team lunch,Y
EXP-0001496,EMP-000617,2025-06-10,Travel-Hotel,Vendor-162,JPY,13119.42,87.9,0.0067,PROJ-027,CC-0008,REJECTED,MGR-003,N,,N
EXP-0001497,EMP-000402,2024-11-26,Marketing Materials,Vendor-90,USD,10070.89,10070.89,1.0,PROJ-015,CC-0001,APPROVED,MGR-001,Y,Client visit,N
EXP-0001498,EMP-000173,2024-08-01,Travel-Air,Vendor-195,JPY,9020.22,60.44,0.0067,PROJ-019,CC-0017,REJECTED,MGR-001,Y,Team lunch,N
EXP-0001499,EMP-000100,2024-08-09,Office Supplies,Vendor-84,JPY,11387.21,76.29,0.0067,PROJ-027,CC-0005,APPROVED,MGR-001,Y,Client visit,N
EXP-0001500,EMP-000433,2024-09-21,Office Supplies,Vendor-131,AUD,10203.24,6632.11,0.65,PROJ-050,CC-0020,CANCELLED,MGR-003,N,Client visit,Y
EXP-0001501,EMP-000309,2024-07-19,Meals,Vendor-95,GBP,10117.24,12848.89,1.27,PROJ-029,CC-0014,APPROVED,MGR-002,Y,Team lunch,Y
EXP-0001502,EMP-000618,2024-10-13,Software License,Vendor-119,GBP,13289.77,16878.01,1.27,PROJ-030,CC-0014,PENDING,MGR-003,Y,Client visit,N
EXP-0001503,EMP-000911,2024-11-16,Travel-Air,Vendor-131,CAD,14148.58,10469.95,0.74,PROJ-040,CC-0018,CANCELLED,MGR-002,Y,Team lunch,N
EXP-0001504,EMP-001332,2024-09-02,Client Entertainment,Vendor-129,AUD,10265.23,6672.4,0.65,PROJ-046,CC-0011,PENDING,MGR-003,Y,Client visit,N
EXP-0001505,EMP-001799,2024-01-29,Meals,Vendor-122,SGD,11810.3,8739.62,0.74,PROJ-025,CC-0015,CANCELLED,MGR-003,Y,Monthly subscription,Y
EXP-0001506,EMP-000047,2025-05-06,Office Supplies,Vendor-120,AUD,13083.07,8504.0,0.65,PROJ-023,CC-0003,REJECTED,MGR-003,Y,Monthly subscription,Y
EXP-0001507,EMP-000650,2025-04-27,Meals,Vendor-167,AUD,1333.12,866.53,0.65,PROJ-050,CC-0007,APPROVED,MGR-003,Y,Conference attendance,Y
EXP-0001508,EMP-001631,2025-02-22,Software License,Vendor-102,AUD,11079.74,7201.83,0.65,PROJ-023,CC-0017,PENDING,MGR-001,Y,,N
EXP-0001509,EMP-001964,2024-12-07,Office Supplies,Vendor-94,INR,3670.05,44.04,0.012,PROJ-016,CC-0011,PENDING,MGR-001,N,Team lunch,N
EXP-0001510,EMP-001875,2024-01-14,Travel-Air,Vendor-67,USD,9473.15,9473.15,1.0,PROJ-030,CC-0001,APPROVED,MGR-001,Y,,Y
EXP-0001511,EMP-001544,2025-01-05,Office Supplies,Vendor-20,AUD,8777.87,5705.62,0.65,PROJ-006,CC-0020,CANCELLED,MGR-002,Y,Conference attendance,Y
EXP-0001512,EMP-001534,2025-04-03,Client Entertainment,Vendor-103,INR,7540.71,90.49,0.012,PROJ-028,CC-0003,REJECTED,MGR-003,Y,Team lunch,N
EXP-0001513,EMP-001046,2025-02-22,Marketing Materials,Vendor-125,JPY,13850.52,92.8,0.0067,PROJ-043,CC-0001,REJECTED,MGR-003,Y,,N
EXP-0001514,EMP-001759,2025-01-27,Marketing Materials,Vendor-38,JPY,10071.51,67.48,0.0067,PROJ-046,CC-0020,APPROVED,MGR-003,Y,,Y
EXP-0001515,EMP-001230,2025-01-18,Travel-Air,Vendor-135,INR,6067.7,72.81,0.012,PROJ-042,CC-0020,APPROVED,MGR-002,N,,Y
EXP-0001516,EMP-000370,2024-07-09,Training,Vendor-109,CAD,64.1,47.43,0.74,PROJ-019,CC-0001,REJECTED,MGR-002,Y,,Y
EXP-0001517,EMP-000319,2024-03-09,Client Entertainment,Vendor-15,JPY,2629.28,17.62,0.0067,PROJ-023,CC-0003,PENDING,MGR-001,Y,Team lunch,Y
EXP-0001518,EMP-000924,2024-09-06,Meals,Vendor-142,AUD,7273.46,4727.75,0.65,PROJ-038,CC-0003,REJECTED,MGR-002,Y,Client visit,N
EXP-0001519,EMP-000620,2024-05-11,Travel-Air,Vendor-49,SGD,4495.49,3326.66,0.74,PROJ-021,CC-0020,REJECTED,MGR-002,Y,Conference attendance,Y
EXP-0001520,EMP-000985,2024-08-19,Software License,Vendor-22,CAD,11748.53,8693.91,0.74,PROJ-035,CC-0014,CANCELLED,MGR-002,Y,Team lunch,N
EXP-0001521,EMP-001986,2024-07-27,Software License,Vendor-20,GBP,3064.77,3892.26,1.27,PROJ-033,CC-0007,APPROVED,MGR-001,Y,,N
EXP-0001522,EMP-001935,2025-03-04,Software License,Vendor-137,CAD,4020.36,2975.07,0.74,PROJ-006,CC-0012,PENDING,MGR-003,Y,,Y
EXP-0001523,EMP-001234,2024-12-01,Software License,Vendor-160,GBP,7339.5,9321.17,1.27,PROJ-040,CC-0002,REJECTED,MGR-003,Y,Client visit,N
EXP-0001524,EMP-001063,2024-04-23,Office Supplies,Vendor-118,INR,5421.48,65.06,0.012,PROJ-023,CC-0020,PENDING,MGR-001,N,Conference attendance,Y
EXP-0001525,EMP-001956,2024-04-03,Marketing Materials,Vendor-184,AUD,7992.08,5194.85,0.65,PROJ-049,CC-0002,APPROVED,MGR-001,Y,Monthly subscription,N
EXP-0001526,EMP-001441,2024-06-26,Client Entertainment,Vendor-41,CAD,3894.14,2881.66,0.74,PROJ-007,CC-0020,REJECTED,MGR-003,Y,,Y
EXP-0001527,EMP-001507,2024-04-14,Travel-Ground,Vendor-17,USD,12607.84,12607.84,1.0,PROJ-033,CC-0011,PENDING,MGR-002,N,Monthly subscription,Y
EXP-0001528,EMP-000823,2024-03-31,Meals,Vendor-64,GBP,4442.89,5642.47,1.27,PROJ-006,CC-0011,REJECTED,MGR-002,N,Conference attendance,Y
EXP-0001529,EMP-000389,2024-03-01,Client Entertainment,Vendor-76,INR,3359.62,40.32,0.012,PROJ-001,CC-0015,CANCELLED,MGR-003,Y,,Y
EXP-0001530,EMP-001819,2025-02-21,Software License,Vendor-158,USD,9253.42,9253.42,1.0,PROJ-036,CC-0010,REJECTED,MGR-002,Y,Team lunch,N
EXP-0001531,EMP-000626,2024-11-29,Client Entertainment,Vendor-31,CAD,11242.19,8319.22,0.74,PROJ-036,CC-0006,APPROVED,MGR-001,Y,,N
EXP-0001532,EMP-000854,2024-11-10,Travel-Hotel,Vendor-159,INR,2298.99,27.59,0.012,PROJ-047,CC-0004,APPROVED,MGR-002,Y,,N
EXP-0001533,EMP-000192,2024-01-18,Travel-Air,Vendor-193,JPY,10353.43,69.37,0.0067,PROJ-045,CC-0017,PENDING,MGR-001,Y,Client visit,Y
EXP-0001534,EMP-000855,2025-05-30,Travel-Ground,Vendor-39,JPY,8037.85,53.85,0.0067,PROJ-044,CC-0003,CANCELLED,MGR-002,Y,Client visit,N
EXP-0001535,EMP-000063,2024-07-17,Client Entertainment,Vendor-128,JPY,14319.51,95.94,0.0067,PROJ-037,CC-0003,APPROVED,MGR-001,Y,,Y
EXP-0001536,EMP-001299,2024-12-26,Training,Vendor-34,EUR,9934.11,10828.18,1.09,PROJ-049,CC-0005,CANCELLED,MGR-001,N,Client visit,Y
EXP-0001537,EMP-001322,2025-04-19,Client Entertainment,Vendor-144,USD,708.93,708.93,1.0,PROJ-022,CC-0020,CANCELLED,MGR-003,N,Monthly subscription,Y
EXP-0001538,EMP-000297,2024-12-24,Travel-Hotel,Vendor-76,SGD,14089.74,10426.41,0.74,PROJ-022,CC-0006,APPROVED,MGR-002,Y,,Y
EXP-0001539,EMP-000779,2024-02-14,Client Entertainment,Vendor-142,JPY,248.87,1.67,0.0067,PROJ-002,CC-0006,PENDING,MGR-002,Y,Team lunch,N
EXP-0001540,EMP-000540,2025-04-06,Office Supplies,Vendor-178,AUD,13297.27,8643.23,0.65,PROJ-039,CC-0011,APPROVED,MGR-003,Y,Monthly subscription,Y
EXP-0001541,EMP-001973,2024-09-22,Meals,Vendor-10,INR,6540.42,78.49,0.012,PROJ-007,CC-0013,REJECTED,MGR-003,Y,Team lunch,Y
EXP-0001542,EMP-001008,2025-06-04,Marketing Materials,Vendor-114,CAD,7727.2,5718.13,0.74,PROJ-047,CC-0013,REJECTED,MGR-002,N,Conference attendance,Y
EXP-0001543,EMP-000108,2025-03-02,Travel-Ground,Vendor-36,JPY,9888.44,66.25,0.0067,PROJ-038,CC-0001,APPROVED,MGR-001,N,,N
EXP-0001544,EMP-000988,2024-10-10,Training,Vendor-21,USD,13832.35,13832.35,1.0,PROJ-049,CC-0019,APPROVED,MGR-001,Y,Client visit,N
EXP-0001545,EMP-001496,2024-09-19,Marketing Materials,Vendor-151,GBP,11401.32,14479.68,1.27,PROJ-049,CC-0011,PENDING,MGR-003,N,,N
EXP-0001546,EMP-001457,2024-05-04,Client Entertainment,Vendor-118,AUD,1110.53,721.84,0.65,PROJ-037,CC-0002,REJECTED,MGR-001,Y,Team lunch,Y
EXP-0001547,EMP-001808,2024-04-05,Office Supplies,Vendor-122,CAD,8831.97,6535.66,0.74,PROJ-014,CC-0002,REJECTED,MGR-003,N,Client visit,N
EXP-0001548,EMP-001140,2024-09-18,Marketing Materials,Vendor-195,SGD,127.32,94.22,0.74,PROJ-034,CC-0013,CANCELLED,MGR-002,Y,,Y
EXP-0001549,EMP-001359,2024-07-09,Travel-Ground,Vendor-135,EUR,5519.72,6016.49,1.09,PROJ-011,CC-0018,APPROVED,MGR-001,N,Client visit,Y
EXP-0001550,EMP-000895,2025-06-06,Marketing Materials,Vendor-88,INR,3152.93,37.84,0.012,PROJ-028,CC-0018,REJECTED,MGR-003,Y,Team lunch,N
EXP-0001551,EMP-001251,2025-02-12,Client Entertainment,Vendor-83,SGD,7540.7,5580.12,0.74,PROJ-036,CC-0008,CANCELLED,MGR-002,Y,,N
EXP-0001552,EMP-000163,2024-08-24,Software License,Vendor-163,SGD,5027.5,3720.35,0.74,PROJ-013,CC-0003,CANCELLED,MGR-002,Y,,N
EXP-0001553,EMP-001434,2025-05-15,Client Entertainment,Vendor-138,EUR,13857.25,15104.4,1.09,PROJ-046,CC-0015,REJECTED,MGR-001,Y,,N
EXP-0001554,EMP-001902,2024-06-09,Office Supplies,Vendor-114,JPY,10261.72,68.75,0.0067,PROJ-021,CC-0004,APPROVED,MGR-003,Y,Team lunch,N
EXP-0001555,EMP-001256,2025-02-20,Software License,Vendor-82,INR,3368.06,40.42,0.012,PROJ-005,CC-0012,CANCELLED,MGR-002,Y,,N
EXP-0001556,EMP-000875,2024-08-31,Travel-Air,Vendor-13,SGD,7945.53,5879.69,0.74,PROJ-037,CC-0007,REJECTED,MGR-003,N,Conference attendance,Y
EXP-0001557,EMP-001715,2024-02-08,Travel-Hotel,Vendor-195,JPY,11766.41,78.83,0.0067,PROJ-048,CC-0011,CANCELLED,MGR-003,N,Client visit,N
EXP-0001558,EMP-000576,2024-08-08,Client Entertainment,Vendor-198,EUR,1902.53,2073.76,1.09,PROJ-043,CC-0020,PENDING,MGR-002,Y,Team lunch,Y
EXP-0001559,EMP-001422,2024-02-20,Travel-Hotel,Vendor-163,AUD,6544.05,4253.63,0.65,PROJ-033,CC-0002,REJECTED,MGR-001,N,Client visit,N
EXP-0001560,EMP-001750,2024-12-07,Meals,Vendor-113,USD,1089.12,1089.12,1.0,PROJ-048,CC-0008,REJECTED,MGR-003,Y,Team lunch,N
EXP-0001561,EMP-000669,2024-09-24,Client Entertainment,Vendor-107,GBP,13928.87,17689.66,1.27,PROJ-002,CC-0012,PENDING,MGR-003,N,Team lunch,Y
EXP-0001562,EMP-000548,2025-02-16,Travel-Ground,Vendor-127,JPY,7273.49,48.73,0.0067,PROJ-009,CC-0002,REJECTED,MGR-003,N,Team lunch,N
EXP-0001563,EMP-001415,2024-06-05,Marketing Materials,Vendor-90,GBP,1615.21,2051.32,1.27,PROJ-027,CC-0015,PENDING,MGR-003,Y,,Y
EXP-0001564,EMP-001802,2024-12-31,Software License,Vendor-185,EUR,14716.92,16041.44,1.09,PROJ-042,CC-0007,PENDING,MGR-001,Y,Team lunch,N
EXP-0001565,EMP-000183,2024-06-11,Office Supplies,Vendor-47,INR,8239.85,98.88,0.012,PROJ-027,CC-0009,PENDING,MGR-003,Y,Team lunch,N
EXP-0001566,EMP-000810,2024-01-03,Training,Vendor-144,AUD,4335.68,2818.19,0.65,PROJ-040,CC-0001,CANCELLED,MGR-002,Y,,Y
EXP-0001567,EMP-000768,2025-01-14,Travel-Hotel,Vendor-40,GBP,6846.71,8695.32,1.27,PROJ-037,CC-0009,REJECTED,MGR-001,Y,,Y
EXP-0001568,EMP-000206,2025-03-15,Client Entertainment,Vendor-159,INR,3098.07,37.18,0.012,PROJ-035,CC-0006,PENDING,MGR-003,Y,,N
EXP-0001569,EMP-000890,2024-12-24,Office Supplies,Vendor-200,AUD,6605.22,4293.39,0.65,PROJ-021,CC-0019,APPROVED,MGR-002,Y,Monthly subscription,N
EXP-0001570,EMP-000540,2024-08-03,Client Entertainment,Vendor-57,AUD,10882.01,7073.31,0.65,PROJ-050,CC-0014,CANCELLED,MGR-003,Y,Conference attendance,N
EXP-0001571,EMP-000358,2024-05-24,Travel-Air,Vendor-150,JPY,12012.54,80.48,0.0067,PROJ-018,CC-0020,APPROVED,MGR-002,Y,,Y
EXP-0001572,EMP-000709,2024-08-03,Software License,Vendor-152,AUD,12978.28,8435.88,0.65,PROJ-030,CC-0015,APPROVED,MGR-001,Y,Conference attendance,Y
EXP-0001573,EMP-000947,2025-04-10,Meals,Vendor-197,INR,9655.3,115.86,0.012,PROJ-019,CC-0020,REJECTED,MGR-001,Y,,N
EXP-0001574,EMP-000722,2025-01-09,Training,Vendor-129,SGD,2011.04,1488.17,0.74,PROJ-022,CC-0013,REJECTED,MGR-001,N,Monthly subscription,N
EXP-0001575,EMP-000806,2024-12-02,Software License,Vendor-120,SGD,4642.22,3435.24,0.74,PROJ-014,CC-0020,REJECTED,MGR-001,N,Client visit,N
EXP-0001576,EMP-000037,2024-12-18,Training,Vendor-192,INR,5249.28,62.99,0.012,PROJ-039,CC-0010,CANCELLED,MGR-002,Y,,N
EXP-0001577,EMP-001613,2024-09-25,Travel-Hotel,Vendor-199,JPY,674.23,4.52,0.0067,PROJ-013,CC-0014,PENDING,MGR-001,N,,N
EXP-0001578,EMP-000038,2025-04-21,Travel-Hotel,Vendor-65,SGD,38.2,28.27,0.74,PROJ-026,CC-0019,CANCELLED,MGR-003,Y,Monthly subscription,N
EXP-0001579,EMP-001652,2024-09-08,Client Entertainment,Vendor-32,SGD,10808.26,7998.11,0.74,PROJ-036,CC-0012,REJECTED,MGR-003,Y,Conference attendance,Y
EXP-0001580,EMP-000764,2025-02-16,Travel-Air,Vendor-32,SGD,14083.06,10421.46,0.74,PROJ-030,CC-0001,PENDING,MGR-003,Y,Conference attendance,Y
EXP-0001581,EMP-001262,2024-02-01,Travel-Air,Vendor-195,GBP,6907.16,8772.09,1.27,PROJ-007,CC-0015,APPROVED,MGR-002,Y,,N
EXP-0001582,EMP-000886,2024-07-01,Marketing Materials,Vendor-81,USD,7338.33,7338.33,1.0,PROJ-021,CC-0004,CANCELLED,MGR-003,N,Conference attendance,N
EXP-0001583,EMP-001579,2025-03-10,Training,Vendor-103,CAD,9972.09,7379.35,0.74,PROJ-044,CC-0008,REJECTED,MGR-001,Y,Team lunch,Y
EXP-0001584,EMP-001630,2024-12-30,Marketing Materials,Vendor-153,INR,13189.08,158.27,0.012,PROJ-027,CC-0002,CANCELLED,MGR-001,Y,Client visit,Y
EXP-0001585,EMP-000175,2024-08-06,Meals,Vendor-89,CAD,4058.66,3003.41,0.74,PROJ-007,CC-0007,APPROVED,MGR-001,Y,Client visit,Y
EXP-0001586,EMP-000635,2024-06-17,Training,Vendor-163,SGD,13662.53,10110.27,0.74,PROJ-020,CC-0020,PENDING,MGR-002,Y,,Y
EXP-0001587,EMP-001581,2025-02-27,Training,Vendor-197,INR,7201.96,86.42,0.012,PROJ-005,CC-0009,APPROVED,MGR-001,Y,,Y
EXP-0001588,EMP-000468,2025-01-07,Office Supplies,Vendor-94,SGD,10106.43,7478.76,0.74,PROJ-036,CC-0005,CANCELLED,MGR-001,N,Monthly subscription,Y
EXP-0001589,EMP-001494,2025-04-27,Telecoms,Vendor-68,JPY,3566.9,23.9,0.0067,PROJ-046,CC-0003,PENDING,MGR-003,Y,Team lunch,Y
EXP-0001590,EMP-001377,2024-05-11,Meals,Vendor-43,GBP,12155.62,15437.64,1.27,PROJ-005,CC-0009,PENDING,MGR-002,N,Team lunch,Y
EXP-0001591,EMP-001618,2024-05-30,Software License,Vendor-159,GBP,8787.86,11160.58,1.27,PROJ-020,CC-0013,REJECTED,MGR-002,Y,,N
EXP-0001592,EMP-001434,2024-08-07,Travel-Ground,Vendor-96,JPY,13721.56,91.93,0.0067,PROJ-044,CC-0011,REJECTED,MGR-002,Y,Conference attendance,Y
EXP-0001593,EMP-000783,2025-04-05,Meals,Vendor-131,INR,1289.07,15.47,0.012,PROJ-002,CC-0011,PENDING,MGR-001,N,,Y
EXP-0001594,EMP-001949,2025-03-15,Marketing Materials,Vendor-78,CAD,6673.94,4938.72,0.74,PROJ-050,CC-0004,REJECTED,MGR-002,Y,Monthly subscription,N
EXP-0001595,EMP-001938,2024-03-17,Client Entertainment,Vendor-170,EUR,2495.53,2720.13,1.09,PROJ-034,CC-0008,PENDING,MGR-001,Y,Monthly subscription,Y
EXP-0001596,EMP-000908,2024-06-22,Marketing Materials,Vendor-54,GBP,1678.27,2131.4,1.27,PROJ-025,CC-0001,PENDING,MGR-001,Y,Team lunch,N
EXP-0001597,EMP-000095,2024-01-11,Office Supplies,Vendor-170,SGD,13619.99,10078.79,0.74,PROJ-043,CC-0016,CANCELLED,MGR-001,N,Team lunch,N
EXP-0001598,EMP-000765,2024-01-03,Training,Vendor-108,EUR,11109.53,12109.39,1.09,PROJ-042,CC-0016,APPROVED,MGR-003,Y,Client visit,Y
EXP-0001599,EMP-000578,2025-06-20,Marketing Materials,Vendor-102,SGD,2217.75,1641.13,0.74,PROJ-036,CC-0002,REJECTED,MGR-001,Y,,Y
EXP-0001600,EMP-001694,2024-06-14,Office Supplies,Vendor-77,USD,3400.56,3400.56,1.0,PROJ-042,CC-0011,CANCELLED,MGR-002,Y,Team lunch,N
EXP-0001601,EMP-000171,2025-02-14,Travel-Air,Vendor-83,GBP,8836.45,11222.29,1.27,PROJ-046,CC-0008,APPROVED,MGR-002,Y,,Y
EXP-0001602,EMP-000470,2024-11-01,Travel-Ground,Vendor-87,SGD,9681.14,7164.04,0.74,PROJ-043,CC-0004,CANCELLED,MGR-003,Y,Conference attendance,Y
EXP-0001603,EMP-000205,2024-07-11,Office Supplies,Vendor-140,INR,8384.21,100.61,0.012,PROJ-010,CC-0019,CANCELLED,MGR-002,Y,Team lunch,N
EXP-0001604,EMP-000681,2024-09-09,Travel-Hotel,Vendor-154,EUR,1776.81,1936.72,1.09,PROJ-016,CC-0013,PENDING,MGR-002,N,Team lunch,Y
EXP-0001605,EMP-000868,2024-01-26,Marketing Materials,Vendor-182,EUR,2621.74,2857.7,1.09,PROJ-033,CC-0015,REJECTED,MGR-002,Y,Client visit,Y
EXP-0001606,EMP-000754,2024-08-24,Marketing Materials,Vendor-77,CAD,11592.81,8578.68,0.74,PROJ-013,CC-0020,APPROVED,MGR-001,Y,Monthly subscription,N
EXP-0001607,EMP-000669,2024-03-27,Training,Vendor-80,CAD,13281.99,9828.67,0.74,PROJ-022,CC-0009,CANCELLED,MGR-003,N,,N
EXP-0001608,EMP-000334,2024-03-24,Client Entertainment,Vendor-13,GBP,399.71,507.63,1.27,PROJ-049,CC-0003,PENDING,MGR-003,N,Client visit,Y
EXP-0001609,EMP-001949,2025-05-08,Telecoms,Vendor-149,INR,5520.97,66.25,0.012,PROJ-001,CC-0008,REJECTED,MGR-003,Y,Conference attendance,N
EXP-0001610,EMP-000996,2024-01-28,Meals,Vendor-9,SGD,1230.87,910.84,0.74,PROJ-023,CC-0014,CANCELLED,MGR-001,Y,Conference attendance,Y
EXP-0001611,EMP-001431,2025-01-26,Travel-Air,Vendor-85,AUD,13652.04,8873.83,0.65,PROJ-006,CC-0013,REJECTED,MGR-003,N,,N
EXP-0001612,EMP-000789,2024-09-22,Travel-Hotel,Vendor-194,CAD,3593.63,2659.29,0.74,PROJ-036,CC-0015,CANCELLED,MGR-002,Y,,N
EXP-0001613,EMP-000574,2024-08-17,Client Entertainment,Vendor-84,USD,150.76,150.76,1.0,PROJ-042,CC-0019,CANCELLED,MGR-003,N,Conference attendance,N
EXP-0001614,EMP-000463,2024-06-30,Client Entertainment,Vendor-149,CAD,678.66,502.21,0.74,PROJ-027,CC-0015,REJECTED,MGR-002,Y,Monthly subscription,Y
EXP-0001615,EMP-000576,2024-02-14,Telecoms,Vendor-78,USD,4539.9,4539.9,1.0,PROJ-045,CC-0015,PENDING,MGR-001,Y,Monthly subscription,N
EXP-0001616,EMP-001731,2024-10-23,Travel-Ground,Vendor-124,USD,12848.12,12848.12,1.0,PROJ-004,CC-0015,REJECTED,MGR-003,Y,Team lunch,N
EXP-0001617,EMP-000105,2025-05-10,Telecoms,Vendor-122,GBP,1586.74,2015.16,1.27,PROJ-026,CC-0010,CANCELLED,MGR-002,Y,,N
EXP-0001618,EMP-000307,2025-06-08,Telecoms,Vendor-117,JPY,5127.89,34.36,0.0067,PROJ-010,CC-0006,CANCELLED,MGR-003,N,Monthly subscription,N
EXP-0001619,EMP-001394,2024-01-26,Meals,Vendor-149,AUD,14149.67,9197.29,0.65,PROJ-001,CC-0020,REJECTED,MGR-003,Y,,N
EXP-0001620,EMP-000889,2025-01-23,Telecoms,Vendor-187,JPY,181.0,1.21,0.0067,PROJ-039,CC-0006,CANCELLED,MGR-001,N,,Y
EXP-0001621,EMP-000976,2024-02-04,Telecoms,Vendor-197,JPY,11729.0,78.58,0.0067,PROJ-029,CC-0015,CANCELLED,MGR-002,Y,Team lunch,Y
EXP-0001622,EMP-001830,2025-02-20,Travel-Ground,Vendor-97,CAD,8546.85,6324.67,0.74,PROJ-015,CC-0016,CANCELLED,MGR-003,N,,N
EXP-0001623,EMP-000175,2024-02-26,Training,Vendor-195,GBP,10054.5,12769.22,1.27,PROJ-016,CC-0012,APPROVED,MGR-001,Y,Client visit,Y
EXP-0001624,EMP-001981,2024-06-20,Client Entertainment,Vendor-52,USD,6108.93,6108.93,1.0,PROJ-011,CC-0008,PENDING,MGR-003,N,Conference attendance,Y
EXP-0001625,EMP-001903,2024-08-23,Client Entertainment,Vendor-72,CAD,9255.57,6849.12,0.74,PROJ-025,CC-0001,CANCELLED,MGR-003,Y,Team lunch,N
EXP-0001626,EMP-000005,2025-02-12,Telecoms,Vendor-89,CAD,10203.96,7550.93,0.74,PROJ-042,CC-0005,PENDING,MGR-002,Y,,N
EXP-0001627,EMP-001227,2024-11-08,Travel-Hotel,Vendor-35,INR,11680.13,140.16,0.012,PROJ-033,CC-0011,PENDING,MGR-002,Y,Conference attendance,N
EXP-0001628,EMP-001815,2024-12-10,Client Entertainment,Vendor-137,AUD,3814.59,2479.48,0.65,PROJ-031,CC-0011,PENDING,MGR-001,Y,,Y
EXP-0001629,EMP-000717,2024-11-14,Travel-Ground,Vendor-136,AUD,2509.11,1630.92,0.65,PROJ-001,CC-0011,PENDING,MGR-002,Y,Monthly subscription,Y
EXP-0001630,EMP-000062,2025-05-06,Marketing Materials,Vendor-109,INR,5001.99,60.02,0.012,PROJ-036,CC-0017,CANCELLED,MGR-003,Y,Conference attendance,Y
EXP-0001631,EMP-001209,2024-05-13,Travel-Ground,Vendor-32,USD,3437.99,3437.99,1.0,PROJ-016,CC-0003,CANCELLED,MGR-001,Y,,N
EXP-0001632,EMP-001890,2024-08-01,Telecoms,Vendor-199,JPY,14467.23,96.93,0.0067,PROJ-037,CC-0005,CANCELLED,MGR-003,Y,Client visit,N
EXP-0001633,EMP-001433,2024-03-19,Client Entertainment,Vendor-41,CAD,12397.23,9173.95,0.74,PROJ-020,CC-0019,REJECTED,MGR-002,N,,Y
EXP-0001634,EMP-001183,2025-02-05,Client Entertainment,Vendor-77,SGD,13736.54,10165.04,0.74,PROJ-008,CC-0014,APPROVED,MGR-001,N,Client visit,Y
EXP-0001635,EMP-000664,2024-03-21,Travel-Air,Vendor-46,SGD,77.29,57.19,0.74,PROJ-034,CC-0016,REJECTED,MGR-002,Y,Client visit,Y
EXP-0001636,EMP-001497,2024-01-04,Travel-Hotel,Vendor-186,EUR,10219.77,11139.55,1.09,PROJ-032,CC-0012,REJECTED,MGR-002,Y,Conference attendance,N
EXP-0001637,EMP-001269,2024-05-20,Travel-Hotel,Vendor-15,AUD,7952.11,5168.87,0.65,PROJ-018,CC-0013,CANCELLED,MGR-001,Y,Monthly subscription,Y
EXP-0001638,EMP-000831,2025-04-03,Client Entertainment,Vendor-71,GBP,5339.12,6780.68,1.27,PROJ-011,CC-0002,PENDING,MGR-003,Y,Conference attendance,N
EXP-0001639,EMP-001112,2024-07-12,Meals,Vendor-4,INR,4392.4,52.71,0.012,PROJ-037,CC-0012,CANCELLED,MGR-001,N,,Y
EXP-0001640,EMP-001320,2024-01-11,Office Supplies,Vendor-13,JPY,8028.28,53.79,0.0067,PROJ-006,CC-0009,REJECTED,MGR-002,N,Client visit,Y
EXP-0001641,EMP-000549,2024-12-16,Marketing Materials,Vendor-181,JPY,7286.54,48.82,0.0067,PROJ-007,CC-0020,CANCELLED,MGR-001,Y,Monthly subscription,Y
EXP-0001642,EMP-001017,2025-05-09,Travel-Ground,Vendor-8,GBP,8486.79,10778.22,1.27,PROJ-040,CC-0005,REJECTED,MGR-001,N,Conference attendance,Y
EXP-0001643,EMP-001477,2024-12-27,Travel-Ground,Vendor-61,EUR,8250.13,8992.64,1.09,PROJ-015,CC-0005,CANCELLED,MGR-001,Y,,Y
EXP-0001644,EMP-001036,2024-06-14,Telecoms,Vendor-27,SGD,8786.5,6502.01,0.74,PROJ-022,CC-0018,REJECTED,MGR-002,Y,Conference attendance,N
EXP-0001645,EMP-001323,2025-03-30,Travel-Hotel,Vendor-73,CAD,12033.06,8904.46,0.74,PROJ-039,CC-0006,APPROVED,MGR-002,Y,Team lunch,N
EXP-0001646,EMP-001973,2024-11-13,Travel-Ground,Vendor-77,GBP,14923.84,18953.28,1.27,PROJ-036,CC-0015,PENDING,MGR-003,Y,Client visit,N
EXP-0001647,EMP-000164,2025-06-13,Marketing Materials,Vendor-61,EUR,5193.95,5661.41,1.09,PROJ-045,CC-0003,PENDING,MGR-002,Y,,N
EXP-0001648,EMP-001323,2025-03-20,Training,Vendor-123,CAD,11398.28,8434.73,0.74,PROJ-011,CC-0009,REJECTED,MGR-001,Y,Client visit,N
EXP-0001649,EMP-000948,2025-06-15,Training,Vendor-43,AUD,9343.31,6073.15,0.65,PROJ-039,CC-0013,REJECTED,MGR-002,Y,Monthly subscription,N
EXP-0001650,EMP-001062,2024-02-14,Travel-Ground,Vendor-158,AUD,3349.78,2177.36,0.65,PROJ-037,CC-0002,PENDING,MGR-002,Y,,N
EXP-0001651,EMP-001191,2025-03-04,Travel-Air,Vendor-161,EUR,4402.24,4798.44,1.09,PROJ-002,CC-0002,REJECTED,MGR-001,Y,Team lunch,N
EXP-0001652,EMP-000851,2024-05-10,Client Entertainment,Vendor-43,SGD,3428.54,2537.12,0.74,PROJ-026,CC-0013,PENDING,MGR-001,Y,Monthly subscription,Y
EXP-0001653,EMP-001602,2024-08-24,Travel-Air,Vendor-153,USD,3320.15,3320.15,1.0,PROJ-049,CC-0003,REJECTED,MGR-003,Y,Conference attendance,N
EXP-0001654,EMP-000223,2024-04-26,Training,Vendor-48,EUR,7006.75,7637.36,1.09,PROJ-012,CC-0013,REJECTED,MGR-001,Y,Team lunch,N
EXP-0001655,EMP-001614,2024-01-14,Travel-Air,Vendor-163,JPY,8577.95,57.47,0.0067,PROJ-005,CC-0017,REJECTED,MGR-001,N,Client visit,N
EXP-0001656,EMP-000628,2024-06-16,Travel-Ground,Vendor-148,AUD,6731.14,4375.24,0.65,PROJ-035,CC-0008,REJECTED,MGR-003,Y,,N
EXP-0001657,EMP-001633,2024-03-25,Software License,Vendor-64,SGD,11814.87,8743.0,0.74,PROJ-039,CC-0001,PENDING,MGR-001,Y,Client visit,N
EXP-0001658,EMP-000484,2025-02-16,Software License,Vendor-3,SGD,10931.63,8089.41,0.74,PROJ-003,CC-0007,PENDING,MGR-003,Y,,Y
EXP-0001659,EMP-001726,2025-04-09,Office Supplies,Vendor-18,USD,6490.54,6490.54,1.0,PROJ-042,CC-0010,REJECTED,MGR-001,Y,,N
EXP-0001660,EMP-001446,2024-11-28,Software License,Vendor-67,CAD,12632.1,9347.75,0.74,PROJ-043,CC-0002,REJECTED,MGR-001,N,Conference attendance,N
EXP-0001661,EMP-001483,2024-03-03,Office Supplies,Vendor-114,SGD,8984.38,6648.44,0.74,PROJ-024,CC-0009,PENDING,MGR-003,N,Monthly subscription,Y
EXP-0001662,EMP-000568,2024-11-23,Meals,Vendor-190,JPY,8816.36,59.07,0.0067,PROJ-050,CC-0019,PENDING,MGR-003,Y,Client visit,N
EXP-0001663,EMP-000406,2024-09-11,Marketing Materials,Vendor-26,CAD,5022.26,3716.47,0.74,PROJ-015,CC-0008,APPROVED,MGR-002,N,Monthly subscription,N
EXP-0001664,EMP-001717,2024-08-01,Travel-Air,Vendor-47,CAD,9439.78,6985.44,0.74,PROJ-015,CC-0014,REJECTED,MGR-001,N,Client visit,N
EXP-0001665,EMP-000045,2025-01-18,Meals,Vendor-183,SGD,14001.74,10361.29,0.74,PROJ-030,CC-0006,APPROVED,MGR-001,N,Monthly subscription,Y
EXP-0001666,EMP-000819,2024-02-19,Travel-Ground,Vendor-64,INR,13738.66,164.86,0.012,PROJ-009,CC-0011,APPROVED,MGR-001,Y,,Y
EXP-0001667,EMP-000665,2025-05-25,Travel-Air,Vendor-151,INR,14208.68,170.5,0.012,PROJ-018,CC-0002,REJECTED,MGR-001,N,,N
EXP-0001668,EMP-000146,2024-03-21,Telecoms,Vendor-159,INR,5905.12,70.86,0.012,PROJ-011,CC-0012,REJECTED,MGR-001,N,Monthly subscription,Y
EXP-0001669,EMP-001579,2025-06-13,Travel-Hotel,Vendor-151,USD,14121.29,14121.29,1.0,PROJ-006,CC-0008,REJECTED,MGR-001,Y,,Y
EXP-0001670,EMP-000521,2024-03-11,Telecoms,Vendor-183,AUD,9172.49,5962.12,0.65,PROJ-031,CC-0004,REJECTED,MGR-003,Y,Monthly subscription,N
EXP-0001671,EMP-001832,2025-02-05,Office Supplies,Vendor-60,SGD,14241.41,10538.64,0.74,PROJ-012,CC-0017,PENDING,MGR-002,Y,Client visit,Y
EXP-0001672,EMP-000841,2024-05-17,Travel-Hotel,Vendor-172,JPY,1813.67,12.15,0.0067,PROJ-043,CC-0018,REJECTED,MGR-003,Y,Client visit,N
EXP-0001673,EMP-001596,2024-01-01,Training,Vendor-112,EUR,148.78,162.17,1.09,PROJ-005,CC-0011,APPROVED,MGR-002,N,Conference attendance,N
EXP-0001674,EMP-000735,2025-03-06,Telecoms,Vendor-115,JPY,7519.61,50.38,0.0067,PROJ-030,CC-0003,REJECTED,MGR-001,N,,N
EXP-0001675,EMP-001035,2024-02-13,Telecoms,Vendor-10,USD,13694.43,13694.43,1.0,PROJ-007,CC-0002,APPROVED,MGR-002,Y,,Y
EXP-0001676,EMP-001229,2024-06-01,Training,Vendor-132,USD,10992.87,10992.87,1.0,PROJ-034,CC-0017,APPROVED,MGR-003,N,Conference attendance,N
EXP-0001677,EMP-000791,2024-09-05,Marketing Materials,Vendor-134,JPY,9850.09,66.0,0.0067,PROJ-008,CC-0014,CANCELLED,MGR-003,Y,Conference attendance,N
EXP-0001678,EMP-000094,2024-12-24,Travel-Air,Vendor-170,JPY,13965.15,93.57,0.0067,PROJ-038,CC-0013,REJECTED,MGR-002,N,Team lunch,N
EXP-0001679,EMP-000025,2025-05-05,Travel-Ground,Vendor-183,EUR,7864.84,8572.68,1.09,PROJ-032,CC-0006,APPROVED,MGR-003,Y,,N
EXP-0001680,EMP-000396,2025-04-14,Meals,Vendor-91,SGD,2323.52,1719.4,0.74,PROJ-027,CC-0010,APPROVED,MGR-002,N,,Y
EXP-0001681,EMP-000820,2025-03-30,Marketing Materials,Vendor-195,CAD,755.26,558.89,0.74,PROJ-039,CC-0019,REJECTED,MGR-001,Y,Monthly subscription,N
EXP-0001682,EMP-001827,2024-03-22,Client Entertainment,Vendor-100,CAD,6180.73,4573.74,0.74,PROJ-031,CC-0009,APPROVED,MGR-002,Y,,N
EXP-0001683,EMP-001779,2024-12-11,Training,Vendor-26,SGD,5594.89,4140.22,0.74,PROJ-006,CC-0014,REJECTED,MGR-002,Y,Conference attendance,N
EXP-0001684,EMP-000425,2024-11-06,Meals,Vendor-193,INR,12317.19,147.81,0.012,PROJ-006,CC-0017,APPROVED,MGR-003,Y,Client visit,Y
EXP-0001685,EMP-000276,2024-12-23,Marketing Materials,Vendor-89,USD,10799.19,10799.19,1.0,PROJ-028,CC-0011,PENDING,MGR-001,Y,,N
EXP-0001686,EMP-000038,2024-07-23,Travel-Hotel,Vendor-97,SGD,11921.08,8821.6,0.74,PROJ-032,CC-0018,CANCELLED,MGR-001,N,Team lunch,Y
EXP-0001687,EMP-000985,2024-06-06,Travel-Air,Vendor-27,INR,4254.74,51.06,0.012,PROJ-010,CC-0009,APPROVED,MGR-001,Y,Monthly subscription,N
EXP-0001688,EMP-000119,2024-12-16,Client Entertainment,Vendor-152,INR,366.39,4.4,0.012,PROJ-003,CC-0017,APPROVED,MGR-003,N,,N
EXP-0001689,EMP-000486,2025-06-16,Marketing Materials,Vendor-123,JPY,9470.15,63.45,0.0067,PROJ-009,CC-0010,CANCELLED,MGR-001,Y,Client visit,Y
EXP-0001690,EMP-001581,2024-10-15,Meals,Vendor-135,CAD,11977.03,8863.0,0.74,PROJ-015,CC-0002,APPROVED,MGR-001,Y,Monthly subscription,Y
EXP-0001691,EMP-000630,2024-08-19,Travel-Air,Vendor-126,INR,2369.25,28.43,0.012,PROJ-045,CC-0009,APPROVED,MGR-002,Y,Monthly subscription,N
EXP-0001692,EMP-000313,2025-06-08,Telecoms,Vendor-128,JPY,11321.38,75.85,0.0067,PROJ-045,CC-0007,REJECTED,MGR-001,Y,Client visit,Y
EXP-0001693,EMP-001594,2024-12-01,Office Supplies,Vendor-15,INR,2336.49,28.04,0.012,PROJ-001,CC-0006,PENDING,MGR-001,Y,Client visit,Y
EXP-0001694,EMP-000783,2025-04-24,Training,Vendor-27,AUD,593.9,386.04,0.65,PROJ-012,CC-0012,APPROVED,MGR-003,Y,,Y
EXP-0001695,EMP-001058,2024-06-18,Marketing Materials,Vendor-4,AUD,1543.31,1003.15,0.65,PROJ-022,CC-0003,CANCELLED,MGR-002,Y,Conference attendance,Y
EXP-0001696,EMP-000261,2025-05-14,Marketing Materials,Vendor-142,EUR,3270.47,3564.81,1.09,PROJ-019,CC-0009,CANCELLED,MGR-003,Y,,N
EXP-0001697,EMP-000669,2024-05-23,Training,Vendor-101,CAD,6250.1,4625.07,0.74,PROJ-040,CC-0011,REJECTED,MGR-002,Y,Client visit,Y
EXP-0001698,EMP-000532,2024-06-01,Client Entertainment,Vendor-138,EUR,2409.46,2626.31,1.09,PROJ-035,CC-0013,PENDING,MGR-003,Y,Client visit,N
EXP-0001699,EMP-000615,2025-01-10,Travel-Air,Vendor-58,CAD,6935.73,5132.44,0.74,PROJ-005,CC-0004,APPROVED,MGR-003,N,Team lunch,N
EXP-0001700,EMP-001614,2024-05-04,Telecoms,Vendor-196,GBP,13802.1,17528.67,1.27,PROJ-016,CC-0019,CANCELLED,MGR-001,Y,Conference attendance,Y
EXP-0001701,EMP-001603,2024-04-04,Marketing Materials,Vendor-146,AUD,6818.46,4432.0,0.65,PROJ-048,CC-0004,APPROVED,MGR-003,N,,N
EXP-0001702,EMP-001386,2024-05-26,Client Entertainment,Vendor-186,JPY,14346.63,96.12,0.0067,PROJ-032,CC-0014,PENDING,MGR-002,Y,Conference attendance,Y
EXP-0001703,EMP-000191,2024-07-21,Travel-Hotel,Vendor-133,AUD,1186.59,771.28,0.65,PROJ-007,CC-0004,APPROVED,MGR-002,Y,Monthly subscription,Y
EXP-0001704,EMP-001303,2024-04-28,Training,Vendor-151,CAD,2357.02,1744.19,0.74,PROJ-043,CC-0001,REJECTED,MGR-002,Y,Conference attendance,N
EXP-0001705,EMP-001526,2024-10-08,Travel-Air,Vendor-99,JPY,30.44,0.2,0.0067,PROJ-030,CC-0004,REJECTED,MGR-003,Y,,Y
EXP-0001706,EMP-000215,2024-09-25,Software License,Vendor-196,GBP,336.5,427.36,1.27,PROJ-025,CC-0009,REJECTED,MGR-002,N,Client visit,N
EXP-0001707,EMP-000968,2024-10-02,Travel-Air,Vendor-117,INR,9924.27,119.09,0.012,PROJ-047,CC-0009,APPROVED,MGR-001,N,Team lunch,N
EXP-0001708,EMP-001190,2025-06-21,Training,Vendor-1,AUD,9277.37,6030.29,0.65,PROJ-039,CC-0008,PENDING,MGR-003,Y,,Y
EXP-0001709,EMP-001260,2024-10-22,Travel-Hotel,Vendor-48,JPY,11219.43,75.17,0.0067,PROJ-041,CC-0013,REJECTED,MGR-001,Y,Team lunch,Y
EXP-0001710,EMP-001555,2025-04-06,Software License,Vendor-60,CAD,2525.77,1869.07,0.74,PROJ-005,CC-0018,APPROVED,MGR-002,Y,Team lunch,Y
EXP-0001711,EMP-000075,2024-03-24,Travel-Air,Vendor-137,GBP,10284.82,13061.72,1.27,PROJ-039,CC-0013,REJECTED,MGR-002,Y,Conference attendance,Y
EXP-0001712,EMP-000077,2025-02-01,Client Entertainment,Vendor-6,INR,3395.63,40.75,0.012,PROJ-004,CC-0009,CANCELLED,MGR-002,Y,Team lunch,N
EXP-0001713,EMP-001303,2025-06-15,Telecoms,Vendor-70,JPY,11625.71,77.89,0.0067,PROJ-033,CC-0009,APPROVED,MGR-002,Y,,Y
EXP-0001714,EMP-000052,2024-02-24,Training,Vendor-120,JPY,12123.77,81.23,0.0067,PROJ-001,CC-0003,CANCELLED,MGR-002,N,,N
EXP-0001715,EMP-000635,2024-07-21,Meals,Vendor-10,INR,8616.09,103.39,0.012,PROJ-029,CC-0017,APPROVED,MGR-001,Y,Team lunch,Y
EXP-0001716,EMP-000075,2024-10-11,Telecoms,Vendor-7,JPY,12483.89,83.64,0.0067,PROJ-011,CC-0003,REJECTED,MGR-002,Y,Conference attendance,N
EXP-0001717,EMP-000867,2025-04-03,Client Entertainment,Vendor-59,INR,12739.63,152.88,0.012,PROJ-015,CC-0008,REJECTED,MGR-003,Y,,N
EXP-0001718,EMP-000469,2024-04-21,Training,Vendor-199,INR,14102.45,169.23,0.012,PROJ-044,CC-0001,PENDING,MGR-003,N,Monthly subscription,Y
EXP-0001719,EMP-001551,2024-02-26,Client Entertainment,Vendor-159,USD,13147.75,13147.75,1.0,PROJ-045,CC-0019,PENDING,MGR-002,Y,Monthly subscription,Y
EXP-0001720,EMP-001961,2025-05-04,Training,Vendor-61,JPY,10767.32,72.14,0.0067,PROJ-007,CC-0015,PENDING,MGR-003,Y,Team lunch,Y
EXP-0001721,EMP-001470,2024-06-04,Meals,Vendor-192,AUD,7603.44,4942.24,0.65,PROJ-036,CC-0012,CANCELLED,MGR-002,N,,Y
EXP-0001722,EMP-000795,2025-04-09,Travel-Hotel,Vendor-67,SGD,9886.21,7315.8,0.74,PROJ-045,CC-0003,PENDING,MGR-002,N,Conference attendance,N
EXP-0001723,EMP-000069,2025-03-16,Travel-Air,Vendor-94,JPY,6610.37,44.29,0.0067,PROJ-024,CC-0018,APPROVED,MGR-002,N,Monthly subscription,N
EXP-0001724,EMP-001469,2024-05-04,Office Supplies,Vendor-35,EUR,1785.45,1946.14,1.09,PROJ-022,CC-0001,CANCELLED,MGR-003,N,Monthly subscription,N
EXP-0001725,EMP-000428,2025-04-03,Travel-Air,Vendor-27,JPY,4540.87,30.42,0.0067,PROJ-019,CC-0011,REJECTED,MGR-002,Y,Client visit,Y
EXP-0001726,EMP-000974,2024-04-11,Marketing Materials,Vendor-102,AUD,9924.57,6450.97,0.65,PROJ-026,CC-0019,PENDING,MGR-002,Y,Client visit,Y
EXP-0001727,EMP-001893,2024-06-26,Office Supplies,Vendor-14,INR,367.57,4.41,0.012,PROJ-001,CC-0002,APPROVED,MGR-001,Y,Conference attendance,N
EXP-0001728,EMP-000145,2025-04-15,Meals,Vendor-144,JPY,1116.26,7.48,0.0067,PROJ-017,CC-0009,APPROVED,MGR-001,Y,Client visit,Y
EXP-0001729,EMP-001139,2025-06-08,Travel-Ground,Vendor-168,USD,10092.06,10092.06,1.0,PROJ-049,CC-0007,REJECTED,MGR-003,Y,,Y
EXP-0001730,EMP-000403,2024-08-11,Travel-Hotel,Vendor-16,JPY,7176.29,48.08,0.0067,PROJ-017,CC-0009,APPROVED,MGR-002,Y,,Y
EXP-0001731,EMP-001923,2025-01-06,Software License,Vendor-186,JPY,12842.61,86.05,0.0067,PROJ-027,CC-0003,PENDING,MGR-001,Y,,Y
EXP-0001732,EMP-000437,2024-03-24,Marketing Materials,Vendor-187,EUR,324.66,353.88,1.09,PROJ-026,CC-0010,APPROVED,MGR-002,Y,Conference attendance,Y
EXP-0001733,EMP-000847,2024-09-25,Travel-Hotel,Vendor-177,USD,2341.55,2341.55,1.0,PROJ-041,CC-0014,PENDING,MGR-002,N,Monthly subscription,Y
EXP-0001734,EMP-000890,2024-10-07,Travel-Air,Vendor-63,JPY,12715.77,85.2,0.0067,PROJ-010,CC-0008,APPROVED,MGR-003,N,,Y
EXP-0001735,EMP-001843,2024-06-01,Office Supplies,Vendor-117,INR,2107.28,25.29,0.012,PROJ-007,CC-0006,CANCELLED,MGR-003,N,Team lunch,N
EXP-0001736,EMP-000339,2024-07-09,Software License,Vendor-48,INR,12686.44,152.24,0.012,PROJ-040,CC-0014,REJECTED,MGR-002,Y,,N
EXP-0001737,EMP-001530,2025-03-15,Marketing Materials,Vendor-112,CAD,12023.51,8897.4,0.74,PROJ-033,CC-0004,APPROVED,MGR-001,Y,Client visit,Y
EXP-0001738,EMP-000050,2025-06-16,Travel-Air,Vendor-83,USD,6397.02,6397.02,1.0,PROJ-036,CC-0016,CANCELLED,MGR-001,Y,Monthly subscription,N
EXP-0001739,EMP-001864,2025-02-01,Travel-Ground,Vendor-200,USD,11566.14,11566.14,1.0,PROJ-031,CC-0017,CANCELLED,MGR-003,Y,Client visit,N
EXP-0001740,EMP-000033,2024-09-29,Office Supplies,Vendor-61,GBP,10324.55,13112.18,1.27,PROJ-030,CC-0006,APPROVED,MGR-002,N,,N
EXP-0001741,EMP-000444,2024-05-29,Meals,Vendor-83,JPY,10875.44,72.87,0.0067,PROJ-033,CC-0010,APPROVED,MGR-003,Y,Client visit,N
EXP-0001742,EMP-001208,2025-05-16,Training,Vendor-198,INR,9871.83,118.46,0.012,PROJ-015,CC-0015,PENDING,MGR-003,Y,Team lunch,N
EXP-0001743,EMP-001970,2024-05-29,Client Entertainment,Vendor-185,INR,1021.05,12.25,0.012,PROJ-029,CC-0009,APPROVED,MGR-001,Y,Team lunch,Y
EXP-0001744,EMP-000934,2024-01-13,Meals,Vendor-182,JPY,14448.0,96.8,0.0067,PROJ-034,CC-0014,PENDING,MGR-002,Y,,N
EXP-0001745,EMP-000329,2025-01-08,Marketing Materials,Vendor-75,JPY,1570.05,10.52,0.0067,PROJ-047,CC-0006,PENDING,MGR-001,Y,Conference attendance,Y
EXP-0001746,EMP-000511,2024-02-02,Marketing Materials,Vendor-180,INR,5974.86,71.7,0.012,PROJ-010,CC-0019,PENDING,MGR-003,Y,,Y
EXP-0001747,EMP-001862,2024-06-24,Travel-Hotel,Vendor-11,SGD,3355.34,2482.95,0.74,PROJ-031,CC-0017,PENDING,MGR-001,N,,N
EXP-0001748,EMP-000724,2024-10-24,Marketing Materials,Vendor-90,CAD,10746.87,7952.68,0.74,PROJ-010,CC-0006,APPROVED,MGR-002,N,Conference attendance,Y
EXP-0001749,EMP-001128,2024-10-29,Travel-Ground,Vendor-140,SGD,12675.86,9380.14,0.74,PROJ-031,CC-0009,APPROVED,MGR-002,N,Team lunch,N
EXP-0001750,EMP-000669,2024-03-08,Travel-Ground,Vendor-160,CAD,9442.17,6987.21,0.74,PROJ-047,CC-0011,REJECTED,MGR-002,Y,,Y
EXP-0001751,EMP-001813,2024-03-23,Travel-Air,Vendor-132,USD,14355.36,14355.36,1.0,PROJ-008,CC-0020,REJECTED,MGR-003,Y,,Y
EXP-0001752,EMP-000355,2024-07-31,Travel-Air,Vendor-4,EUR,6444.82,7024.85,1.09,PROJ-014,CC-0014,APPROVED,MGR-002,N,Client visit,Y
EXP-0001753,EMP-001528,2024-08-24,Travel-Air,Vendor-181,INR,583.91,7.01,0.012,PROJ-013,CC-0009,PENDING,MGR-003,Y,Client visit,N
EXP-0001754,EMP-001177,2024-04-27,Office Supplies,Vendor-197,INR,12105.11,145.26,0.012,PROJ-037,CC-0005,APPROVED,MGR-003,Y,Team lunch,N
EXP-0001755,EMP-001721,2025-03-12,Telecoms,Vendor-99,CAD,1868.28,1382.53,0.74,PROJ-036,CC-0016,REJECTED,MGR-001,N,Client visit,Y
EXP-0001756,EMP-001864,2024-09-15,Travel-Hotel,Vendor-5,AUD,5613.51,3648.78,0.65,PROJ-025,CC-0004,CANCELLED,MGR-002,Y,,N
EXP-0001757,EMP-001120,2024-10-21,Client Entertainment,Vendor-189,USD,469.11,469.11,1.0,PROJ-022,CC-0018,APPROVED,MGR-001,Y,,Y
EXP-0001758,EMP-000293,2025-02-26,Travel-Ground,Vendor-133,SGD,6114.18,4524.49,0.74,PROJ-001,CC-0019,PENDING,MGR-002,Y,Conference attendance,N
EXP-0001759,EMP-000038,2025-02-21,Telecoms,Vendor-147,USD,4774.59,4774.59,1.0,PROJ-046,CC-0014,APPROVED,MGR-003,N,Conference attendance,N
EXP-0001760,EMP-000763,2024-06-12,Meals,Vendor-179,EUR,10628.14,11584.67,1.09,PROJ-011,CC-0005,APPROVED,MGR-002,N,Team lunch,N
EXP-0001761,EMP-001887,2024-10-04,Travel-Air,Vendor-180,AUD,3532.82,2296.33,0.65,PROJ-046,CC-0010,CANCELLED,MGR-002,N,Monthly subscription,Y
EXP-0001762,EMP-000219,2024-03-30,Travel-Hotel,Vendor-85,INR,710.38,8.52,0.012,PROJ-050,CC-0006,REJECTED,MGR-002,Y,Client visit,N
EXP-0001763,EMP-001131,2024-06-30,Office Supplies,Vendor-11,SGD,10564.82,7817.97,0.74,PROJ-015,CC-0003,CANCELLED,MGR-002,Y,Client visit,Y
EXP-0001764,EMP-000735,2025-06-03,Travel-Air,Vendor-181,AUD,13628.05,8858.23,0.65,PROJ-049,CC-0019,CANCELLED,MGR-001,Y,Conference attendance,N
EXP-0001765,EMP-001829,2024-08-13,Software License,Vendor-180,EUR,2679.58,2920.74,1.09,PROJ-022,CC-0010,REJECTED,MGR-003,N,Conference attendance,N
EXP-0001766,EMP-000908,2024-11-24,Training,Vendor-127,INR,8457.33,101.49,0.012,PROJ-039,CC-0020,APPROVED,MGR-001,N,Team lunch,Y
EXP-0001767,EMP-001554,2024-12-05,Training,Vendor-106,USD,10632.53,10632.53,1.0,PROJ-010,CC-0015,REJECTED,MGR-002,Y,Conference attendance,N
EXP-0001768,EMP-001828,2024-12-31,Marketing Materials,Vendor-147,USD,8246.89,8246.89,1.0,PROJ-030,CC-0002,APPROVED,MGR-002,N,Client visit,Y
EXP-0001769,EMP-001453,2025-06-18,Telecoms,Vendor-199,CAD,3029.25,2241.64,0.74,PROJ-025,CC-0002,APPROVED,MGR-003,N,Monthly subscription,N
EXP-0001770,EMP-000145,2024-05-13,Marketing Materials,Vendor-163,JPY,10214.57,68.44,0.0067,PROJ-037,CC-0017,PENDING,MGR-001,Y,Monthly subscription,N
EXP-0001771,EMP-001532,2024-09-09,Telecoms,Vendor-155,GBP,11109.7,14109.32,1.27,PROJ-049,CC-0016,PENDING,MGR-002,Y,,N
EXP-0001772,EMP-001869,2024-08-13,Meals,Vendor-134,JPY,14026.27,93.98,0.0067,PROJ-044,CC-0016,REJECTED,MGR-001,Y,,N
EXP-0001773,EMP-001571,2024-09-21,Meals,Vendor-148,GBP,8196.01,10408.93,1.27,PROJ-030,CC-0013,PENDING,MGR-001,Y,,Y
EXP-0001774,EMP-001203,2024-10-18,Telecoms,Vendor-150,SGD,3565.81,2638.7,0.74,PROJ-040,CC-0010,REJECTED,MGR-002,Y,,N
EXP-0001775,EMP-001741,2024-02-14,Training,Vendor-104,AUD,4163.79,2706.46,0.65,PROJ-038,CC-0006,CANCELLED,MGR-001,Y,,N
EXP-0001776,EMP-000610,2025-04-07,Software License,Vendor-146,AUD,9816.34,6380.62,0.65,PROJ-007,CC-0013,APPROVED,MGR-003,Y,Client visit,N
EXP-0001777,EMP-001057,2024-12-03,Telecoms,Vendor-190,CAD,13814.31,10222.59,0.74,PROJ-004,CC-0015,CANCELLED,MGR-002,Y,Team lunch,Y
EXP-0001778,EMP-001364,2024-03-14,Office Supplies,Vendor-123,SGD,4954.69,3666.47,0.74,PROJ-034,CC-0010,PENDING,MGR-002,Y,Team lunch,Y
EXP-0001779,EMP-001336,2024-04-10,Training,Vendor-120,USD,14941.22,14941.22,1.0,PROJ-025,CC-0004,PENDING,MGR-002,Y,,Y
EXP-0001780,EMP-000447,2025-02-01,Telecoms,Vendor-41,SGD,7622.84,5640.9,0.74,PROJ-010,CC-0007,PENDING,MGR-003,Y,Monthly subscription,Y
EXP-0001781,EMP-000838,2024-12-14,Travel-Ground,Vendor-142,CAD,13563.81,10037.22,0.74,PROJ-022,CC-0002,PENDING,MGR-001,Y,Client visit,N
EXP-0001782,EMP-000940,2024-08-31,Software License,Vendor-178,INR,2941.56,35.3,0.012,PROJ-043,CC-0011,APPROVED,MGR-002,Y,Client visit,N
EXP-0001783,EMP-001984,2024-05-11,Meals,Vendor-69,USD,2833.73,2833.73,1.0,PROJ-031,CC-0016,APPROVED,MGR-002,Y,,N
EXP-0001784,EMP-001455,2024-12-31,Software License,Vendor-95,USD,8781.55,8781.55,1.0,PROJ-023,CC-0015,APPROVED,MGR-001,Y,Conference attendance,N
EXP-0001785,EMP-000151,2024-07-18,Office Supplies,Vendor-80,GBP,7059.25,8965.25,1.27,PROJ-017,CC-0012,REJECTED,MGR-002,Y,Conference attendance,Y
EXP-0001786,EMP-000511,2024-04-05,Travel-Ground,Vendor-123,GBP,8269.67,10502.48,1.27,PROJ-044,CC-0001,CANCELLED,MGR-002,Y,Team lunch,N
EXP-0001787,EMP-000346,2024-06-02,Marketing Materials,Vendor-167,GBP,13592.84,17262.91,1.27,PROJ-016,CC-0001,REJECTED,MGR-002,Y,Monthly subscription,N
EXP-0001788,EMP-000009,2024-09-19,Software License,Vendor-95,INR,3732.5,44.79,0.012,PROJ-021,CC-0011,REJECTED,MGR-001,N,Team lunch,Y
EXP-0001789,EMP-001024,2025-05-25,Training,Vendor-197,INR,6436.27,77.24,0.012,PROJ-035,CC-0020,REJECTED,MGR-001,N,,Y
EXP-0001790,EMP-000393,2024-03-04,Client Entertainment,Vendor-174,SGD,6155.04,4554.73,0.74,PROJ-027,CC-0002,APPROVED,MGR-003,N,,Y
EXP-0001791,EMP-001477,2024-05-25,Office Supplies,Vendor-145,JPY,8487.82,56.87,0.0067,PROJ-002,CC-0006,PENDING,MGR-001,Y,,N
EXP-0001792,EMP-001386,2024-01-24,Office Supplies,Vendor-27,INR,14233.97,170.81,0.012,PROJ-030,CC-0020,APPROVED,MGR-002,Y,Conference attendance,Y
EXP-0001793,EMP-000354,2024-02-09,Travel-Air,Vendor-54,INR,10176.45,122.12,0.012,PROJ-038,CC-0007,REJECTED,MGR-002,Y,Team lunch,N
EXP-0001794,EMP-001869,2024-04-27,Office Supplies,Vendor-47,SGD,13411.76,9924.7,0.74,PROJ-047,CC-0003,PENDING,MGR-003,N,,Y
EXP-0001795,EMP-000323,2025-01-21,Telecoms,Vendor-38,GBP,11112.08,14112.34,1.27,PROJ-008,CC-0001,REJECTED,MGR-001,Y,Team lunch,Y
EXP-0001796,EMP-000856,2024-02-13,Travel-Air,Vendor-144,EUR,2608.31,2843.06,1.09,PROJ-009,CC-0005,PENDING,MGR-003,Y,Team lunch,N
EXP-0001797,EMP-000111,2024-11-19,Client Entertainment,Vendor-159,EUR,6815.91,7429.34,1.09,PROJ-036,CC-0011,CANCELLED,MGR-003,Y,Client visit,Y
EXP-0001798,EMP-000309,2024-06-11,Marketing Materials,Vendor-178,USD,6009.44,6009.44,1.0,PROJ-048,CC-0001,APPROVED,MGR-001,Y,,Y
EXP-0001799,EMP-001442,2025-03-05,Software License,Vendor-129,AUD,3887.71,2527.01,0.65,PROJ-038,CC-0011,PENDING,MGR-003,Y,Team lunch,N
EXP-0001800,EMP-000854,2024-01-20,Office Supplies,Vendor-68,USD,12671.19,12671.19,1.0,PROJ-029,CC-0005,REJECTED,MGR-002,N,Monthly subscription,N
EXP-0001801,EMP-000954,2024-09-13,Training,Vendor-127,CAD,6801.2,5032.89,0.74,PROJ-036,CC-0018,REJECTED,MGR-001,Y,Conference attendance,N
EXP-0001802,EMP-000959,2025-04-14,Travel-Air,Vendor-112,JPY,4778.03,32.01,0.0067,PROJ-006,CC-0005,CANCELLED,MGR-001,Y,Client visit,N
EXP-0001803,EMP-000280,2025-06-08,Travel-Ground,Vendor-103,USD,11935.53,11935.53,1.0,PROJ-044,CC-0003,CANCELLED,MGR-002,Y,Team lunch,Y
EXP-0001804,EMP-001773,2025-05-19,Travel-Hotel,Vendor-166,USD,5130.59,5130.59,1.0,PROJ-034,CC-0014,APPROVED,MGR-002,Y,,N
EXP-0001805,EMP-000153,2025-02-15,Office Supplies,Vendor-79,USD,11925.53,11925.53,1.0,PROJ-031,CC-0019,REJECTED,MGR-003,Y,Client visit,N
EXP-0001806,EMP-001803,2024-06-27,Client Entertainment,Vendor-35,CAD,13464.53,9963.75,0.74,PROJ-036,CC-0012,PENDING,MGR-002,Y,Conference attendance,N
EXP-0001807,EMP-001237,2024-03-28,Telecoms,Vendor-143,USD,1280.26,1280.26,1.0,PROJ-044,CC-0009,APPROVED,MGR-003,Y,Conference attendance,Y
EXP-0001808,EMP-001054,2025-02-13,Training,Vendor-27,SGD,27.61,20.43,0.74,PROJ-024,CC-0006,APPROVED,MGR-002,Y,,Y
EXP-0001809,EMP-000585,2024-02-29,Client Entertainment,Vendor-58,USD,7074.72,7074.72,1.0,PROJ-015,CC-0014,REJECTED,MGR-003,Y,,N
EXP-0001810,EMP-001328,2024-10-27,Office Supplies,Vendor-22,SGD,10493.82,7765.43,0.74,PROJ-043,CC-0002,REJECTED,MGR-001,Y,Conference attendance,Y
EXP-0001811,EMP-000105,2024-04-18,Training,Vendor-143,USD,10147.52,10147.52,1.0,PROJ-048,CC-0012,APPROVED,MGR-003,N,Conference attendance,N
EXP-0001812,EMP-001363,2024-10-22,Telecoms,Vendor-122,USD,2237.47,2237.47,1.0,PROJ-011,CC-0008,PENDING,MGR-001,Y,Conference attendance,Y
EXP-0001813,EMP-001279,2025-04-29,Client Entertainment,Vendor-166,SGD,5473.47,4050.37,0.74,PROJ-030,CC-0011,PENDING,MGR-003,Y,Monthly subscription,N
EXP-0001814,EMP-001557,2024-06-20,Software License,Vendor-39,AUD,3823.53,2485.29,0.65,PROJ-025,CC-0020,REJECTED,MGR-003,N,Conference attendance,N
EXP-0001815,EMP-000232,2024-12-23,Meals,Vendor-113,GBP,6072.91,7712.6,1.27,PROJ-019,CC-0002,REJECTED,MGR-001,N,Client visit,N
EXP-0001816,EMP-001617,2025-03-09,Office Supplies,Vendor-190,CAD,13027.29,9640.19,0.74,PROJ-037,CC-0020,CANCELLED,MGR-002,Y,,N
EXP-0001817,EMP-000656,2024-12-17,Training,Vendor-197,USD,12563.87,12563.87,1.0,PROJ-006,CC-0015,REJECTED,MGR-003,Y,Monthly subscription,N
EXP-0001818,EMP-000162,2024-10-08,Client Entertainment,Vendor-151,JPY,7748.01,51.91,0.0067,PROJ-040,CC-0002,APPROVED,MGR-001,Y,,N
EXP-0001819,EMP-000093,2024-12-30,Training,Vendor-66,EUR,4255.79,4638.81,1.09,PROJ-017,CC-0011,APPROVED,MGR-003,Y,Client visit,Y
EXP-0001820,EMP-000499,2024-11-20,Travel-Ground,Vendor-113,AUD,5614.54,3649.45,0.65,PROJ-048,CC-0019,APPROVED,MGR-001,Y,Conference attendance,Y
EXP-0001821,EMP-001765,2024-03-13,Marketing Materials,Vendor-65,INR,12012.21,144.15,0.012,PROJ-027,CC-0014,REJECTED,MGR-003,N,Client visit,Y
EXP-0001822,EMP-001182,2025-02-25,Travel-Hotel,Vendor-129,CAD,5360.92,3967.08,0.74,PROJ-043,CC-0007,APPROVED,MGR-003,Y,,Y
EXP-0001823,EMP-001744,2024-01-09,Travel-Air,Vendor-40,AUD,10400.77,6760.5,0.65,PROJ-010,CC-0014,REJECTED,MGR-001,Y,,N
EXP-0001824,EMP-001744,2024-12-05,Client Entertainment,Vendor-140,EUR,139.69,152.26,1.09,PROJ-011,CC-0019,CANCELLED,MGR-003,Y,,Y
EXP-0001825,EMP-001648,2024-10-15,Training,Vendor-175,GBP,12809.44,16267.99,1.27,PROJ-017,CC-0020,REJECTED,MGR-002,Y,Team lunch,Y
EXP-0001826,EMP-000508,2025-04-11,Travel-Hotel,Vendor-124,AUD,2625.83,1706.79,0.65,PROJ-047,CC-0018,REJECTED,MGR-003,Y,Client visit,Y
EXP-0001827,EMP-000939,2024-07-06,Training,Vendor-87,AUD,6452.4,4194.06,0.65,PROJ-035,CC-0002,REJECTED,MGR-002,N,,Y
EXP-0001828,EMP-001931,2025-03-14,Telecoms,Vendor-129,JPY,6695.75,44.86,0.0067,PROJ-034,CC-0020,CANCELLED,MGR-003,Y,Team lunch,N
EXP-0001829,EMP-001051,2024-09-21,Training,Vendor-195,AUD,4188.92,2722.8,0.65,PROJ-019,CC-0003,PENDING,MGR-002,Y,Conference attendance,Y
EXP-0001830,EMP-001824,2024-01-04,Software License,Vendor-155,CAD,6245.07,4621.35,0.74,PROJ-028,CC-0006,CANCELLED,MGR-002,Y,,Y
EXP-0001831,EMP-000511,2025-06-12,Telecoms,Vendor-7,AUD,5659.38,3678.6,0.65,PROJ-008,CC-0005,REJECTED,MGR-003,Y,Monthly subscription,N
EXP-0001832,EMP-001615,2024-12-23,Office Supplies,Vendor-31,CAD,6334.77,4687.73,0.74,PROJ-005,CC-0012,CANCELLED,MGR-003,Y,Client visit,Y
EXP-0001833,EMP-000128,2025-04-21,Travel-Air,Vendor-169,CAD,13018.49,9633.68,0.74,PROJ-027,CC-0011,REJECTED,MGR-003,Y,Monthly subscription,Y
EXP-0001834,EMP-000269,2024-05-13,Training,Vendor-163,GBP,5687.72,7223.4,1.27,PROJ-020,CC-0008,PENDING,MGR-001,N,Team lunch,Y
EXP-0001835,EMP-000848,2024-06-14,Client Entertainment,Vendor-77,SGD,1020.41,755.1,0.74,PROJ-030,CC-0012,CANCELLED,MGR-001,Y,Conference attendance,Y
EXP-0001836,EMP-001431,2024-01-15,Training,Vendor-140,GBP,3153.51,4004.96,1.27,PROJ-012,CC-0018,CANCELLED,MGR-003,Y,Team lunch,N
EXP-0001837,EMP-001807,2024-11-01,Software License,Vendor-160,GBP,4791.06,6084.65,1.27,PROJ-033,CC-0011,CANCELLED,MGR-002,N,Monthly subscription,N
EXP-0001838,EMP-000608,2024-03-22,Marketing Materials,Vendor-8,INR,10632.68,127.59,0.012,PROJ-011,CC-0018,PENDING,MGR-002,N,Conference attendance,Y
EXP-0001839,EMP-000085,2024-11-19,Telecoms,Vendor-70,JPY,6497.54,43.53,0.0067,PROJ-025,CC-0019,REJECTED,MGR-001,N,,N
EXP-0001840,EMP-000673,2024-06-06,Travel-Air,Vendor-63,SGD,13252.59,9806.92,0.74,PROJ-006,CC-0008,PENDING,MGR-003,Y,Conference attendance,Y
EXP-0001841,EMP-001880,2024-01-18,Meals,Vendor-111,CAD,11189.42,8280.17,0.74,PROJ-025,CC-0017,CANCELLED,MGR-002,N,Team lunch,N
EXP-0001842,EMP-001935,2024-12-12,Travel-Ground,Vendor-121,JPY,2051.4,13.74,0.0067,PROJ-010,CC-0017,CANCELLED,MGR-003,Y,Conference attendance,Y
EXP-0001843,EMP-001870,2025-05-09,Training,Vendor-144,EUR,104.32,113.71,1.09,PROJ-015,CC-0009,CANCELLED,MGR-001,Y,Team lunch,Y
EXP-0001844,EMP-000545,2024-12-21,Software License,Vendor-123,CAD,12359.95,9146.36,0.74,PROJ-016,CC-0011,CANCELLED,MGR-001,N,,Y
EXP-0001845,EMP-001462,2024-02-07,Travel-Air,Vendor-66,SGD,7500.59,5550.44,0.74,PROJ-022,CC-0007,REJECTED,MGR-003,Y,,N
EXP-0001846,EMP-000258,2025-04-18,Meals,Vendor-191,CAD,922.83,682.89,0.74,PROJ-041,CC-0005,PENDING,MGR-003,Y,Team lunch,Y
EXP-0001847,EMP-001616,2024-09-17,Travel-Air,Vendor-196,AUD,10640.69,6916.45,0.65,PROJ-047,CC-0005,REJECTED,MGR-002,Y,Monthly subscription,N
EXP-0001848,EMP-001630,2025-04-05,Training,Vendor-167,CAD,14716.75,10890.4,0.74,PROJ-003,CC-0010,APPROVED,MGR-001,Y,Team lunch,Y
EXP-0001849,EMP-000863,2024-10-19,Office Supplies,Vendor-166,INR,11832.84,141.99,0.012,PROJ-030,CC-0008,CANCELLED,MGR-002,Y,,Y
EXP-0001850,EMP-000571,2025-06-11,Client Entertainment,Vendor-192,AUD,14459.01,9398.36,0.65,PROJ-043,CC-0014,CANCELLED,MGR-003,N,Client visit,Y
EXP-0001851,EMP-000145,2024-06-15,Client Entertainment,Vendor-140,EUR,9357.76,10199.96,1.09,PROJ-039,CC-0011,REJECTED,MGR-003,Y,,N
EXP-0001852,EMP-001739,2025-03-09,Travel-Ground,Vendor-62,USD,168.41,168.41,1.0,PROJ-044,CC-0020,REJECTED,MGR-002,Y,Client visit,N
EXP-0001853,EMP-000845,2024-01-25,Marketing Materials,Vendor-153,AUD,486.29,316.09,0.65,PROJ-021,CC-0007,APPROVED,MGR-001,N,,Y
EXP-0001854,EMP-000502,2025-06-07,Travel-Air,Vendor-178,CAD,12893.22,9540.98,0.74,PROJ-008,CC-0008,CANCELLED,MGR-001,Y,Client visit,Y
EXP-0001855,EMP-001126,2024-02-24,Software License,Vendor-141,CAD,5344.25,3954.74,0.74,PROJ-050,CC-0003,APPROVED,MGR-003,Y,Conference attendance,N
EXP-0001856,EMP-000574,2024-07-21,Software License,Vendor-104,CAD,3108.52,2300.3,0.74,PROJ-030,CC-0001,PENDING,MGR-003,Y,Team lunch,Y
EXP-0001857,EMP-000653,2025-01-25,Software License,Vendor-156,SGD,1072.46,793.62,0.74,PROJ-028,CC-0020,REJECTED,MGR-002,Y,Monthly subscription,N
EXP-0001858,EMP-001253,2025-01-14,Software License,Vendor-7,INR,8529.51,102.35,0.012,PROJ-022,CC-0011,PENDING,MGR-003,Y,Client visit,Y
EXP-0001859,EMP-001053,2025-01-08,Client Entertainment,Vendor-20,SGD,1729.85,1280.09,0.74,PROJ-036,CC-0008,REJECTED,MGR-001,Y,Client visit,N
EXP-0001860,EMP-000127,2025-04-09,Marketing Materials,Vendor-166,EUR,12136.99,13229.32,1.09,PROJ-033,CC-0006,APPROVED,MGR-002,Y,Conference attendance,Y
EXP-0001861,EMP-001705,2025-01-18,Training,Vendor-76,EUR,1397.05,1522.78,1.09,PROJ-046,CC-0010,REJECTED,MGR-001,Y,Client visit,Y
EXP-0001862,EMP-000790,2024-09-25,Training,Vendor-52,EUR,7109.03,7748.84,1.09,PROJ-002,CC-0017,PENDING,MGR-002,Y,Client visit,N
EXP-0001863,EMP-001920,2024-04-03,Travel-Ground,Vendor-189,CAD,2592.82,1918.69,0.74,PROJ-019,CC-0010,APPROVED,MGR-003,N,,Y
EXP-0001864,EMP-001319,2024-01-23,Telecoms,Vendor-65,JPY,3510.94,23.52,0.0067,PROJ-006,CC-0006,APPROVED,MGR-003,Y,Monthly subscription,Y
EXP-0001865,EMP-000650,2024-03-03,Travel-Air,Vendor-73,INR,7178.15,86.14,0.012,PROJ-031,CC-0020,REJECTED,MGR-001,N,,Y
EXP-0001866,EMP-000833,2024-01-09,Travel-Hotel,Vendor-142,EUR,4880.51,5319.76,1.09,PROJ-039,CC-0003,APPROVED,MGR-001,Y,,Y
EXP-0001867,EMP-001455,2025-01-10,Training,Vendor-18,AUD,12017.66,7811.48,0.65,PROJ-013,CC-0007,CANCELLED,MGR-003,N,Team lunch,N
EXP-0001868,EMP-001011,2024-09-01,Client Entertainment,Vendor-33,JPY,1316.89,8.82,0.0067,PROJ-008,CC-0004,PENDING,MGR-001,N,,Y
EXP-0001869,EMP-000459,2024-02-10,Travel-Hotel,Vendor-75,CAD,7542.49,5581.44,0.74,PROJ-038,CC-0010,APPROVED,MGR-001,Y,,Y
EXP-0001870,EMP-000619,2025-01-04,Travel-Ground,Vendor-49,JPY,10164.63,68.1,0.0067,PROJ-008,CC-0019,APPROVED,MGR-003,Y,,Y
EXP-0001871,EMP-000394,2024-11-24,Office Supplies,Vendor-144,GBP,10063.81,12781.04,1.27,PROJ-047,CC-0007,APPROVED,MGR-002,N,Client visit,N
EXP-0001872,EMP-000616,2024-03-11,Training,Vendor-22,JPY,7340.95,49.18,0.0067,PROJ-001,CC-0007,APPROVED,MGR-003,Y,,N
EXP-0001873,EMP-001666,2024-01-31,Travel-Hotel,Vendor-62,AUD,546.11,354.97,0.65,PROJ-047,CC-0007,PENDING,MGR-001,N,Monthly subscription,N
EXP-0001874,EMP-001963,2025-05-19,Travel-Hotel,Vendor-66,INR,6453.56,77.44,0.012,PROJ-034,CC-0016,CANCELLED,MGR-002,Y,,N
EXP-0001875,EMP-001441,2024-06-06,Software License,Vendor-182,SGD,5207.82,3853.79,0.74,PROJ-042,CC-0015,PENDING,MGR-001,Y,Team lunch,Y
EXP-0001876,EMP-001711,2024-07-19,Training,Vendor-165,GBP,5921.67,7520.52,1.27,PROJ-033,CC-0003,APPROVED,MGR-003,Y,Monthly subscription,N
EXP-0001877,EMP-001556,2025-01-23,Meals,Vendor-16,USD,14312.05,14312.05,1.0,PROJ-028,CC-0013,CANCELLED,MGR-001,Y,Monthly subscription,N
EXP-0001878,EMP-001767,2025-02-10,Office Supplies,Vendor-176,JPY,13710.82,91.86,0.0067,PROJ-039,CC-0008,PENDING,MGR-001,N,,N
EXP-0001879,EMP-000222,2024-11-21,Marketing Materials,Vendor-3,USD,448.88,448.88,1.0,PROJ-002,CC-0019,CANCELLED,MGR-001,Y,,Y
EXP-0001880,EMP-000374,2024-08-09,Client Entertainment,Vendor-56,JPY,2976.53,19.94,0.0067,PROJ-002,CC-0013,REJECTED,MGR-003,Y,Monthly subscription,N
EXP-0001881,EMP-001334,2024-06-24,Meals,Vendor-120,CAD,9349.54,6918.66,0.74,PROJ-022,CC-0020,APPROVED,MGR-003,Y,Client visit,Y
EXP-0001882,EMP-001718,2024-05-24,Software License,Vendor-141,INR,13700.88,164.41,0.012,PROJ-022,CC-0009,REJECTED,MGR-002,Y,Client visit,Y
EXP-0001883,EMP-001974,2024-08-07,Client Entertainment,Vendor-133,JPY,11728.03,78.58,0.0067,PROJ-011,CC-0008,CANCELLED,MGR-002,N,,N
EXP-0001884,EMP-001153,2024-07-16,Travel-Ground,Vendor-62,CAD,5951.73,4404.28,0.74,PROJ-035,CC-0001,APPROVED,MGR-002,N,Team lunch,N
EXP-0001885,EMP-000638,2025-02-27,Office Supplies,Vendor-71,SGD,5467.74,4046.13,0.74,PROJ-034,CC-0014,CANCELLED,MGR-003,Y,Conference attendance,N
EXP-0001886,EMP-000181,2024-05-13,Travel-Air,Vendor-103,CAD,7371.5,5454.91,0.74,PROJ-015,CC-0004,CANCELLED,MGR-002,Y,Client visit,N
EXP-0001887,EMP-000250,2024-09-23,Software License,Vendor-132,SGD,6000.54,4440.4,0.74,PROJ-020,CC-0001,APPROVED,MGR-001,Y,Monthly subscription,Y
EXP-0001888,EMP-001115,2024-04-25,Client Entertainment,Vendor-183,INR,6596.79,79.16,0.012,PROJ-014,CC-0013,APPROVED,MGR-001,Y,,N
EXP-0001889,EMP-000792,2024-02-01,Meals,Vendor-97,GBP,1538.64,1954.07,1.27,PROJ-005,CC-0003,PENDING,MGR-002,Y,Monthly subscription,N
EXP-0001890,EMP-000553,2025-01-23,Software License,Vendor-67,INR,10642.07,127.7,0.012,PROJ-012,CC-0013,PENDING,MGR-002,Y,Client visit,N
EXP-0001891,EMP-000547,2024-01-28,Meals,Vendor-75,SGD,1351.68,1000.24,0.74,PROJ-044,CC-0009,REJECTED,MGR-002,Y,,N
EXP-0001892,EMP-000059,2024-01-10,Meals,Vendor-2,JPY,11821.06,79.2,0.0067,PROJ-006,CC-0003,CANCELLED,MGR-003,N,Client visit,N
EXP-0001893,EMP-001984,2025-06-19,Office Supplies,Vendor-151,EUR,14347.35,15638.61,1.09,PROJ-031,CC-0009,PENDING,MGR-003,Y,,N
EXP-0001894,EMP-001087,2024-08-25,Marketing Materials,Vendor-95,CAD,5864.78,4339.94,0.74,PROJ-043,CC-0002,REJECTED,MGR-003,Y,Conference attendance,Y
EXP-0001895,EMP-001467,2024-03-28,Office Supplies,Vendor-175,AUD,450.36,292.73,0.65,PROJ-024,CC-0002,APPROVED,MGR-001,N,Team lunch,N
EXP-0001896,EMP-001672,2025-06-24,Client Entertainment,Vendor-144,USD,3615.82,3615.82,1.0,PROJ-018,CC-0007,CANCELLED,MGR-002,Y,Conference attendance,N
EXP-0001897,EMP-001901,2024-12-04,Telecoms,Vendor-86,EUR,12158.96,13253.27,1.09,PROJ-046,CC-0004,REJECTED,MGR-001,Y,Monthly subscription,N
EXP-0001898,EMP-000675,2024-10-27,Travel-Ground,Vendor-22,JPY,6421.92,43.03,0.0067,PROJ-048,CC-0016,REJECTED,MGR-002,N,Team lunch,N
EXP-0001899,EMP-001981,2024-01-13,Travel-Hotel,Vendor-107,EUR,7512.34,8188.45,1.09,PROJ-048,CC-0003,CANCELLED,MGR-001,Y,Monthly subscription,N
EXP-0001900,EMP-000654,2024-07-07,Meals,Vendor-81,AUD,10459.79,6798.86,0.65,PROJ-044,CC-0004,CANCELLED,MGR-003,N,,Y
EXP-0001901,EMP-001863,2025-06-10,Telecoms,Vendor-125,EUR,6344.21,6915.19,1.09,PROJ-046,CC-0003,APPROVED,MGR-001,Y,Team lunch,Y
EXP-0001902,EMP-001938,2024-04-15,Travel-Ground,Vendor-175,SGD,8347.22,6176.94,0.74,PROJ-046,CC-0020,REJECTED,MGR-003,Y,Team lunch,N
EXP-0001903,EMP-000491,2024-02-11,Client Entertainment,Vendor-200,GBP,11067.63,14055.89,1.27,PROJ-037,CC-0010,REJECTED,MGR-001,Y,Client visit,Y
EXP-0001904,EMP-001585,2024-06-02,Marketing Materials,Vendor-52,INR,10707.36,128.49,0.012,PROJ-041,CC-0007,CANCELLED,MGR-001,Y,,N
EXP-0001905,EMP-001176,2024-05-07,Meals,Vendor-13,JPY,9879.94,66.2,0.0067,PROJ-009,CC-0014,REJECTED,MGR-002,Y,,N
EXP-0001906,EMP-000170,2024-12-15,Marketing Materials,Vendor-144,SGD,1446.89,1070.7,0.74,PROJ-009,CC-0003,CANCELLED,MGR-001,Y,Conference attendance,Y
EXP-0001907,EMP-000248,2024-04-28,Office Supplies,Vendor-31,SGD,10918.54,8079.72,0.74,PROJ-005,CC-0010,CANCELLED,MGR-002,Y,Team lunch,Y
EXP-0001908,EMP-001754,2025-05-31,Meals,Vendor-16,GBP,14990.38,19037.78,1.27,PROJ-049,CC-0019,CANCELLED,MGR-002,Y,Client visit,N
EXP-0001909,EMP-001499,2025-06-12,Marketing Materials,Vendor-167,SGD,3201.16,2368.86,0.74,PROJ-049,CC-0011,PENDING,MGR-001,Y,,N
EXP-0001910,EMP-001718,2025-05-22,Training,Vendor-2,AUD,8397.92,5458.65,0.65,PROJ-004,CC-0016,APPROVED,MGR-003,N,Monthly subscription,Y
EXP-0001911,EMP-000195,2024-06-09,Travel-Hotel,Vendor-193,EUR,5021.67,5473.62,1.09,PROJ-042,CC-0018,APPROVED,MGR-003,N,Client visit,N
EXP-0001912,EMP-001200,2024-03-02,Telecoms,Vendor-105,SGD,8580.55,6349.61,0.74,PROJ-043,CC-0013,CANCELLED,MGR-003,Y,Client visit,N
EXP-0001913,EMP-001728,2024-07-27,Marketing Materials,Vendor-56,INR,13659.36,163.91,0.012,PROJ-037,CC-0012,CANCELLED,MGR-001,Y,Monthly subscription,N
EXP-0001914,EMP-001574,2024-01-02,Travel-Air,Vendor-49,EUR,14626.62,15943.02,1.09,PROJ-044,CC-0016,APPROVED,MGR-003,Y,Team lunch,Y
EXP-0001915,EMP-001591,2024-03-03,Marketing Materials,Vendor-162,CAD,7316.4,5414.14,0.74,PROJ-033,CC-0014,CANCELLED,MGR-003,N,Client visit,Y
EXP-0001916,EMP-001628,2024-02-05,Telecoms,Vendor-132,SGD,12010.22,8887.56,0.74,PROJ-016,CC-0009,REJECTED,MGR-003,N,,N
EXP-0001917,EMP-001108,2025-03-26,Office Supplies,Vendor-176,SGD,10840.82,8022.21,0.74,PROJ-012,CC-0020,CANCELLED,MGR-002,Y,Team lunch,N
EXP-0001918,EMP-000809,2024-11-20,Training,Vendor-35,AUD,12182.99,7918.94,0.65,PROJ-028,CC-0016,CANCELLED,MGR-002,Y,Conference attendance,Y
EXP-0001919,EMP-001201,2024-10-04,Training,Vendor-123,GBP,6706.76,8517.59,1.27,PROJ-037,CC-0012,APPROVED,MGR-001,N,Monthly subscription,N
EXP-0001920,EMP-000125,2024-07-09,Office Supplies,Vendor-46,EUR,11324.39,12343.59,1.09,PROJ-026,CC-0020,PENDING,MGR-001,N,Client visit,N
EXP-0001921,EMP-001952,2025-01-15,Training,Vendor-58,AUD,5186.25,3371.06,0.65,PROJ-016,CC-0001,APPROVED,MGR-002,Y,Conference attendance,N
EXP-0001922,EMP-000887,2025-06-11,Software License,Vendor-38,CAD,5031.82,3723.55,0.74,PROJ-042,CC-0005,REJECTED,MGR-002,Y,,N
EXP-0001923,EMP-000702,2024-07-23,Training,Vendor-195,INR,1841.35,22.1,0.012,PROJ-041,CC-0019,APPROVED,MGR-001,Y,Client visit,N
EXP-0001924,EMP-000428,2024-07-17,Travel-Ground,Vendor-127,JPY,9011.18,60.37,0.0067,PROJ-028,CC-0008,PENDING,MGR-002,N,Client visit,N
EXP-0001925,EMP-001939,2025-06-16,Meals,Vendor-120,JPY,2398.52,16.07,0.0067,PROJ-009,CC-0008,CANCELLED,MGR-003,N,Client visit,N
EXP-0001926,EMP-000478,2024-08-22,Training,Vendor-197,CAD,1539.09,1138.93,0.74,PROJ-047,CC-0002,APPROVED,MGR-003,Y,Client visit,Y
EXP-0001927,EMP-000070,2024-07-28,Training,Vendor-3,AUD,14034.73,9122.57,0.65,PROJ-018,CC-0007,PENDING,MGR-001,N,,Y
EXP-0001928,EMP-000752,2025-02-12,Travel-Hotel,Vendor-33,CAD,8005.29,5923.91,0.74,PROJ-024,CC-0016,APPROVED,MGR-002,Y,Client visit,N
EXP-0001929,EMP-001641,2025-01-15,Travel-Hotel,Vendor-123,GBP,8890.7,11291.19,1.27,PROJ-027,CC-0019,CANCELLED,MGR-003,Y,,N
EXP-0001930,EMP-001446,2024-12-31,Client Entertainment,Vendor-78,AUD,5549.24,3607.01,0.65,PROJ-047,CC-0005,APPROVED,MGR-002,Y,,Y
EXP-0001931,EMP-000323,2025-03-21,Client Entertainment,Vendor-8,SGD,9314.65,6892.84,0.74,PROJ-021,CC-0007,PENDING,MGR-003,Y,Client visit,N
EXP-0001932,EMP-000539,2024-05-15,Marketing Materials,Vendor-143,INR,9254.94,111.06,0.012,PROJ-014,CC-0019,APPROVED,MGR-001,Y,,N
EXP-0001933,EMP-000165,2025-01-16,Travel-Air,Vendor-61,CAD,10169.02,7525.07,0.74,PROJ-011,CC-0004,REJECTED,MGR-003,Y,Monthly subscription,N
EXP-0001934,EMP-001490,2024-01-31,Travel-Ground,Vendor-85,GBP,10217.22,12975.87,1.27,PROJ-001,CC-0013,CANCELLED,MGR-002,Y,,Y
EXP-0001935,EMP-000458,2024-10-31,Training,Vendor-107,JPY,9697.02,64.97,0.0067,PROJ-031,CC-0003,REJECTED,MGR-003,Y,Client visit,Y
EXP-0001936,EMP-000183,2024-01-01,Meals,Vendor-136,INR,10865.14,130.38,0.012,PROJ-022,CC-0006,REJECTED,MGR-001,Y,Team lunch,Y
EXP-0001937,EMP-000722,2025-02-14,Meals,Vendor-174,EUR,1556.42,1696.5,1.09,PROJ-029,CC-0010,PENDING,MGR-003,Y,Client visit,N
EXP-0001938,EMP-000592,2024-01-08,Meals,Vendor-143,INR,13755.14,165.06,0.012,PROJ-037,CC-0012,REJECTED,MGR-003,Y,Team lunch,N
EXP-0001939,EMP-001338,2025-01-11,Meals,Vendor-20,JPY,11682.64,78.27,0.0067,PROJ-031,CC-0002,CANCELLED,MGR-001,Y,Conference attendance,Y
EXP-0001940,EMP-000300,2025-04-23,Meals,Vendor-98,GBP,245.35,311.59,1.27,PROJ-043,CC-0013,PENDING,MGR-003,N,Monthly subscription,N
EXP-0001941,EMP-001443,2024-07-09,Travel-Ground,Vendor-187,SGD,3081.27,2280.14,0.74,PROJ-014,CC-0010,CANCELLED,MGR-002,N,,Y
EXP-0001942,EMP-000011,2024-04-08,Telecoms,Vendor-32,JPY,10016.3,67.11,0.0067,PROJ-003,CC-0020,APPROVED,MGR-002,Y,Team lunch,Y
EXP-0001943,EMP-001759,2024-06-06,Office Supplies,Vendor-80,SGD,3126.01,2313.25,0.74,PROJ-020,CC-0015,PENDING,MGR-003,Y,,N
EXP-0001944,EMP-000573,2024-04-03,Training,Vendor-111,INR,9455.21,113.46,0.012,PROJ-004,CC-0020,APPROVED,MGR-003,N,Team lunch,Y
EXP-0001945,EMP-001921,2025-01-09,Marketing Materials,Vendor-28,JPY,4396.61,29.46,0.0067,PROJ-001,CC-0010,REJECTED,MGR-002,N,,N
EXP-0001946,EMP-001177,2024-11-03,Client Entertainment,Vendor-127,JPY,6535.58,43.79,0.0067,PROJ-014,CC-0008,CANCELLED,MGR-003,Y,,N
EXP-0001947,EMP-001173,2024-01-31,Software License,Vendor-100,EUR,7522.59,8199.62,1.09,PROJ-028,CC-0012,APPROVED,MGR-003,N,Team lunch,N
EXP-0001948,EMP-001216,2025-05-29,Meals,Vendor-114,SGD,6643.71,4916.35,0.74,PROJ-018,CC-0008,REJECTED,MGR-002,Y,,N
EXP-0001949,EMP-001031,2024-02-11,Office Supplies,Vendor-41,INR,9288.35,111.46,0.012,PROJ-048,CC-0011,APPROVED,MGR-001,N,Conference attendance,N
EXP-0001950,EMP-001246,2024-06-18,Client Entertainment,Vendor-57,AUD,5905.29,3838.44,0.65,PROJ-020,CC-0008,REJECTED,MGR-002,Y,,N
EXP-0001951,EMP-000383,2024-04-14,Software License,Vendor-100,EUR,14951.22,16296.83,1.09,PROJ-003,CC-0008,CANCELLED,MGR-001,Y,,Y
EXP-0001952,EMP-000636,2025-03-05,Telecoms,Vendor-75,CAD,4958.46,3669.26,0.74,PROJ-025,CC-0014,APPROVED,MGR-002,Y,Client visit,N
EXP-0001953,EMP-000566,2025-04-15,Office Supplies,Vendor-189,JPY,3900.76,26.14,0.0067,PROJ-038,CC-0004,APPROVED,MGR-002,Y,Client visit,Y
EXP-0001954,EMP-000091,2024-08-31,Telecoms,Vendor-175,GBP,12189.22,15480.31,1.27,PROJ-026,CC-0011,REJECTED,MGR-003,Y,,Y
EXP-0001955,EMP-001697,2024-11-05,Travel-Hotel,Vendor-81,USD,645.65,645.65,1.0,PROJ-034,CC-0020,PENDING,MGR-001,N,Monthly subscription,Y
EXP-0001956,EMP-001355,2025-02-14,Travel-Air,Vendor-26,JPY,10722.59,71.84,0.0067,PROJ-015,CC-0017,REJECTED,MGR-002,Y,Conference attendance,Y
EXP-0001957,EMP-000987,2024-07-16,Marketing Materials,Vendor-3,INR,11783.21,141.4,0.012,PROJ-007,CC-0001,APPROVED,MGR-001,Y,Monthly subscription,N
EXP-0001958,EMP-000190,2025-01-18,Marketing Materials,Vendor-15,GBP,14447.0,18347.69,1.27,PROJ-025,CC-0003,REJECTED,MGR-003,Y,Client visit,N
EXP-0001959,EMP-000730,2024-12-10,Travel-Hotel,Vendor-148,INR,552.37,6.63,0.012,PROJ-007,CC-0019,PENDING,MGR-003,Y,,N
EXP-0001960,EMP-001629,2025-05-19,Travel-Hotel,Vendor-124,GBP,7529.98,9563.07,1.27,PROJ-001,CC-0018,APPROVED,MGR-003,Y,,Y
EXP-0001961,EMP-001539,2025-01-09,Travel-Air,Vendor-126,CAD,10609.96,7851.37,0.74,PROJ-045,CC-0004,CANCELLED,MGR-001,N,,Y
EXP-0001962,EMP-000153,2024-07-18,Client Entertainment,Vendor-148,CAD,12193.58,9023.25,0.74,PROJ-023,CC-0006,PENDING,MGR-001,Y,Conference attendance,Y
EXP-0001963,EMP-001385,2024-03-15,Training,Vendor-127,CAD,7175.23,5309.67,0.74,PROJ-024,CC-0017,REJECTED,MGR-002,N,,N
EXP-0001964,EMP-000796,2025-02-13,Travel-Hotel,Vendor-18,AUD,8118.11,5276.77,0.65,PROJ-045,CC-0006,CANCELLED,MGR-003,N,,Y
EXP-0001965,EMP-000796,2025-01-14,Travel-Hotel,Vendor-110,CAD,13753.58,10177.65,0.74,PROJ-021,CC-0016,APPROVED,MGR-001,Y,Conference attendance,N
EXP-0001966,EMP-000130,2024-03-24,Travel-Hotel,Vendor-171,USD,12473.62,12473.62,1.0,PROJ-047,CC-0005,PENDING,MGR-003,N,Client visit,Y
EXP-0001967,EMP-001196,2025-06-04,Training,Vendor-149,EUR,4874.95,5313.7,1.09,PROJ-047,CC-0005,APPROVED,MGR-002,N,Client visit,Y
EXP-0001968,EMP-000699,2025-03-16,Marketing Materials,Vendor-169,AUD,12241.75,7957.14,0.65,PROJ-045,CC-0017,APPROVED,MGR-001,Y,,Y
EXP-0001969,EMP-000100,2024-10-22,Software License,Vendor-8,JPY,12904.07,86.46,0.0067,PROJ-023,CC-0006,APPROVED,MGR-001,N,Conference attendance,Y
EXP-0001970,EMP-000251,2025-02-18,Client Entertainment,Vendor-199,JPY,98.23,0.66,0.0067,PROJ-007,CC-0018,APPROVED,MGR-002,Y,,N
EXP-0001971,EMP-001437,2024-03-18,Telecoms,Vendor-128,USD,13147.88,13147.88,1.0,PROJ-007,CC-0009,APPROVED,MGR-003,N,Monthly subscription,N
EXP-0001972,EMP-001160,2024-12-26,Travel-Air,Vendor-104,INR,3961.55,47.54,0.012,PROJ-001,CC-0019,REJECTED,MGR-003,Y,Team lunch,Y
EXP-0001973,EMP-000816,2025-03-18,Telecoms,Vendor-143,SGD,3941.51,2916.72,0.74,PROJ-015,CC-0020,REJECTED,MGR-003,Y,Team lunch,N
EXP-0001974,EMP-000562,2024-03-21,Client Entertainment,Vendor-37,EUR,9129.75,9951.43,1.09,PROJ-043,CC-0020,APPROVED,MGR-002,Y,Team lunch,N
EXP-0001975,EMP-001737,2024-07-14,Marketing Materials,Vendor-74,JPY,2695.33,18.06,0.0067,PROJ-030,CC-0013,CANCELLED,MGR-003,Y,,N
EXP-0001976,EMP-000801,2024-10-19,Training,Vendor-36,CAD,682.99,505.41,0.74,PROJ-034,CC-0013,APPROVED,MGR-002,Y,,N
EXP-0001977,EMP-000030,2024-05-17,Office Supplies,Vendor-34,INR,8740.93,104.89,0.012,PROJ-039,CC-0015,CANCELLED,MGR-001,Y,Team lunch,N
EXP-0001978,EMP-001107,2025-02-12,Office Supplies,Vendor-3,EUR,11533.23,12571.22,1.09,PROJ-050,CC-0007,REJECTED,MGR-003,N,Monthly subscription,N
EXP-0001979,EMP-000095,2024-05-07,Office Supplies,Vendor-95,JPY,7251.92,48.59,0.0067,PROJ-025,CC-0006,CANCELLED,MGR-003,Y,,N
EXP-0001980,EMP-001837,2025-01-07,Training,Vendor-34,USD,2380.47,2380.47,1.0,PROJ-014,CC-0003,PENDING,MGR-002,N,Monthly subscription,Y
EXP-0001981,EMP-000700,2025-02-03,Travel-Air,Vendor-1,CAD,5109.64,3781.13,0.74,PROJ-034,CC-0011,REJECTED,MGR-003,Y,Conference attendance,N
EXP-0001982,EMP-001958,2024-02-27,Software License,Vendor-198,EUR,1628.93,1775.53,1.09,PROJ-010,CC-0001,REJECTED,MGR-003,N,Monthly subscription,Y
EXP-0001983,EMP-000244,2025-06-11,Client Entertainment,Vendor-96,GBP,2834.38,3599.66,1.27,PROJ-027,CC-0001,REJECTED,MGR-003,N,Monthly subscription,Y
EXP-0001984,EMP-001487,2024-05-06,Travel-Air,Vendor-155,CAD,2249.85,1664.89,0.74,PROJ-006,CC-0005,REJECTED,MGR-002,N,,Y
EXP-0001985,EMP-001313,2024-03-17,Client Entertainment,Vendor-8,AUD,13632.51,8861.13,0.65,PROJ-035,CC-0016,PENDING,MGR-002,N,,N
EXP-0001986,EMP-001115,2024-06-03,Client Entertainment,Vendor-12,SGD,8880.2,6571.35,0.74,PROJ-049,CC-0005,APPROVED,MGR-001,Y,,Y
EXP-0001987,EMP-001008,2025-06-13,Travel-Hotel,Vendor-129,CAD,1400.02,1036.01,0.74,PROJ-007,CC-0001,APPROVED,MGR-003,Y,Client visit,N
EXP-0001988,EMP-000705,2025-04-19,Marketing Materials,Vendor-198,EUR,14601.63,15915.78,1.09,PROJ-040,CC-0014,PENDING,MGR-003,Y,Monthly subscription,N
EXP-0001989,EMP-001590,2024-12-21,Travel-Ground,Vendor-107,SGD,14586.33,10793.88,0.74,PROJ-014,CC-0010,PENDING,MGR-001,Y,,Y
EXP-0001990,EMP-001532,2024-07-09,Travel-Ground,Vendor-164,INR,4669.14,56.03,0.012,PROJ-021,CC-0007,REJECTED,MGR-001,Y,Team lunch,Y
EXP-0001991,EMP-000512,2024-09-14,Software License,Vendor-94,USD,4973.47,4973.47,1.0,PROJ-015,CC-0018,PENDING,MGR-003,Y,Client visit,Y
EXP-0001992,EMP-000969,2025-03-21,Office Supplies,Vendor-97,AUD,6626.3,4307.1,0.65,PROJ-046,CC-0002,PENDING,MGR-003,Y,Monthly subscription,N
EXP-0001993,EMP-001363,2024-05-12,Travel-Air,Vendor-161,SGD,1194.67,884.06,0.74,PROJ-031,CC-0011,PENDING,MGR-001,N,,N
EXP-0001994,EMP-000211,2025-01-15,Travel-Ground,Vendor-102,INR,9066.62,108.8,0.012,PROJ-009,CC-0004,APPROVED,MGR-002,Y,,Y
EXP-0001995,EMP-000540,2024-08-13,Travel-Air,Vendor-163,AUD,11857.38,7707.3,0.65,PROJ-008,CC-0001,CANCELLED,MGR-001,Y,Monthly subscription,N
EXP-0001996,EMP-001777,2025-01-26,Client Entertainment,Vendor-91,EUR,8867.31,9665.37,1.09,PROJ-046,CC-0015,REJECTED,MGR-002,N,Client visit,Y
EXP-0001997,EMP-000251,2025-01-06,Meals,Vendor-59,SGD,1459.3,1079.88,0.74,PROJ-016,CC-0009,CANCELLED,MGR-001,Y,,N
EXP-0001998,EMP-001537,2024-02-16,Meals,Vendor-163,USD,1392.6,1392.6,1.0,PROJ-020,CC-0008,REJECTED,MGR-002,Y,Monthly subscription,N
EXP-0001999,EMP-001503,2025-06-20,Marketing Materials,Vendor-24,JPY,9407.21,63.03,0.0067,PROJ-031,CC-0017,CANCELLED,MGR-001,N,Conference attendance,N
EXP-0002000,EMP-000523,2024-08-10,Training,Vendor-112,EUR,7492.12,8166.41,1.09,PROJ-015,CC-0017,PENDING,MGR-002,Y,,Y
EXP-0002001,EMP-000329,2024-06-20,Travel-Ground,Vendor-59,CAD,3223.65,2385.5,0.74,PROJ-039,CC-0011,REJECTED,MGR-003,Y,Team lunch,Y
EXP-0002002,EMP-001405,2024-04-30,Client Entertainment,Vendor-188,AUD,6762.53,4395.64,0.65,PROJ-048,CC-0017,PENDING,MGR-002,Y,Monthly subscription,N
EXP-0002003,EMP-001017,2024-09-18,Travel-Air,Vendor-118,SGD,10848.63,8027.99,0.74,PROJ-002,CC-0008,CANCELLED,MGR-002,Y,Monthly subscription,N
EXP-0002004,EMP-001981,2025-04-05,Office Supplies,Vendor-184,USD,65.94,65.94,1.0,PROJ-009,CC-0006,PENDING,MGR-001,N,,Y
EXP-0002005,EMP-001901,2024-08-05,Marketing Materials,Vendor-107,GBP,8719.62,11073.92,1.27,PROJ-035,CC-0006,CANCELLED,MGR-003,Y,Team lunch,Y
EXP-0002006,EMP-001619,2024-08-08,Telecoms,Vendor-53,JPY,3928.81,26.32,0.0067,PROJ-013,CC-0001,REJECTED,MGR-003,Y,,N
EXP-0002007,EMP-000076,2025-02-15,Office Supplies,Vendor-169,EUR,9937.24,10831.59,1.09,PROJ-026,CC-0002,REJECTED,MGR-003,Y,Client visit,Y
EXP-0002008,EMP-001339,2024-09-27,Meals,Vendor-88,EUR,3043.74,3317.68,1.09,PROJ-034,CC-0009,APPROVED,MGR-001,Y,Team lunch,N
EXP-0002009,EMP-000536,2024-07-04,Travel-Hotel,Vendor-8,GBP,2318.76,2944.83,1.27,PROJ-025,CC-0008,CANCELLED,MGR-003,Y,Team lunch,Y
EXP-0002010,EMP-001487,2024-08-18,Office Supplies,Vendor-65,AUD,8391.08,5454.2,0.65,PROJ-041,CC-0017,APPROVED,MGR-001,Y,,N
EXP-0002011,EMP-001512,2025-01-16,Telecoms,Vendor-67,INR,13886.49,166.64,0.012,PROJ-011,CC-0003,PENDING,MGR-002,N,Conference attendance,Y
EXP-0002012,EMP-001412,2025-02-07,Software License,Vendor-148,JPY,2909.38,19.49,0.0067,PROJ-032,CC-0006,CANCELLED,MGR-002,Y,Team lunch,N
EXP-0002013,EMP-001164,2024-08-02,Software License,Vendor-144,SGD,7326.86,5421.88,0.74,PROJ-028,CC-0003,PENDING,MGR-002,Y,Team lunch,N
EXP-0002014,EMP-000451,2024-01-25,Marketing Materials,Vendor-168,GBP,8776.51,11146.17,1.27,PROJ-035,CC-0010,PENDING,MGR-002,Y,Client visit,Y
EXP-0002015,EMP-000027,2025-05-16,Office Supplies,Vendor-30,CAD,9121.01,6749.55,0.74,PROJ-024,CC-0001,APPROVED,MGR-001,Y,Conference attendance,Y
EXP-0002016,EMP-001077,2024-01-01,Client Entertainment,Vendor-73,GBP,5021.34,6377.1,1.27,PROJ-012,CC-0007,CANCELLED,MGR-002,Y,,Y
EXP-0002017,EMP-001199,2024-01-14,Travel-Hotel,Vendor-1,GBP,3930.61,4991.87,1.27,PROJ-047,CC-0017,CANCELLED,MGR-001,Y,Monthly subscription,N
EXP-0002018,EMP-001288,2024-04-01,Software License,Vendor-124,USD,4684.87,4684.87,1.0,PROJ-015,CC-0017,APPROVED,MGR-002,Y,,N
EXP-0002019,EMP-000793,2025-04-07,Travel-Ground,Vendor-10,SGD,9997.94,7398.48,0.74,PROJ-038,CC-0013,APPROVED,MGR-001,N,Client visit,N
EXP-0002020,EMP-000459,2024-06-26,Travel-Air,Vendor-94,EUR,6490.9,7075.08,1.09,PROJ-033,CC-0013,CANCELLED,MGR-001,Y,Monthly subscription,N
EXP-0002021,EMP-001542,2025-01-07,Software License,Vendor-175,GBP,9971.95,12664.38,1.27,PROJ-029,CC-0020,PENDING,MGR-001,Y,Team lunch,Y
EXP-0002022,EMP-000688,2024-11-11,Telecoms,Vendor-25,GBP,1743.32,2214.02,1.27,PROJ-030,CC-0016,PENDING,MGR-003,N,,N
EXP-0002023,EMP-001201,2025-03-10,Marketing Materials,Vendor-88,USD,12259.17,12259.17,1.0,PROJ-027,CC-0017,CANCELLED,MGR-001,Y,,N
EXP-0002024,EMP-000711,2025-05-27,Office Supplies,Vendor-123,SGD,3014.99,2231.09,0.74,PROJ-038,CC-0010,PENDING,MGR-003,N,Team lunch,N
EXP-0002025,EMP-000105,2024-06-21,Office Supplies,Vendor-52,AUD,13256.78,8616.91,0.65,PROJ-010,CC-0016,CANCELLED,MGR-002,Y,Monthly subscription,N
EXP-0002026,EMP-001062,2025-03-31,Office Supplies,Vendor-99,AUD,11032.92,7171.4,0.65,PROJ-040,CC-0009,REJECTED,MGR-002,Y,Monthly subscription,N
EXP-0002027,EMP-000908,2024-09-15,Software License,Vendor-166,CAD,4133.39,3058.71,0.74,PROJ-003,CC-0005,REJECTED,MGR-001,Y,Client visit,N
EXP-0002028,EMP-001326,2024-01-06,Marketing Materials,Vendor-186,SGD,2553.1,1889.29,0.74,PROJ-018,CC-0017,CANCELLED,MGR-002,N,,N
EXP-0002029,EMP-000486,2025-03-27,Software License,Vendor-72,INR,13164.16,157.97,0.012,PROJ-036,CC-0002,CANCELLED,MGR-003,Y,Monthly subscription,Y
EXP-0002030,EMP-001093,2025-01-15,Office Supplies,Vendor-149,CAD,2988.84,2211.74,0.74,PROJ-013,CC-0006,APPROVED,MGR-001,Y,,N
EXP-0002031,EMP-001075,2024-02-13,Client Entertainment,Vendor-200,AUD,14640.51,9516.33,0.65,PROJ-002,CC-0016,PENDING,MGR-002,N,Conference attendance,N
EXP-0002032,EMP-001479,2025-01-30,Meals,Vendor-46,GBP,5282.7,6709.03,1.27,PROJ-046,CC-0009,APPROVED,MGR-002,Y,Conference attendance,Y
EXP-0002033,EMP-000472,2025-04-07,Telecoms,Vendor-111,JPY,5420.85,36.32,0.0067,PROJ-014,CC-0007,REJECTED,MGR-002,Y,Monthly subscription,N
EXP-0002034,EMP-001616,2025-02-07,Office Supplies,Vendor-191,AUD,10377.94,6745.66,0.65,PROJ-003,CC-0008,PENDING,MGR-001,Y,Client visit,N
EXP-0002035,EMP-001218,2024-05-30,Travel-Air,Vendor-182,AUD,1680.78,1092.51,0.65,PROJ-049,CC-0019,REJECTED,MGR-001,Y,Conference attendance,Y
EXP-0002036,EMP-000894,2024-02-15,Training,Vendor-137,EUR,9428.0,10276.52,1.09,PROJ-008,CC-0020,REJECTED,MGR-001,Y,Monthly subscription,N
EXP-0002037,EMP-001299,2025-04-25,Meals,Vendor-133,SGD,7141.89,5285.0,0.74,PROJ-013,CC-0008,APPROVED,MGR-002,Y,Monthly subscription,N
EXP-0002038,EMP-000916,2025-01-15,Client Entertainment,Vendor-181,CAD,13342.8,9873.67,0.74,PROJ-031,CC-0017,PENDING,MGR-002,Y,Monthly subscription,Y
EXP-0002039,EMP-001558,2025-04-23,Travel-Air,Vendor-186,JPY,485.25,3.25,0.0067,PROJ-026,CC-0017,CANCELLED,MGR-002,Y,Team lunch,Y
EXP-0002040,EMP-001733,2024-05-02,Travel-Ground,Vendor-154,SGD,1287.09,952.45,0.74,PROJ-012,CC-0008,CANCELLED,MGR-001,N,,Y
EXP-0002041,EMP-000946,2024-09-16,Software License,Vendor-154,EUR,2822.17,3076.17,1.09,PROJ-042,CC-0019,REJECTED,MGR-003,Y,,Y
EXP-0002042,EMP-001916,2025-05-27,Training,Vendor-3,CAD,7478.46,5534.06,0.74,PROJ-022,CC-0017,APPROVED,MGR-002,Y,Conference attendance,N
EXP-0002043,EMP-000062,2025-03-13,Client Entertainment,Vendor-11,INR,1795.39,21.54,0.012,PROJ-032,CC-0002,CANCELLED,MGR-003,N,,N
EXP-0002044,EMP-000551,2025-06-08,Meals,Vendor-3,SGD,7968.31,5896.55,0.74,PROJ-015,CC-0009,REJECTED,MGR-002,N,Team lunch,N
EXP-0002045,EMP-000015,2024-10-25,Client Entertainment,Vendor-159,AUD,10354.6,6730.49,0.65,PROJ-009,CC-0016,PENDING,MGR-003,Y,,Y
EXP-0002046,EMP-000926,2025-06-02,Meals,Vendor-170,CAD,1774.08,1312.82,0.74,PROJ-025,CC-0009,PENDING,MGR-003,Y,Team lunch,N
EXP-0002047,EMP-001030,2024-09-30,Client Entertainment,Vendor-69,INR,11194.23,134.33,0.012,PROJ-003,CC-0018,REJECTED,MGR-003,N,Conference attendance,Y
EXP-0002048,EMP-000069,2025-04-17,Software License,Vendor-112,EUR,14576.05,15887.89,1.09,PROJ-001,CC-0011,PENDING,MGR-002,Y,Conference attendance,N
EXP-0002049,EMP-001868,2024-02-08,Travel-Ground,Vendor-156,EUR,3108.77,3388.56,1.09,PROJ-039,CC-0020,CANCELLED,MGR-002,N,Client visit,Y
EXP-0002050,EMP-000734,2025-02-13,Software License,Vendor-68,EUR,13654.71,14883.63,1.09,PROJ-001,CC-0008,APPROVED,MGR-002,Y,Monthly subscription,N
EXP-0002051,EMP-001399,2025-04-19,Meals,Vendor-42,USD,12066.62,12066.62,1.0,PROJ-002,CC-0004,PENDING,MGR-003,Y,Client visit,Y
EXP-0002052,EMP-000599,2024-05-11,Meals,Vendor-21,INR,75.64,0.91,0.012,PROJ-043,CC-0018,PENDING,MGR-003,Y,,N
EXP-0002053,EMP-000114,2024-11-04,Marketing Materials,Vendor-32,EUR,12118.14,13208.77,1.09,PROJ-045,CC-0002,PENDING,MGR-001,Y,Monthly subscription,N
EXP-0002054,EMP-001058,2025-01-02,Training,Vendor-194,SGD,3270.54,2420.2,0.74,PROJ-032,CC-0020,CANCELLED,MGR-001,N,Monthly subscription,N
EXP-0002055,EMP-001700,2024-04-17,Software License,Vendor-22,INR,3558.17,42.7,0.012,PROJ-035,CC-0006,CANCELLED,MGR-001,N,,Y
EXP-0002056,EMP-001745,2024-05-14,Telecoms,Vendor-91,JPY,13977.65,93.65,0.0067,PROJ-007,CC-0017,REJECTED,MGR-001,Y,Monthly subscription,N
EXP-0002057,EMP-001605,2025-06-22,Travel-Hotel,Vendor-87,JPY,11612.34,77.8,0.0067,PROJ-022,CC-0019,APPROVED,MGR-001,Y,,Y
EXP-0002058,EMP-001746,2024-12-02,Client Entertainment,Vendor-68,JPY,10921.68,73.18,0.0067,PROJ-048,CC-0017,CANCELLED,MGR-002,Y,,N
EXP-0002059,EMP-001561,2024-10-28,Marketing Materials,Vendor-142,USD,12370.11,12370.11,1.0,PROJ-019,CC-0019,APPROVED,MGR-003,Y,,Y
EXP-0002060,EMP-000591,2025-02-20,Client Entertainment,Vendor-11,EUR,9819.56,10703.32,1.09,PROJ-016,CC-0011,APPROVED,MGR-002,Y,,N
EXP-0002061,EMP-001232,2024-08-03,Software License,Vendor-86,INR,11759.98,141.12,0.012,PROJ-033,CC-0017,APPROVED,MGR-001,N,,Y
EXP-0002062,EMP-000676,2024-11-03,Training,Vendor-197,SGD,6585.2,4873.05,0.74,PROJ-029,CC-0016,CANCELLED,MGR-002,Y,,Y
EXP-0002063,EMP-001451,2024-04-30,Travel-Ground,Vendor-56,INR,4265.24,51.18,0.012,PROJ-033,CC-0015,PENDING,MGR-002,N,Team lunch,N
EXP-0002064,EMP-000128,2024-10-18,Software License,Vendor-94,USD,265.23,265.23,1.0,PROJ-039,CC-0010,REJECTED,MGR-003,Y,Team lunch,N
EXP-0002065,EMP-000272,2024-07-21,Telecoms,Vendor-88,GBP,6551.29,8320.14,1.27,PROJ-027,CC-0016,APPROVED,MGR-001,Y,Monthly subscription,Y
EXP-0002066,EMP-001905,2024-06-21,Training,Vendor-111,INR,13525.55,162.31,0.012,PROJ-029,CC-0009,APPROVED,MGR-002,Y,Conference attendance,Y
EXP-0002067,EMP-001392,2025-05-09,Office Supplies,Vendor-93,EUR,7367.38,8030.44,1.09,PROJ-013,CC-0003,REJECTED,MGR-002,Y,,Y
EXP-0002068,EMP-001857,2024-02-20,Travel-Air,Vendor-87,AUD,1557.25,1012.21,0.65,PROJ-019,CC-0012,REJECTED,MGR-003,N,Monthly subscription,N
EXP-0002069,EMP-000689,2025-01-07,Office Supplies,Vendor-48,INR,9341.08,112.09,0.012,PROJ-008,CC-0014,PENDING,MGR-001,Y,,N
EXP-0002070,EMP-000111,2024-12-30,Travel-Air,Vendor-78,JPY,6227.27,41.72,0.0067,PROJ-048,CC-0019,APPROVED,MGR-001,Y,,Y
EXP-0002071,EMP-000971,2024-03-31,Software License,Vendor-85,AUD,3021.84,1964.2,0.65,PROJ-044,CC-0016,REJECTED,MGR-001,Y,,N
EXP-0002072,EMP-001139,2025-01-27,Travel-Air,Vendor-200,CAD,3353.78,2481.8,0.74,PROJ-040,CC-0008,APPROVED,MGR-003,Y,Conference attendance,N
EXP-0002073,EMP-000069,2025-01-12,Software License,Vendor-196,USD,14692.99,14692.99,1.0,PROJ-036,CC-0007,APPROVED,MGR-001,Y,Monthly subscription,Y
EXP-0002074,EMP-000832,2024-10-18,Travel-Air,Vendor-9,EUR,665.22,725.09,1.09,PROJ-040,CC-0007,PENDING,MGR-003,N,,N
EXP-0002075,EMP-000088,2024-07-08,Travel-Air,Vendor-171,CAD,7501.62,5551.2,0.74,PROJ-043,CC-0008,CANCELLED,MGR-003,N,,Y
EXP-0002076,EMP-000581,2025-04-05,Marketing Materials,Vendor-26,CAD,7927.92,5866.66,0.74,PROJ-049,CC-0014,CANCELLED,MGR-002,Y,Client visit,N
EXP-0002077,EMP-001114,2024-08-26,Client Entertainment,Vendor-132,EUR,11089.83,12087.91,1.09,PROJ-045,CC-0003,PENDING,MGR-002,N,,N
EXP-0002078,EMP-000570,2024-06-01,Office Supplies,Vendor-79,JPY,4388.61,29.4,0.0067,PROJ-018,CC-0001,REJECTED,MGR-002,N,,Y
EXP-0002079,EMP-000890,2025-02-20,Meals,Vendor-114,SGD,8993.07,6654.87,0.74,PROJ-039,CC-0011,APPROVED,MGR-003,Y,Team lunch,N
EXP-0002080,EMP-000346,2024-11-14,Office Supplies,Vendor-135,AUD,9144.66,5944.03,0.65,PROJ-029,CC-0003,REJECTED,MGR-002,Y,,Y
EXP-0002081,EMP-001660,2024-11-30,Software License,Vendor-112,INR,3747.33,44.97,0.012,PROJ-026,CC-0010,PENDING,MGR-001,Y,Conference attendance,Y
EXP-0002082,EMP-001195,2024-01-12,Marketing Materials,Vendor-145,JPY,11885.66,79.63,0.0067,PROJ-025,CC-0009,CANCELLED,MGR-002,Y,,Y
EXP-0002083,EMP-001102,2024-07-05,Travel-Ground,Vendor-148,GBP,9922.71,12601.84,1.27,PROJ-010,CC-0008,PENDING,MGR-002,Y,,N
EXP-0002084,EMP-000108,2024-08-19,Training,Vendor-54,EUR,2794.22,3045.7,1.09,PROJ-015,CC-0016,REJECTED,MGR-001,Y,,Y
EXP-0002085,EMP-001008,2024-11-04,Marketing Materials,Vendor-84,CAD,7725.07,5716.55,0.74,PROJ-032,CC-0017,PENDING,MGR-001,Y,Monthly subscription,N
EXP-0002086,EMP-001871,2024-11-29,Training,Vendor-170,JPY,10300.43,69.01,0.0067,PROJ-026,CC-0012,CANCELLED,MGR-003,Y,,Y
EXP-0002087,EMP-000691,2024-03-09,Travel-Ground,Vendor-102,USD,13301.52,13301.52,1.0,PROJ-041,CC-0016,CANCELLED,MGR-002,Y,,N
EXP-0002088,EMP-001875,2024-08-17,Travel-Ground,Vendor-120,CAD,14522.05,10746.32,0.74,PROJ-003,CC-0012,CANCELLED,MGR-001,Y,Team lunch,N
EXP-0002089,EMP-001638,2024-09-16,Travel-Ground,Vendor-11,CAD,13243.33,9800.06,0.74,PROJ-004,CC-0010,PENDING,MGR-001,Y,Team lunch,N
EXP-0002090,EMP-001773,2025-01-12,Travel-Ground,Vendor-13,SGD,10733.23,7942.59,0.74,PROJ-016,CC-0011,APPROVED,MGR-003,Y,,N
EXP-0002091,EMP-000838,2025-01-18,Travel-Hotel,Vendor-61,USD,12068.95,12068.95,1.0,PROJ-015,CC-0011,REJECTED,MGR-001,Y,,N
EXP-0002092,EMP-001706,2024-07-09,Telecoms,Vendor-129,CAD,13687.49,10128.74,0.74,PROJ-031,CC-0014,CANCELLED,MGR-003,N,Client visit,N
EXP-0002093,EMP-000264,2024-07-31,Meals,Vendor-141,USD,11693.44,11693.44,1.0,PROJ-007,CC-0001,CANCELLED,MGR-001,Y,,N
EXP-0002094,EMP-000310,2024-05-09,Telecoms,Vendor-21,USD,582.02,582.02,1.0,PROJ-034,CC-0009,REJECTED,MGR-002,Y,,N
EXP-0002095,EMP-000043,2024-12-07,Travel-Ground,Vendor-122,INR,9275.84,111.31,0.012,PROJ-002,CC-0006,REJECTED,MGR-003,Y,Conference attendance,Y
EXP-0002096,EMP-001851,2025-05-30,Meals,Vendor-12,AUD,3241.38,2106.9,0.65,PROJ-020,CC-0001,CANCELLED,MGR-002,Y,Conference attendance,Y
EXP-0002097,EMP-000023,2024-06-05,Travel-Ground,Vendor-28,USD,6427.32,6427.32,1.0,PROJ-026,CC-0018,CANCELLED,MGR-002,Y,Client visit,N
EXP-0002098,EMP-000916,2024-09-01,Travel-Ground,Vendor-12,GBP,4244.92,5391.05,1.27,PROJ-019,CC-0008,APPROVED,MGR-003,N,Team lunch,N
EXP-0002099,EMP-000368,2025-02-27,Office Supplies,Vendor-106,CAD,11999.75,8879.82,0.74,PROJ-023,CC-0013,APPROVED,MGR-001,N,Client visit,N
EXP-0002100,EMP-001983,2024-12-30,Software License,Vendor-131,GBP,13565.88,17228.67,1.27,PROJ-002,CC-0014,PENDING,MGR-002,Y,Monthly subscription,N
EXP-0002101,EMP-000936,2024-05-22,Travel-Air,Vendor-173,INR,2255.37,27.06,0.012,PROJ-016,CC-0013,CANCELLED,MGR-003,Y,Client visit,N
EXP-0002102,EMP-000016,2024-12-30,Office Supplies,Vendor-141,INR,1699.89,20.4,0.012,PROJ-032,CC-0002,CANCELLED,MGR-003,Y,Monthly subscription,N
EXP-0002103,EMP-001990,2024-07-01,Travel-Hotel,Vendor-179,GBP,11591.29,14720.94,1.27,PROJ-034,CC-0003,CANCELLED,MGR-002,N,Client visit,Y
EXP-0002104,EMP-000385,2024-08-23,Meals,Vendor-5,INR,11993.58,143.92,0.012,PROJ-041,CC-0012,REJECTED,MGR-003,Y,,N
EXP-0002105,EMP-000858,2024-12-04,Training,Vendor-15,GBP,13064.38,16591.76,1.27,PROJ-029,CC-0019,REJECTED,MGR-001,N,Conference attendance,Y
EXP-0002106,EMP-000362,2025-02-09,Client Entertainment,Vendor-106,USD,2227.11,2227.11,1.0,PROJ-048,CC-0017,REJECTED,MGR-003,Y,,Y
EXP-0002107,EMP-000071,2024-11-07,Travel-Hotel,Vendor-199,USD,2148.84,2148.84,1.0,PROJ-042,CC-0003,REJECTED,MGR-003,Y,,Y
EXP-0002108,EMP-001243,2024-08-14,Meals,Vendor-73,INR,1486.91,17.84,0.012,PROJ-026,CC-0012,PENDING,MGR-001,Y,Client visit,Y
EXP-0002109,EMP-001452,2025-01-12,Client Entertainment,Vendor-50,USD,4742.48,4742.48,1.0,PROJ-030,CC-0002,APPROVED,MGR-003,Y,Conference attendance,N
EXP-0002110,EMP-001903,2025-04-04,Travel-Air,Vendor-164,AUD,3506.98,2279.54,0.65,PROJ-042,CC-0005,APPROVED,MGR-002,Y,,N
EXP-0002111,EMP-001678,2024-07-07,Software License,Vendor-181,SGD,931.7,689.46,0.74,PROJ-045,CC-0020,PENDING,MGR-003,N,Client visit,N
EXP-0002112,EMP-001722,2025-01-18,Office Supplies,Vendor-136,GBP,6741.72,8561.98,1.27,PROJ-007,CC-0015,CANCELLED,MGR-003,Y,Monthly subscription,Y
EXP-0002113,EMP-001011,2024-08-30,Telecoms,Vendor-62,INR,9068.55,108.82,0.012,PROJ-002,CC-0003,APPROVED,MGR-003,Y,,N
EXP-0002114,EMP-001243,2024-07-12,Meals,Vendor-184,GBP,11619.03,14756.17,1.27,PROJ-042,CC-0003,CANCELLED,MGR-003,N,Team lunch,N
EXP-0002115,EMP-001234,2024-09-20,Client Entertainment,Vendor-12,SGD,428.67,317.22,0.74,PROJ-025,CC-0012,REJECTED,MGR-002,N,,N
EXP-0002116,EMP-000755,2025-04-23,Travel-Air,Vendor-170,CAD,13971.62,10339.0,0.74,PROJ-032,CC-0013,REJECTED,MGR-001,Y,Team lunch,Y
EXP-0002117,EMP-001804,2024-11-24,Office Supplies,Vendor-38,USD,7039.92,7039.92,1.0,PROJ-042,CC-0006,CANCELLED,MGR-001,N,Team lunch,Y
EXP-0002118,EMP-001701,2025-01-27,Travel-Hotel,Vendor-32,EUR,14673.12,15993.7,1.09,PROJ-036,CC-0014,APPROVED,MGR-003,Y,Conference attendance,Y
EXP-0002119,EMP-001204,2024-03-10,Telecoms,Vendor-72,JPY,12578.17,84.27,0.0067,PROJ-037,CC-0001,APPROVED,MGR-003,Y,Conference attendance,Y
EXP-0002120,EMP-001024,2025-02-19,Travel-Ground,Vendor-136,CAD,14920.01,11040.81,0.74,PROJ-002,CC-0012,CANCELLED,MGR-002,Y,Team lunch,Y
EXP-0002121,EMP-001206,2025-04-20,Travel-Ground,Vendor-179,GBP,4170.18,5296.13,1.27,PROJ-025,CC-0017,PENDING,MGR-001,Y,,N
EXP-0002122,EMP-001583,2025-02-14,Client Entertainment,Vendor-112,JPY,9715.72,65.1,0.0067,PROJ-002,CC-0016,CANCELLED,MGR-001,Y,,N
EXP-0002123,EMP-001153,2024-04-24,Telecoms,Vendor-43,JPY,10433.51,69.9,0.0067,PROJ-010,CC-0002,REJECTED,MGR-001,N,Monthly subscription,N
EXP-0002124,EMP-001494,2025-04-15,Client Entertainment,Vendor-188,CAD,12833.69,9496.93,0.74,PROJ-034,CC-0020,PENDING,MGR-002,Y,Conference attendance,N
EXP-0002125,EMP-000957,2024-09-29,Marketing Materials,Vendor-107,INR,1596.55,19.16,0.012,PROJ-041,CC-0016,PENDING,MGR-002,Y,,Y
EXP-0002126,EMP-001018,2024-09-25,Marketing Materials,Vendor-116,GBP,7356.07,9342.21,1.27,PROJ-019,CC-0016,CANCELLED,MGR-003,N,Monthly subscription,N
EXP-0002127,EMP-000482,2025-01-16,Office Supplies,Vendor-155,AUD,3250.24,2112.66,0.65,PROJ-038,CC-0019,CANCELLED,MGR-001,N,Monthly subscription,Y
EXP-0002128,EMP-001253,2024-07-23,Travel-Air,Vendor-179,USD,12636.88,12636.88,1.0,PROJ-025,CC-0009,CANCELLED,MGR-003,Y,Client visit,N
EXP-0002129,EMP-000183,2025-03-06,Telecoms,Vendor-148,SGD,1687.92,1249.06,0.74,PROJ-013,CC-0007,REJECTED,MGR-001,Y,Client visit,Y
EXP-0002130,EMP-000980,2024-08-09,Travel-Air,Vendor-83,CAD,11472.19,8489.42,0.74,PROJ-042,CC-0013,PENDING,MGR-003,Y,Monthly subscription,Y
EXP-0002131,EMP-000679,2024-07-01,Office Supplies,Vendor-177,CAD,4948.07,3661.57,0.74,PROJ-011,CC-0002,PENDING,MGR-003,Y,,N
EXP-0002132,EMP-000254,2024-04-26,Travel-Ground,Vendor-143,AUD,7206.02,4683.91,0.65,PROJ-011,CC-0013,PENDING,MGR-002,Y,Conference attendance,N
EXP-0002133,EMP-000339,2024-05-10,Travel-Ground,Vendor-149,CAD,8563.08,6336.68,0.74,PROJ-015,CC-0003,CANCELLED,MGR-003,Y,,N
EXP-0002134,EMP-000017,2024-09-07,Telecoms,Vendor-167,INR,13585.93,163.03,0.012,PROJ-018,CC-0015,REJECTED,MGR-003,Y,Monthly subscription,N
EXP-0002135,EMP-001014,2025-05-09,Telecoms,Vendor-21,SGD,10393.92,7691.5,0.74,PROJ-030,CC-0010,PENDING,MGR-001,N,,N
EXP-0002136,EMP-000654,2024-07-30,Software License,Vendor-64,CAD,4534.12,3355.25,0.74,PROJ-033,CC-0003,APPROVED,MGR-003,Y,Team lunch,N
EXP-0002137,EMP-000289,2025-04-15,Travel-Ground,Vendor-13,USD,12857.16,12857.16,1.0,PROJ-040,CC-0009,APPROVED,MGR-003,N,Team lunch,N
EXP-0002138,EMP-000856,2024-07-09,Telecoms,Vendor-66,SGD,9658.34,7147.17,0.74,PROJ-013,CC-0007,APPROVED,MGR-002,Y,Team lunch,Y
EXP-0002139,EMP-000819,2024-10-05,Meals,Vendor-199,INR,4874.45,58.49,0.012,PROJ-038,CC-0009,REJECTED,MGR-001,Y,,Y
EXP-0002140,EMP-001758,2025-05-13,Telecoms,Vendor-122,USD,4504.63,4504.63,1.0,PROJ-017,CC-0020,PENDING,MGR-002,Y,,Y
EXP-0002141,EMP-000003,2024-04-19,Marketing Materials,Vendor-19,GBP,13813.13,17542.68,1.27,PROJ-033,CC-0018,CANCELLED,MGR-003,Y,Client visit,Y
EXP-0002142,EMP-001989,2024-11-24,Meals,Vendor-136,CAD,5551.97,4108.46,0.74,PROJ-020,CC-0017,APPROVED,MGR-001,Y,Monthly subscription,N
EXP-0002143,EMP-000614,2025-04-14,Software License,Vendor-102,USD,12827.82,12827.82,1.0,PROJ-004,CC-0003,CANCELLED,MGR-002,N,Team lunch,Y
EXP-0002144,EMP-000685,2024-11-27,Client Entertainment,Vendor-107,AUD,12484.22,8114.74,0.65,PROJ-011,CC-0001,PENDING,MGR-001,N,Monthly subscription,N
EXP-0002145,EMP-001425,2024-06-22,Travel-Ground,Vendor-170,JPY,9348.52,62.64,0.0067,PROJ-016,CC-0019,REJECTED,MGR-001,Y,Conference attendance,N
EXP-0002146,EMP-000470,2024-10-09,Office Supplies,Vendor-99,CAD,9999.46,7399.6,0.74,PROJ-004,CC-0020,REJECTED,MGR-002,Y,,Y
EXP-0002147,EMP-001631,2024-09-12,Telecoms,Vendor-135,USD,6262.64,6262.64,1.0,PROJ-005,CC-0002,CANCELLED,MGR-003,Y,Conference attendance,N
EXP-0002148,EMP-000153,2024-09-22,Travel-Hotel,Vendor-190,CAD,5066.08,3748.9,0.74,PROJ-012,CC-0001,PENDING,MGR-001,Y,,Y
EXP-0002149,EMP-000138,2025-01-27,Marketing Materials,Vendor-11,SGD,5075.93,3756.19,0.74,PROJ-039,CC-0011,CANCELLED,MGR-002,Y,,N
EXP-0002150,EMP-000448,2024-07-20,Office Supplies,Vendor-101,AUD,1836.48,1193.71,0.65,PROJ-024,CC-0001,PENDING,MGR-003,Y,,Y
EXP-0002151,EMP-001427,2024-11-23,Marketing Materials,Vendor-30,INR,13572.81,162.87,0.012,PROJ-029,CC-0020,APPROVED,MGR-003,Y,,N
EXP-0002152,EMP-001442,2024-12-03,Travel-Ground,Vendor-189,EUR,8491.64,9255.89,1.09,PROJ-020,CC-0019,PENDING,MGR-001,Y,,Y
EXP-0002153,EMP-000328,2024-10-03,Marketing Materials,Vendor-29,GBP,9759.64,12394.74,1.27,PROJ-019,CC-0004,REJECTED,MGR-001,Y,Client visit,N
EXP-0002154,EMP-001191,2024-07-13,Telecoms,Vendor-31,JPY,13520.19,90.59,0.0067,PROJ-019,CC-0006,CANCELLED,MGR-002,N,Conference attendance,Y
EXP-0002155,EMP-000063,2024-04-20,Training,Vendor-78,EUR,12313.66,13421.89,1.09,PROJ-003,CC-0005,APPROVED,MGR-003,Y,,N
EXP-0002156,EMP-001031,2025-06-09,Marketing Materials,Vendor-101,JPY,9277.88,62.16,0.0067,PROJ-026,CC-0012,REJECTED,MGR-003,Y,,Y
EXP-0002157,EMP-001637,2024-05-07,Meals,Vendor-170,SGD,2807.4,2077.48,0.74,PROJ-025,CC-0015,REJECTED,MGR-003,Y,Team lunch,N
EXP-0002158,EMP-001182,2024-05-06,Software License,Vendor-49,AUD,10410.79,6767.01,0.65,PROJ-010,CC-0004,APPROVED,MGR-001,Y,Client visit,Y
EXP-0002159,EMP-000446,2024-04-14,Software License,Vendor-104,INR,13241.21,158.89,0.012,PROJ-035,CC-0006,PENDING,MGR-002,N,,N
EXP-0002160,EMP-000303,2024-09-14,Office Supplies,Vendor-45,USD,10911.72,10911.72,1.0,PROJ-026,CC-0016,APPROVED,MGR-003,N,Client visit,Y
EXP-0002161,EMP-001920,2024-09-16,Travel-Ground,Vendor-62,EUR,4703.89,5127.24,1.09,PROJ-035,CC-0014,CANCELLED,MGR-001,Y,Team lunch,N
EXP-0002162,EMP-000276,2024-07-21,Telecoms,Vendor-193,USD,4670.94,4670.94,1.0,PROJ-035,CC-0016,CANCELLED,MGR-003,Y,Team lunch,N
EXP-0002163,EMP-001436,2025-05-26,Training,Vendor-35,USD,14570.4,14570.4,1.0,PROJ-005,CC-0002,CANCELLED,MGR-003,Y,Client visit,N
EXP-0002164,EMP-001706,2024-08-11,Travel-Air,Vendor-95,USD,316.76,316.76,1.0,PROJ-005,CC-0001,CANCELLED,MGR-001,Y,Team lunch,Y
EXP-0002165,EMP-000886,2024-12-20,Client Entertainment,Vendor-17,INR,4154.87,49.86,0.012,PROJ-028,CC-0018,PENDING,MGR-003,N,Team lunch,N
EXP-0002166,EMP-000654,2024-07-08,Meals,Vendor-143,CAD,8718.14,6451.42,0.74,PROJ-043,CC-0004,PENDING,MGR-003,N,Team lunch,Y
EXP-0002167,EMP-000941,2025-03-12,Marketing Materials,Vendor-6,EUR,11658.22,12707.46,1.09,PROJ-031,CC-0002,REJECTED,MGR-001,N,Monthly subscription,N
EXP-0002168,EMP-001258,2025-01-11,Telecoms,Vendor-61,CAD,1195.31,884.53,0.74,PROJ-005,CC-0003,CANCELLED,MGR-003,N,,Y
EXP-0002169,EMP-000640,2025-04-23,Travel-Air,Vendor-89,CAD,4788.04,3543.15,0.74,PROJ-001,CC-0016,APPROVED,MGR-002,Y,Monthly subscription,Y
EXP-0002170,EMP-001349,2025-02-13,Meals,Vendor-89,AUD,8499.47,5524.66,0.65,PROJ-030,CC-0013,CANCELLED,MGR-003,Y,Client visit,Y
EXP-0002171,EMP-000024,2024-11-29,Telecoms,Vendor-92,CAD,8207.04,6073.21,0.74,PROJ-005,CC-0020,REJECTED,MGR-003,Y,,N
EXP-0002172,EMP-000334,2025-01-14,Telecoms,Vendor-86,AUD,11226.31,7297.1,0.65,PROJ-022,CC-0004,PENDING,MGR-001,Y,,N
EXP-0002173,EMP-000198,2025-02-27,Meals,Vendor-169,GBP,5271.77,6695.15,1.27,PROJ-045,CC-0012,APPROVED,MGR-003,Y,Conference attendance,N
EXP-0002174,EMP-000220,2024-08-23,Office Supplies,Vendor-59,SGD,4636.25,3430.82,0.74,PROJ-026,CC-0012,APPROVED,MGR-002,Y,Monthly subscription,Y
EXP-0002175,EMP-001809,2024-05-25,Travel-Ground,Vendor-61,SGD,3567.89,2640.24,0.74,PROJ-017,CC-0005,CANCELLED,MGR-003,Y,,N
EXP-0002176,EMP-000407,2024-06-25,Meals,Vendor-163,USD,14895.77,14895.77,1.0,PROJ-035,CC-0004,PENDING,MGR-003,Y,Team lunch,Y
EXP-0002177,EMP-001763,2024-11-10,Training,Vendor-190,CAD,5306.04,3926.47,0.74,PROJ-044,CC-0011,PENDING,MGR-001,Y,Client visit,N
EXP-0002178,EMP-000867,2024-09-07,Training,Vendor-56,INR,14220.38,170.64,0.012,PROJ-005,CC-0003,REJECTED,MGR-003,N,Client visit,Y
EXP-0002179,EMP-001032,2025-02-16,Travel-Ground,Vendor-62,USD,14944.71,14944.71,1.0,PROJ-004,CC-0014,REJECTED,MGR-003,Y,,Y
EXP-0002180,EMP-001901,2024-04-07,Marketing Materials,Vendor-5,USD,3530.8,3530.8,1.0,PROJ-016,CC-0014,REJECTED,MGR-003,Y,,Y
EXP-0002181,EMP-000265,2024-03-10,Marketing Materials,Vendor-40,USD,13766.25,13766.25,1.0,PROJ-020,CC-0003,REJECTED,MGR-001,Y,Team lunch,Y
EXP-0002182,EMP-001992,2025-03-08,Travel-Hotel,Vendor-109,EUR,7771.76,8471.22,1.09,PROJ-041,CC-0018,CANCELLED,MGR-003,Y,,Y
EXP-0002183,EMP-000577,2025-05-04,Travel-Air,Vendor-54,EUR,11394.73,12420.26,1.09,PROJ-043,CC-0005,APPROVED,MGR-002,N,,N
EXP-0002184,EMP-001484,2024-07-28,Client Entertainment,Vendor-79,SGD,3844.63,2845.03,0.74,PROJ-009,CC-0004,APPROVED,MGR-002,Y,Conference attendance,Y
EXP-0002185,EMP-000810,2024-01-02,Travel-Hotel,Vendor-4,USD,4420.49,4420.49,1.0,PROJ-041,CC-0010,APPROVED,MGR-001,Y,Client visit,N
EXP-0002186,EMP-001527,2025-04-11,Telecoms,Vendor-78,INR,5016.03,60.19,0.012,PROJ-009,CC-0002,CANCELLED,MGR-001,N,,Y
EXP-0002187,EMP-001763,2025-04-20,Travel-Ground,Vendor-169,INR,6354.72,76.26,0.012,PROJ-006,CC-0016,CANCELLED,MGR-001,Y,,N
EXP-0002188,EMP-001507,2025-03-24,Software License,Vendor-17,SGD,6358.55,4705.33,0.74,PROJ-014,CC-0017,CANCELLED,MGR-002,Y,Client visit,Y
EXP-0002189,EMP-001176,2024-08-16,Telecoms,Vendor-117,GBP,8000.14,10160.18,1.27,PROJ-042,CC-0006,APPROVED,MGR-002,Y,Client visit,Y
EXP-0002190,EMP-001203,2024-09-15,Software License,Vendor-88,AUD,5425.08,3526.3,0.65,PROJ-048,CC-0017,CANCELLED,MGR-003,Y,,N
EXP-0002191,EMP-001103,2024-02-01,Training,Vendor-149,CAD,4215.43,3119.42,0.74,PROJ-043,CC-0013,REJECTED,MGR-003,Y,Client visit,Y
EXP-0002192,EMP-001649,2024-11-22,Marketing Materials,Vendor-85,INR,13146.83,157.76,0.012,PROJ-040,CC-0007,APPROVED,MGR-003,Y,Client visit,N
EXP-0002193,EMP-001845,2024-10-12,Client Entertainment,Vendor-154,EUR,504.19,549.57,1.09,PROJ-013,CC-0008,PENDING,MGR-002,Y,,N
EXP-0002194,EMP-000841,2024-08-21,Marketing Materials,Vendor-81,AUD,476.14,309.49,0.65,PROJ-027,CC-0015,APPROVED,MGR-001,Y,,N
EXP-0002195,EMP-000404,2025-04-14,Marketing Materials,Vendor-169,GBP,11518.25,14628.18,1.27,PROJ-018,CC-0006,APPROVED,MGR-003,Y,Monthly subscription,N
EXP-0002196,EMP-001380,2024-11-23,Client Entertainment,Vendor-73,INR,11338.87,136.07,0.012,PROJ-049,CC-0002,CANCELLED,MGR-003,Y,Team lunch,N
EXP-0002197,EMP-001839,2024-05-18,Travel-Hotel,Vendor-196,EUR,9668.72,10538.9,1.09,PROJ-003,CC-0002,CANCELLED,MGR-001,Y,Monthly subscription,Y
EXP-0002198,EMP-001987,2024-03-10,Travel-Hotel,Vendor-45,AUD,7422.4,4824.56,0.65,PROJ-019,CC-0013,APPROVED,MGR-003,Y,Monthly subscription,N
EXP-0002199,EMP-000573,2024-04-07,Travel-Air,Vendor-178,USD,13388.65,13388.65,1.0,PROJ-020,CC-0018,CANCELLED,MGR-002,Y,Conference attendance,N
EXP-0002200,EMP-000306,2025-03-19,Travel-Ground,Vendor-198,AUD,14266.03,9272.92,0.65,PROJ-019,CC-0010,CANCELLED,MGR-001,Y,,N
EXP-0002201,EMP-001650,2024-01-17,Travel-Hotel,Vendor-129,SGD,1241.64,918.81,0.74,PROJ-030,CC-0015,APPROVED,MGR-001,N,Client visit,N
EXP-0002202,EMP-001420,2024-10-19,Client Entertainment,Vendor-58,SGD,11650.61,8621.45,0.74,PROJ-049,CC-0001,CANCELLED,MGR-001,N,Monthly subscription,N
EXP-0002203,EMP-001160,2025-05-09,Client Entertainment,Vendor-154,JPY,11592.44,77.67,0.0067,PROJ-044,CC-0002,PENDING,MGR-003,Y,Monthly subscription,Y
EXP-0002204,EMP-000906,2025-05-27,Telecoms,Vendor-147,GBP,12043.96,15295.83,1.27,PROJ-010,CC-0009,CANCELLED,MGR-003,N,Monthly subscription,N
EXP-0002205,EMP-001081,2024-05-04,Travel-Hotel,Vendor-175,USD,4244.82,4244.82,1.0,PROJ-013,CC-0002,APPROVED,MGR-003,Y,Monthly subscription,Y
EXP-0002206,EMP-001668,2024-09-27,Software License,Vendor-177,EUR,3719.43,4054.18,1.09,PROJ-025,CC-0012,APPROVED,MGR-003,Y,Client visit,N
EXP-0002207,EMP-001839,2025-05-01,Travel-Air,Vendor-6,INR,8924.21,107.09,0.012,PROJ-016,CC-0009,PENDING,MGR-002,Y,Client visit,Y
EXP-0002208,EMP-001651,2025-04-25,Client Entertainment,Vendor-8,INR,13325.61,159.91,0.012,PROJ-045,CC-0011,PENDING,MGR-002,N,Monthly subscription,Y
EXP-0002209,EMP-000150,2024-12-10,Client Entertainment,Vendor-28,EUR,3090.52,3368.67,1.09,PROJ-041,CC-0003,APPROVED,MGR-003,Y,,Y
EXP-0002210,EMP-001002,2024-04-14,Meals,Vendor-189,USD,5693.92,5693.92,1.0,PROJ-026,CC-0019,PENDING,MGR-001,Y,Monthly subscription,Y
EXP-0002211,EMP-001383,2024-11-12,Client Entertainment,Vendor-42,EUR,1140.06,1242.67,1.09,PROJ-042,CC-0014,CANCELLED,MGR-003,N,,N
EXP-0002212,EMP-001372,2024-05-19,Software License,Vendor-199,CAD,8412.47,6225.23,0.74,PROJ-028,CC-0004,APPROVED,MGR-002,Y,,N
EXP-0002213,EMP-000291,2025-02-27,Travel-Hotel,Vendor-137,AUD,4059.32,2638.56,0.65,PROJ-018,CC-0011,REJECTED,MGR-001,Y,Monthly subscription,Y
EXP-0002214,EMP-001475,2025-01-12,Travel-Air,Vendor-137,JPY,7954.22,53.29,0.0067,PROJ-007,CC-0009,REJECTED,MGR-001,N,Client visit,Y
EXP-0002215,EMP-000759,2024-08-23,Software License,Vendor-131,CAD,5216.59,3860.28,0.74,PROJ-004,CC-0007,REJECTED,MGR-003,N,,Y
EXP-0002216,EMP-001651,2025-05-22,Software License,Vendor-12,INR,430.0,5.16,0.012,PROJ-032,CC-0017,APPROVED,MGR-003,Y,Client visit,N
EXP-0002217,EMP-001685,2024-10-28,Travel-Ground,Vendor-92,AUD,11827.55,7687.91,0.65,PROJ-012,CC-0009,CANCELLED,MGR-002,Y,Team lunch,N
EXP-0002218,EMP-000561,2025-02-03,Client Entertainment,Vendor-151,AUD,11681.29,7592.84,0.65,PROJ-016,CC-0002,REJECTED,MGR-002,Y,Conference attendance,Y
EXP-0002219,EMP-001164,2025-06-07,Travel-Ground,Vendor-100,JPY,140.55,0.94,0.0067,PROJ-020,CC-0018,CANCELLED,MGR-001,Y,Monthly subscription,N
EXP-0002220,EMP-001216,2024-08-21,Marketing Materials,Vendor-91,CAD,7457.62,5518.64,0.74,PROJ-042,CC-0010,CANCELLED,MGR-001,Y,Client visit,Y
EXP-0002221,EMP-000521,2024-01-25,Training,Vendor-41,USD,13290.44,13290.44,1.0,PROJ-024,CC-0009,REJECTED,MGR-003,N,,N
EXP-0002222,EMP-000890,2024-03-02,Telecoms,Vendor-158,USD,1397.77,1397.77,1.0,PROJ-015,CC-0005,REJECTED,MGR-002,Y,Team lunch,Y
EXP-0002223,EMP-000739,2024-04-16,Training,Vendor-76,JPY,14283.47,95.7,0.0067,PROJ-013,CC-0004,CANCELLED,MGR-001,N,Client visit,N
EXP-0002224,EMP-000474,2024-10-31,Meals,Vendor-173,USD,9739.78,9739.78,1.0,PROJ-041,CC-0020,REJECTED,MGR-002,N,Team lunch,N
EXP-0002225,EMP-000498,2025-03-13,Travel-Hotel,Vendor-128,EUR,10288.33,11214.28,1.09,PROJ-038,CC-0009,CANCELLED,MGR-003,Y,Monthly subscription,N
EXP-0002226,EMP-000726,2025-04-12,Marketing Materials,Vendor-30,INR,10671.7,128.06,0.012,PROJ-012,CC-0015,PENDING,MGR-003,Y,Team lunch,N
EXP-0002227,EMP-000219,2024-08-22,Travel-Ground,Vendor-38,EUR,6597.34,7191.1,1.09,PROJ-044,CC-0009,APPROVED,MGR-001,N,,Y
EXP-0002228,EMP-001873,2024-05-12,Training,Vendor-100,JPY,12938.83,86.69,0.0067,PROJ-007,CC-0015,CANCELLED,MGR-002,Y,,N
EXP-0002229,EMP-001891,2025-02-02,Software License,Vendor-170,USD,4179.69,4179.69,1.0,PROJ-024,CC-0004,APPROVED,MGR-001,Y,Client visit,Y
EXP-0002230,EMP-000718,2024-01-07,Travel-Ground,Vendor-182,GBP,14472.71,18380.34,1.27,PROJ-009,CC-0018,PENDING,MGR-001,Y,,N
EXP-0002231,EMP-000348,2025-06-22,Travel-Ground,Vendor-114,INR,8819.06,105.83,0.012,PROJ-050,CC-0014,CANCELLED,MGR-002,Y,Client visit,Y
EXP-0002232,EMP-000543,2024-08-10,Meals,Vendor-164,CAD,4782.0,3538.68,0.74,PROJ-030,CC-0007,PENDING,MGR-003,Y,,Y
EXP-0002233,EMP-001185,2024-07-10,Travel-Hotel,Vendor-89,JPY,11548.35,77.37,0.0067,PROJ-008,CC-0002,APPROVED,MGR-001,Y,Conference attendance,N
EXP-0002234,EMP-000139,2024-09-20,Meals,Vendor-161,SGD,11351.29,8399.95,0.74,PROJ-041,CC-0009,CANCELLED,MGR-003,Y,Monthly subscription,Y
EXP-0002235,EMP-001849,2024-12-31,Training,Vendor-64,SGD,1033.56,764.83,0.74,PROJ-008,CC-0001,REJECTED,MGR-001,Y,,Y
EXP-0002236,EMP-000455,2024-02-01,Telecoms,Vendor-93,GBP,8346.15,10599.61,1.27,PROJ-004,CC-0016,PENDING,MGR-001,Y,Team lunch,Y
EXP-0002237,EMP-001254,2025-05-02,Meals,Vendor-71,GBP,14736.26,18715.05,1.27,PROJ-006,CC-0010,REJECTED,MGR-001,N,,N
EXP-0002238,EMP-001699,2024-01-28,Marketing Materials,Vendor-39,INR,9101.99,109.22,0.012,PROJ-027,CC-0018,APPROVED,MGR-001,Y,Team lunch,Y
EXP-0002239,EMP-001342,2025-05-04,Travel-Hotel,Vendor-41,EUR,422.51,460.54,1.09,PROJ-049,CC-0004,REJECTED,MGR-002,N,Client visit,N
EXP-0002240,EMP-000270,2024-08-28,Meals,Vendor-20,JPY,11588.66,77.64,0.0067,PROJ-021,CC-0020,CANCELLED,MGR-002,Y,Team lunch,N
EXP-0002241,EMP-000061,2024-07-21,Travel-Ground,Vendor-51,SGD,11845.5,8765.67,0.74,PROJ-001,CC-0018,APPROVED,MGR-002,Y,,N
EXP-0002242,EMP-000025,2024-06-22,Client Entertainment,Vendor-32,GBP,6978.21,8862.33,1.27,PROJ-015,CC-0001,APPROVED,MGR-002,Y,Team lunch,N
EXP-0002243,EMP-001399,2024-12-12,Travel-Air,Vendor-151,SGD,4874.88,3607.41,0.74,PROJ-022,CC-0019,APPROVED,MGR-002,Y,Conference attendance,N
EXP-0002244,EMP-000509,2025-02-04,Office Supplies,Vendor-160,SGD,2647.87,1959.42,0.74,PROJ-019,CC-0013,PENDING,MGR-002,N,,N
EXP-0002245,EMP-001867,2024-05-07,Client Entertainment,Vendor-197,INR,1574.72,18.9,0.012,PROJ-045,CC-0005,APPROVED,MGR-002,N,,N
EXP-0002246,EMP-001397,2024-09-22,Office Supplies,Vendor-38,INR,13700.44,164.41,0.012,PROJ-007,CC-0016,CANCELLED,MGR-002,N,Monthly subscription,Y
EXP-0002247,EMP-001606,2025-01-21,Training,Vendor-66,AUD,1608.22,1045.34,0.65,PROJ-003,CC-0015,CANCELLED,MGR-003,Y,,N
EXP-0002248,EMP-000155,2024-03-29,Travel-Air,Vendor-102,SGD,4068.29,3010.53,0.74,PROJ-042,CC-0014,CANCELLED,MGR-003,N,Team lunch,N
EXP-0002249,EMP-001280,2024-08-29,Telecoms,Vendor-116,GBP,7565.02,9607.58,1.27,PROJ-035,CC-0020,REJECTED,MGR-001,Y,Team lunch,Y
EXP-0002250,EMP-000571,2024-08-05,Travel-Hotel,Vendor-111,GBP,14505.56,18422.06,1.27,PROJ-048,CC-0009,REJECTED,MGR-003,N,Monthly subscription,Y
EXP-0002251,EMP-000554,2025-03-26,Travel-Air,Vendor-75,SGD,8203.26,6070.41,0.74,PROJ-003,CC-0016,PENDING,MGR-002,Y,Conference attendance,N
EXP-0002252,EMP-001188,2024-07-01,Office Supplies,Vendor-179,INR,5914.74,70.98,0.012,PROJ-038,CC-0005,APPROVED,MGR-001,N,Team lunch,Y
EXP-0002253,EMP-000242,2024-05-24,Software License,Vendor-100,INR,11646.95,139.76,0.012,PROJ-031,CC-0006,APPROVED,MGR-001,N,Conference attendance,Y
EXP-0002254,EMP-001037,2024-12-23,Telecoms,Vendor-30,INR,6872.94,82.48,0.012,PROJ-024,CC-0008,PENDING,MGR-003,Y,Client visit,N
EXP-0002255,EMP-000015,2024-01-01,Software License,Vendor-126,JPY,5716.06,38.3,0.0067,PROJ-035,CC-0007,CANCELLED,MGR-003,Y,,Y
EXP-0002256,EMP-001864,2024-10-02,Travel-Hotel,Vendor-63,USD,3040.75,3040.75,1.0,PROJ-041,CC-0013,REJECTED,MGR-003,N,Client visit,N
EXP-0002257,EMP-001098,2024-09-30,Telecoms,Vendor-174,JPY,10986.82,73.61,0.0067,PROJ-039,CC-0015,CANCELLED,MGR-001,Y,Conference attendance,N
EXP-0002258,EMP-000558,2025-01-21,Travel-Hotel,Vendor-72,USD,383.16,383.16,1.0,PROJ-016,CC-0008,CANCELLED,MGR-001,Y,Monthly subscription,Y
EXP-0002259,EMP-001827,2024-10-17,Meals,Vendor-100,SGD,14877.58,11009.41,0.74,PROJ-036,CC-0015,APPROVED,MGR-003,Y,Client visit,N
EXP-0002260,EMP-000163,2025-01-01,Training,Vendor-182,JPY,2805.01,18.79,0.0067,PROJ-032,CC-0010,APPROVED,MGR-003,Y,Monthly subscription,N
EXP-0002261,EMP-001073,2024-06-01,Client Entertainment,Vendor-195,JPY,6441.95,43.16,0.0067,PROJ-035,CC-0016,REJECTED,MGR-001,Y,Client visit,N
EXP-0002262,EMP-001286,2024-03-06,Client Entertainment,Vendor-28,INR,13236.86,158.84,0.012,PROJ-047,CC-0020,CANCELLED,MGR-001,Y,Client visit,N
EXP-0002263,EMP-000330,2024-05-19,Meals,Vendor-183,EUR,1241.54,1353.28,1.09,PROJ-015,CC-0019,PENDING,MGR-001,Y,,Y
EXP-0002264,EMP-001684,2024-05-05,Meals,Vendor-36,USD,6920.78,6920.78,1.0,PROJ-043,CC-0001,REJECTED,MGR-003,Y,,N
EXP-0002265,EMP-001892,2025-05-09,Travel-Hotel,Vendor-94,INR,6304.44,75.65,0.012,PROJ-043,CC-0009,APPROVED,MGR-003,Y,,N
EXP-0002266,EMP-000647,2025-03-03,Marketing Materials,Vendor-151,JPY,115.92,0.78,0.0067,PROJ-015,CC-0019,APPROVED,MGR-001,Y,,N
EXP-0002267,EMP-000821,2025-05-18,Training,Vendor-193,INR,6608.17,79.3,0.012,PROJ-026,CC-0012,CANCELLED,MGR-003,Y,Team lunch,N
EXP-0002268,EMP-000808,2024-02-17,Marketing Materials,Vendor-91,AUD,7215.06,4689.79,0.65,PROJ-009,CC-0001,REJECTED,MGR-003,N,,N
EXP-0002269,EMP-000657,2024-07-08,Travel-Hotel,Vendor-126,AUD,4949.69,3217.3,0.65,PROJ-024,CC-0002,REJECTED,MGR-003,Y,,Y
EXP-0002270,EMP-000959,2025-01-04,Client Entertainment,Vendor-190,SGD,14941.06,11056.38,0.74,PROJ-018,CC-0005,PENDING,MGR-001,Y,Conference attendance,N
EXP-0002271,EMP-001244,2024-06-23,Telecoms,Vendor-138,USD,6218.17,6218.17,1.0,PROJ-030,CC-0008,CANCELLED,MGR-003,Y,Conference attendance,Y
EXP-0002272,EMP-000287,2024-11-08,Office Supplies,Vendor-111,JPY,12008.09,80.45,0.0067,PROJ-013,CC-0019,APPROVED,MGR-001,N,Conference attendance,N
EXP-0002273,EMP-000183,2024-07-13,Telecoms,Vendor-62,CAD,843.59,624.26,0.74,PROJ-016,CC-0001,APPROVED,MGR-001,Y,,N
EXP-0002274,EMP-000516,2025-05-28,Marketing Materials,Vendor-83,USD,6013.25,6013.25,1.0,PROJ-022,CC-0017,CANCELLED,MGR-002,Y,Client visit,N
EXP-0002275,EMP-000805,2024-04-16,Software License,Vendor-20,INR,2310.66,27.73,0.012,PROJ-018,CC-0007,CANCELLED,MGR-003,Y,Monthly subscription,N
EXP-0002276,EMP-001072,2024-08-04,Software License,Vendor-19,SGD,10615.59,7855.54,0.74,PROJ-029,CC-0019,PENDING,MGR-003,Y,,Y
EXP-0002277,EMP-001985,2025-02-10,Office Supplies,Vendor-159,CAD,4929.4,3647.76,0.74,PROJ-028,CC-0008,PENDING,MGR-003,Y,,N
EXP-0002278,EMP-001339,2024-05-24,Software License,Vendor-175,AUD,1033.69,671.9,0.65,PROJ-025,CC-0002,APPROVED,MGR-003,Y,,N
EXP-0002279,EMP-000870,2024-11-09,Training,Vendor-108,EUR,3963.42,4320.13,1.09,PROJ-046,CC-0006,PENDING,MGR-002,Y,Client visit,N
EXP-0002280,EMP-000994,2025-04-13,Meals,Vendor-112,INR,12549.28,150.59,0.012,PROJ-031,CC-0019,APPROVED,MGR-001,Y,Client visit,N
EXP-0002281,EMP-000120,2024-11-16,Travel-Ground,Vendor-3,GBP,9104.7,11562.97,1.27,PROJ-013,CC-0018,CANCELLED,MGR-001,Y,Client visit,Y
EXP-0002282,EMP-001172,2024-02-12,Client Entertainment,Vendor-91,INR,9557.76,114.69,0.012,PROJ-047,CC-0013,PENDING,MGR-002,Y,Team lunch,Y
EXP-0002283,EMP-000801,2024-12-10,Office Supplies,Vendor-105,EUR,544.41,593.41,1.09,PROJ-014,CC-0008,PENDING,MGR-003,Y,Conference attendance,Y
EXP-0002284,EMP-000270,2025-01-27,Travel-Ground,Vendor-83,AUD,2837.27,1844.23,0.65,PROJ-016,CC-0018,APPROVED,MGR-002,Y,Client visit,Y
EXP-0002285,EMP-001935,2025-06-23,Client Entertainment,Vendor-17,SGD,4715.04,3489.13,0.74,PROJ-044,CC-0009,PENDING,MGR-001,N,Monthly subscription,N
EXP-0002286,EMP-000710,2024-02-20,Training,Vendor-72,CAD,11297.82,8360.39,0.74,PROJ-024,CC-0001,PENDING,MGR-003,N,Client visit,Y
EXP-0002287,EMP-000543,2024-10-03,Travel-Air,Vendor-78,SGD,376.41,278.54,0.74,PROJ-013,CC-0003,APPROVED,MGR-003,Y,Team lunch,N
EXP-0002288,EMP-000357,2024-08-29,Software License,Vendor-180,GBP,10042.43,12753.89,1.27,PROJ-045,CC-0008,PENDING,MGR-002,Y,,Y
EXP-0002289,EMP-000703,2024-09-20,Training,Vendor-102,SGD,6548.12,4845.61,0.74,PROJ-005,CC-0015,PENDING,MGR-002,Y,Team lunch,Y
EXP-0002290,EMP-001142,2024-04-19,Client Entertainment,Vendor-120,INR,4814.15,57.77,0.012,PROJ-007,CC-0006,CANCELLED,MGR-002,Y,Conference attendance,N
EXP-0002291,EMP-001636,2024-05-10,Telecoms,Vendor-69,CAD,8705.66,6442.19,0.74,PROJ-012,CC-0015,APPROVED,MGR-001,Y,Monthly subscription,Y
EXP-0002292,EMP-000522,2024-08-15,Meals,Vendor-146,GBP,3123.33,3966.63,1.27,PROJ-004,CC-0014,PENDING,MGR-002,Y,,Y
EXP-0002293,EMP-000970,2024-07-12,Meals,Vendor-181,AUD,12187.22,7921.69,0.65,PROJ-037,CC-0003,PENDING,MGR-003,Y,Client visit,N
EXP-0002294,EMP-000225,2024-05-31,Training,Vendor-89,GBP,10332.95,13122.85,1.27,PROJ-039,CC-0008,REJECTED,MGR-002,Y,,Y
EXP-0002295,EMP-000173,2024-04-01,Office Supplies,Vendor-173,AUD,12032.6,7821.19,0.65,PROJ-012,CC-0006,APPROVED,MGR-003,Y,,N
EXP-0002296,EMP-001469,2024-10-09,Client Entertainment,Vendor-49,GBP,697.41,885.71,1.27,PROJ-026,CC-0009,PENDING,MGR-002,Y,Monthly subscription,N
EXP-0002297,EMP-001534,2025-03-04,Telecoms,Vendor-24,CAD,12357.45,9144.51,0.74,PROJ-017,CC-0005,PENDING,MGR-003,Y,,Y
EXP-0002298,EMP-000339,2025-03-28,Office Supplies,Vendor-184,SGD,9442.48,6987.44,0.74,PROJ-033,CC-0008,REJECTED,MGR-001,Y,,Y
EXP-0002299,EMP-000655,2025-05-08,Travel-Hotel,Vendor-15,SGD,13826.89,10231.9,0.74,PROJ-039,CC-0007,PENDING,MGR-003,Y,Client visit,Y
EXP-0002300,EMP-000089,2024-03-02,Office Supplies,Vendor-55,USD,663.53,663.53,1.0,PROJ-041,CC-0005,REJECTED,MGR-003,Y,,N
EXP-0002301,EMP-000581,2025-02-16,Software License,Vendor-142,SGD,13271.78,9821.12,0.74,PROJ-027,CC-0004,CANCELLED,MGR-001,Y,Team lunch,Y
EXP-0002302,EMP-001646,2025-03-07,Meals,Vendor-57,CAD,4346.53,3216.43,0.74,PROJ-012,CC-0010,CANCELLED,MGR-002,Y,,N
EXP-0002303,EMP-001534,2025-02-24,Meals,Vendor-86,GBP,5019.43,6374.68,1.27,PROJ-008,CC-0015,REJECTED,MGR-002,N,Monthly subscription,Y
EXP-0002304,EMP-001494,2025-05-26,Office Supplies,Vendor-146,INR,1632.3,19.59,0.012,PROJ-044,CC-0013,REJECTED,MGR-003,Y,,N
EXP-0002305,EMP-000026,2024-02-12,Meals,Vendor-181,INR,11838.15,142.06,0.012,PROJ-015,CC-0015,REJECTED,MGR-001,N,,N
EXP-0002306,EMP-001306,2024-05-23,Travel-Hotel,Vendor-3,AUD,7742.4,5032.56,0.65,PROJ-037,CC-0006,PENDING,MGR-001,Y,Conference attendance,N
EXP-0002307,EMP-001880,2025-01-12,Meals,Vendor-117,INR,5303.37,63.64,0.012,PROJ-042,CC-0005,PENDING,MGR-002,Y,Team lunch,Y
EXP-0002308,EMP-000295,2025-03-15,Client Entertainment,Vendor-55,AUD,1060.6,689.39,0.65,PROJ-004,CC-0006,CANCELLED,MGR-001,Y,Client visit,N
EXP-0002309,EMP-001146,2024-05-26,Travel-Hotel,Vendor-5,EUR,2692.28,2934.59,1.09,PROJ-040,CC-0007,REJECTED,MGR-003,N,Monthly subscription,Y
EXP-0002310,EMP-001307,2025-01-13,Travel-Air,Vendor-23,EUR,2501.27,2726.38,1.09,PROJ-046,CC-0010,CANCELLED,MGR-001,Y,Conference attendance,N
EXP-0002311,EMP-001368,2024-12-02,Meals,Vendor-155,JPY,10156.3,68.05,0.0067,PROJ-004,CC-0018,CANCELLED,MGR-003,N,,N
EXP-0002312,EMP-001408,2024-01-25,Travel-Air,Vendor-113,SGD,6049.09,4476.33,0.74,PROJ-033,CC-0005,REJECTED,MGR-002,Y,Team lunch,N
EXP-0002313,EMP-001409,2024-08-15,Office Supplies,Vendor-176,JPY,9117.42,61.09,0.0067,PROJ-001,CC-0019,REJECTED,MGR-001,Y,,Y
EXP-0002314,EMP-000034,2024-11-30,Software License,Vendor-149,INR,13582.27,162.99,0.012,PROJ-012,CC-0011,CANCELLED,MGR-001,Y,Client visit,N
EXP-0002315,EMP-001742,2024-05-29,Meals,Vendor-200,JPY,8487.83,56.87,0.0067,PROJ-010,CC-0011,CANCELLED,MGR-003,N,Team lunch,Y
EXP-0002316,EMP-001807,2025-02-26,Marketing Materials,Vendor-184,AUD,10770.42,7000.77,0.65,PROJ-039,CC-0006,CANCELLED,MGR-001,Y,Team lunch,Y
EXP-0002317,EMP-001393,2024-09-03,Client Entertainment,Vendor-164,CAD,11716.55,8670.25,0.74,PROJ-017,CC-0014,CANCELLED,MGR-002,Y,Conference attendance,N
EXP-0002318,EMP-000611,2025-01-30,Travel-Hotel,Vendor-140,GBP,14060.74,17857.14,1.27,PROJ-004,CC-0013,CANCELLED,MGR-001,Y,,N
EXP-0002319,EMP-000514,2024-09-17,Travel-Air,Vendor-194,EUR,4084.87,4452.51,1.09,PROJ-016,CC-0020,REJECTED,MGR-001,Y,,N
EXP-0002320,EMP-000471,2024-11-02,Client Entertainment,Vendor-13,JPY,12002.03,80.41,0.0067,PROJ-036,CC-0018,PENDING,MGR-003,N,Conference attendance,Y
EXP-0002321,EMP-001187,2024-07-14,Client Entertainment,Vendor-121,USD,1828.36,1828.36,1.0,PROJ-027,CC-0019,APPROVED,MGR-001,N,Team lunch,N
EXP-0002322,EMP-001250,2024-01-03,Travel-Hotel,Vendor-199,CAD,9478.25,7013.9,0.74,PROJ-044,CC-0006,PENDING,MGR-001,Y,Team lunch,Y
EXP-0002323,EMP-000752,2024-07-03,Travel-Air,Vendor-2,GBP,7522.6,9553.7,1.27,PROJ-041,CC-0005,PENDING,MGR-003,Y,Monthly subscription,Y
EXP-0002324,EMP-000400,2024-09-05,Office Supplies,Vendor-164,CAD,1107.21,819.34,0.74,PROJ-049,CC-0007,APPROVED,MGR-002,Y,,Y
EXP-0002325,EMP-000094,2024-07-06,Meals,Vendor-32,GBP,2527.74,3210.23,1.27,PROJ-036,CC-0020,CANCELLED,MGR-002,N,Conference attendance,Y
EXP-0002326,EMP-001238,2024-01-19,Meals,Vendor-26,EUR,9340.15,10180.76,1.09,PROJ-043,CC-0015,CANCELLED,MGR-003,Y,Team lunch,Y
EXP-0002327,EMP-001414,2024-04-17,Telecoms,Vendor-164,USD,10490.35,10490.35,1.0,PROJ-049,CC-0003,CANCELLED,MGR-002,Y,Client visit,Y
EXP-0002328,EMP-001085,2024-09-01,Client Entertainment,Vendor-56,AUD,12750.54,8287.85,0.65,PROJ-033,CC-0016,APPROVED,MGR-002,Y,Monthly subscription,N
EXP-0002329,EMP-001268,2024-04-28,Travel-Hotel,Vendor-120,SGD,4573.63,3384.49,0.74,PROJ-041,CC-0002,CANCELLED,MGR-001,N,Team lunch,Y
EXP-0002330,EMP-001729,2024-09-17,Travel-Air,Vendor-12,EUR,13592.64,14815.98,1.09,PROJ-040,CC-0008,APPROVED,MGR-003,N,Monthly subscription,Y
EXP-0002331,EMP-000344,2024-04-25,Office Supplies,Vendor-171,EUR,12562.26,13692.86,1.09,PROJ-044,CC-0001,APPROVED,MGR-002,N,Client visit,N
EXP-0002332,EMP-000285,2024-12-24,Travel-Ground,Vendor-183,GBP,8200.3,10414.38,1.27,PROJ-029,CC-0013,PENDING,MGR-002,N,,Y
EXP-0002333,EMP-000229,2024-04-11,Office Supplies,Vendor-120,EUR,1332.98,1452.95,1.09,PROJ-037,CC-0012,REJECTED,MGR-001,N,Client visit,N
EXP-0002334,EMP-000208,2024-03-26,Office Supplies,Vendor-115,SGD,10197.7,7546.3,0.74,PROJ-033,CC-0004,APPROVED,MGR-002,Y,,N
EXP-0002335,EMP-000015,2024-07-02,Software License,Vendor-25,EUR,14296.74,15583.45,1.09,PROJ-022,CC-0007,CANCELLED,MGR-002,N,Team lunch,N
EXP-0002336,EMP-000350,2024-06-24,Travel-Air,Vendor-158,CAD,11697.91,8656.45,0.74,PROJ-037,CC-0010,APPROVED,MGR-002,Y,Client visit,Y
EXP-0002337,EMP-000025,2025-01-04,Meals,Vendor-20,AUD,14181.9,9218.24,0.65,PROJ-039,CC-0017,REJECTED,MGR-001,Y,,N
EXP-0002338,EMP-001629,2024-11-23,Travel-Air,Vendor-136,USD,6715.91,6715.91,1.0,PROJ-017,CC-0017,REJECTED,MGR-001,Y,Team lunch,N
EXP-0002339,EMP-001601,2025-05-23,Marketing Materials,Vendor-65,SGD,943.65,698.3,0.74,PROJ-028,CC-0015,CANCELLED,MGR-001,Y,,Y
EXP-0002340,EMP-000805,2024-10-06,Client Entertainment,Vendor-11,USD,9759.67,9759.67,1.0,PROJ-022,CC-0017,PENDING,MGR-002,Y,,Y
EXP-0002341,EMP-000335,2025-03-28,Travel-Ground,Vendor-117,GBP,7468.28,9484.72,1.27,PROJ-042,CC-0020,CANCELLED,MGR-001,N,,Y
EXP-0002342,EMP-001413,2024-08-29,Travel-Ground,Vendor-3,USD,1775.89,1775.89,1.0,PROJ-024,CC-0004,APPROVED,MGR-001,Y,Client visit,N
EXP-0002343,EMP-000401,2025-01-27,Marketing Materials,Vendor-8,USD,6413.39,6413.39,1.0,PROJ-005,CC-0020,APPROVED,MGR-002,Y,Client visit,N
EXP-0002344,EMP-000132,2024-03-08,Training,Vendor-164,USD,6024.43,6024.43,1.0,PROJ-046,CC-0009,CANCELLED,MGR-001,Y,Team lunch,Y
EXP-0002345,EMP-000721,2025-03-26,Telecoms,Vendor-112,JPY,4080.03,27.34,0.0067,PROJ-033,CC-0018,CANCELLED,MGR-001,Y,Client visit,N
EXP-0002346,EMP-001353,2024-01-26,Client Entertainment,Vendor-163,USD,6722.99,6722.99,1.0,PROJ-020,CC-0018,APPROVED,MGR-001,Y,,Y
EXP-0002347,EMP-001543,2024-10-07,Software License,Vendor-179,GBP,1505.98,1912.59,1.27,PROJ-027,CC-0016,CANCELLED,MGR-002,Y,Team lunch,Y
EXP-0002348,EMP-001157,2025-02-12,Travel-Air,Vendor-25,INR,1947.4,23.37,0.012,PROJ-031,CC-0002,PENDING,MGR-001,Y,Team lunch,N
EXP-0002349,EMP-001843,2025-05-09,Training,Vendor-195,INR,1135.77,13.63,0.012,PROJ-003,CC-0005,PENDING,MGR-003,N,,Y
EXP-0002350,EMP-000717,2024-08-23,Client Entertainment,Vendor-116,AUD,10562.49,6865.62,0.65,PROJ-033,CC-0006,CANCELLED,MGR-002,N,Monthly subscription,Y
EXP-0002351,EMP-001879,2024-12-27,Telecoms,Vendor-165,EUR,899.19,980.12,1.09,PROJ-045,CC-0006,REJECTED,MGR-003,Y,Client visit,N
EXP-0002352,EMP-000940,2024-06-24,Telecoms,Vendor-156,SGD,2628.03,1944.74,0.74,PROJ-013,CC-0007,REJECTED,MGR-003,Y,,Y
EXP-0002353,EMP-000523,2024-01-31,Telecoms,Vendor-63,EUR,10503.42,11448.73,1.09,PROJ-037,CC-0017,CANCELLED,MGR-003,Y,Client visit,N
EXP-0002354,EMP-000586,2024-09-29,Travel-Ground,Vendor-174,JPY,4299.87,28.81,0.0067,PROJ-030,CC-0008,PENDING,MGR-002,Y,,N
EXP-0002355,EMP-001235,2024-03-20,Marketing Materials,Vendor-188,EUR,10654.59,11613.5,1.09,PROJ-036,CC-0014,CANCELLED,MGR-002,N,Client visit,N
EXP-0002356,EMP-001775,2024-08-19,Meals,Vendor-80,CAD,5009.02,3706.67,0.74,PROJ-001,CC-0013,PENDING,MGR-001,Y,Team lunch,N
EXP-0002357,EMP-001597,2024-03-01,Travel-Hotel,Vendor-68,CAD,3695.19,2734.44,0.74,PROJ-045,CC-0005,APPROVED,MGR-002,Y,,Y
EXP-0002358,EMP-000704,2024-06-30,Office Supplies,Vendor-55,AUD,13234.76,8602.59,0.65,PROJ-026,CC-0006,CANCELLED,MGR-001,N,Client visit,N
EXP-0002359,EMP-000566,2024-09-29,Software License,Vendor-93,SGD,492.0,364.08,0.74,PROJ-046,CC-0004,REJECTED,MGR-001,Y,Monthly subscription,Y
EXP-0002360,EMP-000957,2024-12-13,Client Entertainment,Vendor-148,GBP,1171.67,1488.02,1.27,PROJ-017,CC-0010,REJECTED,MGR-002,Y,Client visit,Y
EXP-0002361,EMP-001281,2024-11-03,Office Supplies,Vendor-61,AUD,2702.68,1756.74,0.65,PROJ-033,CC-0004,REJECTED,MGR-001,N,,Y
EXP-0002362,EMP-000836,2024-10-06,Training,Vendor-165,GBP,14680.75,18644.55,1.27,PROJ-040,CC-0006,REJECTED,MGR-003,Y,Monthly subscription,Y
EXP-0002363,EMP-000904,2024-07-28,Software License,Vendor-55,SGD,2611.21,1932.3,0.74,PROJ-042,CC-0020,CANCELLED,MGR-002,Y,Monthly subscription,Y
EXP-0002364,EMP-000648,2024-05-02,Client Entertainment,Vendor-95,USD,926.72,926.72,1.0,PROJ-042,CC-0003,PENDING,MGR-002,Y,,Y
EXP-0002365,EMP-001962,2025-04-21,Marketing Materials,Vendor-44,CAD,740.26,547.79,0.74,PROJ-017,CC-0011,PENDING,MGR-001,Y,,Y
EXP-0002366,EMP-000615,2024-09-01,Training,Vendor-137,EUR,3772.4,4111.92,1.09,PROJ-041,CC-0013,PENDING,MGR-002,N,,Y
EXP-0002367,EMP-001295,2025-03-01,Travel-Air,Vendor-109,GBP,13814.53,17544.45,1.27,PROJ-027,CC-0019,CANCELLED,MGR-001,Y,Team lunch,N
EXP-0002368,EMP-001871,2024-11-12,Telecoms,Vendor-27,CAD,11251.77,8326.31,0.74,PROJ-010,CC-0003,CANCELLED,MGR-003,Y,Team lunch,N
EXP-0002369,EMP-001740,2024-09-29,Training,Vendor-22,USD,6376.86,6376.86,1.0,PROJ-023,CC-0019,APPROVED,MGR-001,Y,Client visit,N
EXP-0002370,EMP-000392,2024-03-24,Office Supplies,Vendor-12,USD,2090.51,2090.51,1.0,PROJ-001,CC-0009,APPROVED,MGR-001,Y,Client visit,N
EXP-0002371,EMP-000232,2024-06-25,Travel-Air,Vendor-142,CAD,9586.69,7094.15,0.74,PROJ-026,CC-0003,REJECTED,MGR-003,Y,Client visit,N
EXP-0002372,EMP-001267,2025-02-08,Office Supplies,Vendor-159,USD,12758.5,12758.5,1.0,PROJ-039,CC-0015,REJECTED,MGR-001,Y,Conference attendance,Y
EXP-0002373,EMP-001717,2024-10-03,Travel-Ground,Vendor-66,AUD,1280.81,832.53,0.65,PROJ-026,CC-0001,CANCELLED,MGR-001,Y,Client visit,Y
EXP-0002374,EMP-000725,2025-01-12,Travel-Ground,Vendor-133,JPY,1025.27,6.87,0.0067,PROJ-046,CC-0011,REJECTED,MGR-002,Y,,N
EXP-0002375,EMP-001544,2025-05-16,Telecoms,Vendor-129,JPY,3207.97,21.49,0.0067,PROJ-011,CC-0019,PENDING,MGR-001,Y,Monthly subscription,N
EXP-0002376,EMP-001352,2024-08-01,Office Supplies,Vendor-114,SGD,8625.97,6383.22,0.74,PROJ-028,CC-0001,CANCELLED,MGR-002,Y,Conference attendance,N
EXP-0002377,EMP-001495,2024-04-15,Software License,Vendor-2,CAD,9082.61,6721.13,0.74,PROJ-050,CC-0009,PENDING,MGR-003,Y,Client visit,N
EXP-0002378,EMP-001792,2024-05-16,Marketing Materials,Vendor-92,JPY,11133.7,74.6,0.0067,PROJ-050,CC-0018,CANCELLED,MGR-003,Y,Team lunch,Y
EXP-0002379,EMP-000630,2025-04-24,Office Supplies,Vendor-5,JPY,3180.07,21.31,0.0067,PROJ-032,CC-0011,APPROVED,MGR-001,Y,Conference attendance,Y
EXP-0002380,EMP-000339,2024-05-20,Office Supplies,Vendor-80,AUD,1951.66,1268.58,0.65,PROJ-042,CC-0010,APPROVED,MGR-003,Y,Client visit,N
EXP-0002381,EMP-000125,2025-05-28,Software License,Vendor-156,INR,8740.59,104.89,0.012,PROJ-041,CC-0008,REJECTED,MGR-002,Y,Client visit,N
EXP-0002382,EMP-001313,2024-09-07,Training,Vendor-198,EUR,12018.54,13100.21,1.09,PROJ-030,CC-0019,REJECTED,MGR-001,Y,,N
EXP-0002383,EMP-000661,2025-04-14,Meals,Vendor-125,INR,11603.88,139.25,0.012,PROJ-017,CC-0018,REJECTED,MGR-003,N,Monthly subscription,Y
EXP-0002384,EMP-000678,2024-10-24,Office Supplies,Vendor-118,EUR,2566.28,2797.25,1.09,PROJ-038,CC-0002,APPROVED,MGR-003,Y,Monthly subscription,Y
EXP-0002385,EMP-001207,2024-06-28,Telecoms,Vendor-71,EUR,12780.25,13930.47,1.09,PROJ-037,CC-0014,REJECTED,MGR-001,N,,N
EXP-0002386,EMP-001789,2024-02-24,Travel-Ground,Vendor-16,SGD,3829.38,2833.74,0.74,PROJ-015,CC-0017,REJECTED,MGR-002,Y,Team lunch,Y
EXP-0002387,EMP-001556,2024-04-01,Software License,Vendor-147,USD,8408.46,8408.46,1.0,PROJ-046,CC-0003,PENDING,MGR-002,N,Team lunch,N
EXP-0002388,EMP-000454,2024-12-14,Travel-Hotel,Vendor-182,SGD,13335.25,9868.08,0.74,PROJ-013,CC-0020,CANCELLED,MGR-002,N,Monthly subscription,Y
EXP-0002389,EMP-000640,2024-05-13,Office Supplies,Vendor-192,AUD,6264.29,4071.79,0.65,PROJ-011,CC-0001,REJECTED,MGR-001,Y,Client visit,Y
EXP-0002390,EMP-000419,2024-09-26,Office Supplies,Vendor-20,JPY,11861.15,79.47,0.0067,PROJ-005,CC-0017,CANCELLED,MGR-003,Y,Client visit,N
EXP-0002391,EMP-001333,2025-01-26,Software License,Vendor-155,EUR,7823.98,8528.14,1.09,PROJ-013,CC-0007,APPROVED,MGR-002,Y,,Y
EXP-0002392,EMP-001812,2025-01-28,Travel-Air,Vendor-63,SGD,1284.58,950.59,0.74,PROJ-013,CC-0008,APPROVED,MGR-003,Y,Monthly subscription,N
EXP-0002393,EMP-000618,2024-09-12,Office Supplies,Vendor-168,GBP,7941.82,10086.11,1.27,PROJ-028,CC-0002,PENDING,MGR-003,Y,,Y
EXP-0002394,EMP-001865,2024-02-19,Travel-Ground,Vendor-176,GBP,3345.55,4248.85,1.27,PROJ-005,CC-0002,PENDING,MGR-002,Y,,N
EXP-0002395,EMP-001604,2025-04-19,Training,Vendor-62,SGD,14093.74,10429.37,0.74,PROJ-027,CC-0011,CANCELLED,MGR-002,Y,Monthly subscription,N
EXP-0002396,EMP-001814,2024-02-29,Meals,Vendor-65,AUD,4969.05,3229.88,0.65,PROJ-033,CC-0004,REJECTED,MGR-003,Y,Client visit,N
EXP-0002397,EMP-000104,2024-05-23,Office Supplies,Vendor-160,GBP,1627.1,2066.42,1.27,PROJ-014,CC-0019,REJECTED,MGR-002,N,Client visit,Y
EXP-0002398,EMP-000511,2024-07-12,Travel-Hotel,Vendor-53,EUR,2890.19,3150.31,1.09,PROJ-024,CC-0003,REJECTED,MGR-003,Y,Monthly subscription,Y
EXP-0002399,EMP-000772,2024-09-13,Travel-Air,Vendor-111,SGD,352.34,260.73,0.74,PROJ-009,CC-0014,APPROVED,MGR-002,Y,Monthly subscription,Y
EXP-0002400,EMP-000253,2024-10-31,Client Entertainment,Vendor-130,INR,9487.31,113.85,0.012,PROJ-031,CC-0014,PENDING,MGR-001,Y,Monthly subscription,Y
EXP-0002401,EMP-000929,2025-04-09,Meals,Vendor-14,AUD,9916.93,6446.0,0.65,PROJ-012,CC-0019,REJECTED,MGR-001,Y,,N
EXP-0002402,EMP-000707,2024-06-20,Travel-Air,Vendor-41,SGD,13774.22,10192.92,0.74,PROJ-015,CC-0012,PENDING,MGR-002,Y,Conference attendance,Y
EXP-0002403,EMP-001100,2024-09-27,Marketing Materials,Vendor-197,INR,8197.51,98.37,0.012,PROJ-036,CC-0020,APPROVED,MGR-003,Y,,N
EXP-0002404,EMP-001486,2024-12-07,Telecoms,Vendor-150,GBP,5767.56,7324.8,1.27,PROJ-005,CC-0019,REJECTED,MGR-002,Y,,N
EXP-0002405,EMP-001572,2024-11-25,Travel-Ground,Vendor-61,AUD,6494.06,4221.14,0.65,PROJ-038,CC-0001,APPROVED,MGR-002,Y,Monthly subscription,Y
EXP-0002406,EMP-001795,2025-06-22,Office Supplies,Vendor-127,AUD,13096.61,8512.8,0.65,PROJ-035,CC-0012,REJECTED,MGR-002,Y,Conference attendance,Y
EXP-0002407,EMP-001227,2024-12-20,Travel-Air,Vendor-32,SGD,11433.77,8460.99,0.74,PROJ-044,CC-0010,CANCELLED,MGR-002,Y,,Y
EXP-0002408,EMP-001554,2024-12-17,Travel-Air,Vendor-191,JPY,7356.49,49.29,0.0067,PROJ-009,CC-0017,APPROVED,MGR-001,Y,,Y
EXP-0002409,EMP-001457,2024-02-03,Training,Vendor-62,SGD,7258.53,5371.31,0.74,PROJ-018,CC-0014,APPROVED,MGR-003,N,Conference attendance,N
EXP-0002410,EMP-000611,2024-01-13,Training,Vendor-151,GBP,3331.19,4230.61,1.27,PROJ-040,CC-0005,APPROVED,MGR-002,Y,Monthly subscription,N
EXP-0002411,EMP-001000,2024-12-19,Client Entertainment,Vendor-166,INR,12647.05,151.76,0.012,PROJ-012,CC-0017,PENDING,MGR-001,Y,Team lunch,N
EXP-0002412,EMP-001393,2024-02-23,Office Supplies,Vendor-101,GBP,14392.48,18278.45,1.27,PROJ-034,CC-0017,APPROVED,MGR-002,Y,,N
EXP-0002413,EMP-000748,2025-03-01,Office Supplies,Vendor-21,GBP,10391.6,13197.33,1.27,PROJ-027,CC-0014,REJECTED,MGR-001,N,Team lunch,Y
EXP-0002414,EMP-001310,2024-01-15,Software License,Vendor-146,JPY,3770.75,25.26,0.0067,PROJ-024,CC-0011,APPROVED,MGR-003,Y,Conference attendance,Y
EXP-0002415,EMP-000685,2025-03-01,Meals,Vendor-48,CAD,3113.68,2304.12,0.74,PROJ-009,CC-0009,REJECTED,MGR-001,N,Monthly subscription,N
EXP-0002416,EMP-000264,2024-03-24,Travel-Ground,Vendor-165,JPY,1019.97,6.83,0.0067,PROJ-046,CC-0014,CANCELLED,MGR-003,Y,,N
EXP-0002417,EMP-001077,2025-05-08,Telecoms,Vendor-193,SGD,8306.16,6146.56,0.74,PROJ-033,CC-0020,CANCELLED,MGR-003,N,Conference attendance,N
EXP-0002418,EMP-000332,2025-05-21,Travel-Air,Vendor-67,CAD,886.24,655.82,0.74,PROJ-046,CC-0007,CANCELLED,MGR-003,N,Client visit,N
EXP-0002419,EMP-000273,2024-08-28,Travel-Air,Vendor-31,GBP,6335.12,8045.6,1.27,PROJ-009,CC-0016,REJECTED,MGR-002,Y,Conference attendance,N
EXP-0002420,EMP-000222,2024-04-02,Telecoms,Vendor-129,JPY,3064.95,20.54,0.0067,PROJ-028,CC-0008,CANCELLED,MGR-003,Y,,N
EXP-0002421,EMP-000796,2024-01-05,Office Supplies,Vendor-39,INR,3401.07,40.81,0.012,PROJ-012,CC-0007,APPROVED,MGR-002,N,Monthly subscription,N
EXP-0002422,EMP-001510,2024-12-27,Training,Vendor-117,SGD,3099.22,2293.42,0.74,PROJ-024,CC-0013,REJECTED,MGR-001,Y,Conference attendance,Y
EXP-0002423,EMP-001717,2024-02-06,Meals,Vendor-191,AUD,13199.29,8579.54,0.65,PROJ-011,CC-0016,PENDING,MGR-001,N,Client visit,N
EXP-0002424,EMP-000624,2025-01-25,Meals,Vendor-192,EUR,10644.63,11602.65,1.09,PROJ-021,CC-0005,PENDING,MGR-002,Y,Conference attendance,Y
EXP-0002425,EMP-000498,2024-01-04,Office Supplies,Vendor-173,EUR,202.87,221.13,1.09,PROJ-046,CC-0019,REJECTED,MGR-003,Y,Client visit,Y
EXP-0002426,EMP-001331,2024-03-06,Travel-Hotel,Vendor-25,INR,3006.06,36.07,0.012,PROJ-042,CC-0006,APPROVED,MGR-002,Y,,Y
EXP-0002427,EMP-000869,2025-01-29,Office Supplies,Vendor-59,CAD,9566.84,7079.46,0.74,PROJ-026,CC-0020,REJECTED,MGR-002,N,,Y
EXP-0002428,EMP-001949,2024-11-30,Telecoms,Vendor-132,CAD,2383.9,1764.09,0.74,PROJ-018,CC-0011,APPROVED,MGR-001,N,,N
EXP-0002429,EMP-001368,2024-10-11,Travel-Air,Vendor-58,USD,10759.71,10759.71,1.0,PROJ-032,CC-0012,PENDING,MGR-002,N,,Y
EXP-0002430,EMP-000514,2024-12-17,Travel-Ground,Vendor-177,CAD,2337.95,1730.08,0.74,PROJ-029,CC-0011,CANCELLED,MGR-002,Y,,N
EXP-0002431,EMP-001697,2024-09-12,Travel-Air,Vendor-95,USD,12201.24,12201.24,1.0,PROJ-026,CC-0017,CANCELLED,MGR-003,Y,Team lunch,Y
EXP-0002432,EMP-001583,2025-02-11,Software License,Vendor-39,EUR,10518.12,11464.75,1.09,PROJ-019,CC-0020,REJECTED,MGR-003,Y,,N
EXP-0002433,EMP-001228,2025-06-01,Meals,Vendor-130,EUR,11991.84,13071.11,1.09,PROJ-033,CC-0006,APPROVED,MGR-003,Y,Monthly subscription,Y
EXP-0002434,EMP-000905,2025-05-23,Office Supplies,Vendor-69,AUD,8810.65,5726.92,0.65,PROJ-037,CC-0003,PENDING,MGR-002,Y,Team lunch,N
EXP-0002435,EMP-000710,2024-05-20,Marketing Materials,Vendor-43,SGD,6214.82,4598.97,0.74,PROJ-009,CC-0013,APPROVED,MGR-003,Y,,N
EXP-0002436,EMP-001960,2024-05-14,Telecoms,Vendor-79,USD,13341.66,13341.66,1.0,PROJ-036,CC-0009,REJECTED,MGR-001,Y,,N
EXP-0002437,EMP-001657,2025-02-23,Office Supplies,Vendor-20,SGD,7209.07,5334.71,0.74,PROJ-047,CC-0008,CANCELLED,MGR-002,Y,Conference attendance,Y
EXP-0002438,EMP-001218,2024-12-20,Office Supplies,Vendor-191,GBP,10464.62,13290.07,1.27,PROJ-029,CC-0017,PENDING,MGR-001,N,,N
EXP-0002439,EMP-000032,2024-04-29,Telecoms,Vendor-200,CAD,5760.51,4262.78,0.74,PROJ-019,CC-0003,PENDING,MGR-003,Y,Conference attendance,N
EXP-0002440,EMP-001588,2024-12-01,Meals,Vendor-105,JPY,1600.08,10.72,0.0067,PROJ-003,CC-0017,CANCELLED,MGR-003,Y,Team lunch,Y
EXP-0002441,EMP-000060,2024-08-16,Meals,Vendor-141,USD,10037.43,10037.43,1.0,PROJ-036,CC-0004,APPROVED,MGR-001,Y,,N
EXP-0002442,EMP-000878,2024-08-13,Training,Vendor-42,JPY,12787.88,85.68,0.0067,PROJ-002,CC-0007,CANCELLED,MGR-001,Y,Monthly subscription,Y
EXP-0002443,EMP-000990,2024-01-01,Training,Vendor-164,JPY,5430.34,36.38,0.0067,PROJ-007,CC-0019,APPROVED,MGR-002,Y,,N
EXP-0002444,EMP-001719,2024-07-17,Telecoms,Vendor-105,SGD,12084.88,8942.81,0.74,PROJ-032,CC-0016,APPROVED,MGR-002,Y,Team lunch,N
EXP-0002445,EMP-000156,2025-02-05,Client Entertainment,Vendor-186,CAD,9019.54,6674.46,0.74,PROJ-039,CC-0001,REJECTED,MGR-002,Y,,N
EXP-0002446,EMP-000103,2024-12-28,Marketing Materials,Vendor-129,CAD,10783.04,7979.45,0.74,PROJ-028,CC-0018,APPROVED,MGR-001,N,Monthly subscription,Y
EXP-0002447,EMP-001208,2024-06-29,Office Supplies,Vendor-108,GBP,2057.61,2613.16,1.27,PROJ-009,CC-0011,REJECTED,MGR-002,Y,,Y
EXP-0002448,EMP-000627,2024-01-15,Travel-Hotel,Vendor-200,INR,7740.05,92.88,0.012,PROJ-019,CC-0013,APPROVED,MGR-002,Y,,Y
EXP-0002449,EMP-001877,2024-02-26,Travel-Air,Vendor-116,USD,393.38,393.38,1.0,PROJ-014,CC-0017,REJECTED,MGR-002,Y,Team lunch,Y
EXP-0002450,EMP-000580,2024-09-06,Office Supplies,Vendor-193,AUD,10929.68,7104.29,0.65,PROJ-037,CC-0008,APPROVED,MGR-003,Y,Conference attendance,Y
EXP-0002451,EMP-000652,2025-01-22,Training,Vendor-18,GBP,8619.91,10947.29,1.27,PROJ-034,CC-0008,PENDING,MGR-001,N,Conference attendance,N
EXP-0002452,EMP-001353,2024-09-16,Travel-Ground,Vendor-92,AUD,1896.53,1232.74,0.65,PROJ-041,CC-0003,APPROVED,MGR-001,Y,Client visit,N
EXP-0002453,EMP-000030,2024-10-27,Travel-Ground,Vendor-170,AUD,12898.69,8384.15,0.65,PROJ-037,CC-0010,APPROVED,MGR-001,Y,,N
EXP-0002454,EMP-000468,2024-05-22,Meals,Vendor-143,USD,10933.18,10933.18,1.0,PROJ-035,CC-0015,CANCELLED,MGR-002,Y,Team lunch,Y
EXP-0002455,EMP-001724,2025-06-20,Telecoms,Vendor-82,JPY,12472.55,83.57,0.0067,PROJ-005,CC-0007,REJECTED,MGR-001,N,,N
EXP-0002456,EMP-000588,2024-10-24,Meals,Vendor-6,CAD,8010.96,5928.11,0.74,PROJ-034,CC-0004,PENDING,MGR-002,N,Client visit,Y
EXP-0002457,EMP-000370,2025-01-29,Office Supplies,Vendor-63,SGD,10587.6,7834.82,0.74,PROJ-033,CC-0006,APPROVED,MGR-002,Y,Monthly subscription,N
EXP-0002458,EMP-000241,2024-08-15,Meals,Vendor-27,GBP,8268.46,10500.94,1.27,PROJ-005,CC-0016,CANCELLED,MGR-001,Y,Team lunch,N
EXP-0002459,EMP-001011,2024-03-14,Telecoms,Vendor-35,JPY,12634.82,84.65,0.0067,PROJ-046,CC-0018,PENDING,MGR-001,N,Conference attendance,Y
EXP-0002460,EMP-000897,2024-10-03,Travel-Air,Vendor-92,SGD,4800.65,3552.48,0.74,PROJ-033,CC-0020,PENDING,MGR-001,Y,Client visit,N
EXP-0002461,EMP-001002,2025-05-08,Travel-Hotel,Vendor-153,USD,5677.29,5677.29,1.0,PROJ-042,CC-0006,REJECTED,MGR-003,Y,,Y
EXP-0002462,EMP-001538,2025-04-21,Travel-Hotel,Vendor-49,JPY,4861.2,32.57,0.0067,PROJ-026,CC-0010,CANCELLED,MGR-002,Y,,N
EXP-0002463,EMP-000634,2024-11-19,Meals,Vendor-116,GBP,10418.82,13231.9,1.27,PROJ-023,CC-0006,REJECTED,MGR-002,Y,Monthly subscription,Y
EXP-0002464,EMP-000859,2024-02-19,Travel-Hotel,Vendor-134,INR,2101.04,25.21,0.012,PROJ-024,CC-0004,APPROVED,MGR-001,Y,,N
EXP-0002465,EMP-001613,2024-08-25,Marketing Materials,Vendor-89,SGD,13398.39,9914.81,0.74,PROJ-005,CC-0011,CANCELLED,MGR-002,Y,,N
EXP-0002466,EMP-001330,2025-01-12,Travel-Air,Vendor-170,SGD,14897.87,11024.42,0.74,PROJ-027,CC-0018,APPROVED,MGR-003,N,,Y
EXP-0002467,EMP-000458,2024-09-22,Office Supplies,Vendor-83,GBP,12893.62,16374.9,1.27,PROJ-045,CC-0002,PENDING,MGR-002,Y,,N
EXP-0002468,EMP-001282,2024-11-02,Software License,Vendor-97,USD,3736.88,3736.88,1.0,PROJ-013,CC-0008,PENDING,MGR-003,N,Client visit,N
EXP-0002469,EMP-001576,2024-11-24,Training,Vendor-14,INR,2084.72,25.02,0.012,PROJ-022,CC-0003,REJECTED,MGR-002,Y,,Y
EXP-0002470,EMP-001114,2024-01-08,Meals,Vendor-43,JPY,2893.75,19.39,0.0067,PROJ-018,CC-0005,CANCELLED,MGR-001,Y,Conference attendance,N
EXP-0002471,EMP-001410,2025-06-07,Office Supplies,Vendor-149,EUR,10731.7,11697.55,1.09,PROJ-030,CC-0009,CANCELLED,MGR-002,N,Client visit,N
EXP-0002472,EMP-001140,2024-12-18,Client Entertainment,Vendor-121,USD,3144.68,3144.68,1.0,PROJ-036,CC-0015,PENDING,MGR-002,Y,,Y
EXP-0002473,EMP-000318,2024-07-02,Telecoms,Vendor-72,GBP,11949.92,15176.4,1.27,PROJ-006,CC-0006,PENDING,MGR-001,Y,Team lunch,Y
EXP-0002474,EMP-001188,2024-09-13,Travel-Hotel,Vendor-129,INR,3617.39,43.41,0.012,PROJ-024,CC-0009,REJECTED,MGR-002,Y,Conference attendance,Y
EXP-0002475,EMP-001086,2024-09-01,Travel-Hotel,Vendor-67,INR,8086.2,97.03,0.012,PROJ-050,CC-0001,APPROVED,MGR-001,Y,Team lunch,Y
EXP-0002476,EMP-001874,2024-06-11,Marketing Materials,Vendor-39,USD,3053.35,3053.35,1.0,PROJ-028,CC-0016,PENDING,MGR-002,Y,,Y
EXP-0002477,EMP-001187,2025-01-24,Software License,Vendor-114,AUD,14757.97,9592.68,0.65,PROJ-007,CC-0014,CANCELLED,MGR-003,N,Conference attendance,Y
EXP-0002478,EMP-001626,2025-01-10,Travel-Air,Vendor-135,EUR,11694.12,12746.59,1.09,PROJ-027,CC-0006,CANCELLED,MGR-003,Y,Team lunch,N
EXP-0002479,EMP-000792,2024-02-21,Marketing Materials,Vendor-138,CAD,4477.86,3313.62,0.74,PROJ-012,CC-0007,APPROVED,MGR-003,N,Monthly subscription,N
EXP-0002480,EMP-001621,2024-10-23,Office Supplies,Vendor-120,EUR,7814.77,8518.1,1.09,PROJ-043,CC-0007,CANCELLED,MGR-001,Y,Team lunch,Y
EXP-0002481,EMP-001135,2024-10-27,Office Supplies,Vendor-11,CAD,256.53,189.83,0.74,PROJ-007,CC-0016,PENDING,MGR-003,Y,Client visit,Y
EXP-0002482,EMP-001436,2025-02-18,Client Entertainment,Vendor-156,CAD,14170.78,10486.38,0.74,PROJ-004,CC-0017,REJECTED,MGR-003,Y,Monthly subscription,Y
EXP-0002483,EMP-000491,2024-09-17,Meals,Vendor-175,GBP,6502.28,8257.9,1.27,PROJ-003,CC-0008,APPROVED,MGR-001,Y,Team lunch,N
EXP-0002484,EMP-000884,2024-07-02,Travel-Ground,Vendor-135,CAD,11531.37,8533.21,0.74,PROJ-018,CC-0012,REJECTED,MGR-002,Y,Monthly subscription,Y
EXP-0002485,EMP-001872,2025-01-22,Travel-Ground,Vendor-42,INR,6811.18,81.73,0.012,PROJ-037,CC-0012,APPROVED,MGR-001,Y,,N
EXP-0002486,EMP-000784,2025-02-28,Travel-Air,Vendor-190,JPY,1206.18,8.08,0.0067,PROJ-043,CC-0002,PENDING,MGR-002,Y,Monthly subscription,N
EXP-0002487,EMP-000906,2024-09-25,Telecoms,Vendor-169,USD,9560.76,9560.76,1.0,PROJ-022,CC-0007,APPROVED,MGR-003,Y,Client visit,N
EXP-0002488,EMP-000049,2025-03-02,Office Supplies,Vendor-161,AUD,1098.14,713.79,0.65,PROJ-032,CC-0018,REJECTED,MGR-002,Y,Client visit,Y
EXP-0002489,EMP-000115,2024-06-30,Client Entertainment,Vendor-40,GBP,6464.3,8209.66,1.27,PROJ-014,CC-0017,PENDING,MGR-002,Y,,N
EXP-0002490,EMP-001639,2024-03-10,Travel-Air,Vendor-176,USD,6919.12,6919.12,1.0,PROJ-030,CC-0006,REJECTED,MGR-001,N,Client visit,Y
EXP-0002491,EMP-001535,2024-02-01,Office Supplies,Vendor-112,INR,9584.02,115.01,0.012,PROJ-029,CC-0004,REJECTED,MGR-003,Y,Client visit,Y
EXP-0002492,EMP-001024,2024-03-23,Client Entertainment,Vendor-117,CAD,11645.29,8617.51,0.74,PROJ-037,CC-0011,REJECTED,MGR-002,Y,Client visit,Y
EXP-0002493,EMP-001186,2024-07-01,Travel-Ground,Vendor-2,AUD,11308.61,7350.6,0.65,PROJ-012,CC-0017,APPROVED,MGR-002,N,Conference attendance,N
EXP-0002494,EMP-000903,2025-02-05,Marketing Materials,Vendor-1,EUR,1668.83,1819.02,1.09,PROJ-008,CC-0006,CANCELLED,MGR-003,Y,Client visit,N
EXP-0002495,EMP-001555,2024-02-28,Training,Vendor-189,USD,12767.05,12767.05,1.0,PROJ-015,CC-0005,REJECTED,MGR-003,Y,Client visit,N
EXP-0002496,EMP-001676,2024-06-21,Software License,Vendor-12,CAD,822.11,608.36,0.74,PROJ-048,CC-0006,CANCELLED,MGR-002,Y,Client visit,Y
EXP-0002497,EMP-000577,2024-10-29,Travel-Air,Vendor-195,CAD,7592.37,5618.35,0.74,PROJ-044,CC-0008,CANCELLED,MGR-003,Y,Monthly subscription,N
EXP-0002498,EMP-001213,2024-09-29,Travel-Ground,Vendor-188,CAD,8945.9,6619.97,0.74,PROJ-036,CC-0012,APPROVED,MGR-001,N,Conference attendance,N
EXP-0002499,EMP-000589,2025-02-25,Meals,Vendor-33,AUD,12318.75,8007.19,0.65,PROJ-038,CC-0002,REJECTED,MGR-001,Y,Conference attendance,N
EXP-0002500,EMP-000686,2024-01-29,Software License,Vendor-31,SGD,9915.26,7337.29,0.74,PROJ-036,CC-0005,PENDING,MGR-002,Y,Client visit,Y
EXP-0002501,EMP-000990,2024-09-16,Client Entertainment,Vendor-66,USD,9218.19,9218.19,1.0,PROJ-031,CC-0019,PENDING,MGR-003,Y,,Y
EXP-0002502,EMP-001925,2024-09-14,Travel-Air,Vendor-8,SGD,1881.86,1392.58,0.74,PROJ-013,CC-0009,REJECTED,MGR-002,Y,,N
EXP-0002503,EMP-000997,2024-08-01,Training,Vendor-76,INR,10116.38,121.4,0.012,PROJ-050,CC-0009,CANCELLED,MGR-002,Y,Conference attendance,N
EXP-0002504,EMP-000776,2024-02-29,Client Entertainment,Vendor-121,EUR,3294.64,3591.16,1.09,PROJ-017,CC-0004,PENDING,MGR-001,Y,,Y
EXP-0002505,EMP-001217,2024-08-03,Marketing Materials,Vendor-164,CAD,6550.98,4847.73,0.74,PROJ-010,CC-0012,PENDING,MGR-003,Y,Conference attendance,N
EXP-0002506,EMP-001585,2025-01-08,Travel-Hotel,Vendor-103,CAD,8717.15,6450.69,0.74,PROJ-002,CC-0005,CANCELLED,MGR-003,Y,Team lunch,N
EXP-0002507,EMP-001881,2025-03-16,Office Supplies,Vendor-144,INR,1994.66,23.94,0.012,PROJ-019,CC-0018,APPROVED,MGR-001,Y,Team lunch,Y
EXP-0002508,EMP-000143,2025-04-15,Software License,Vendor-39,JPY,7053.51,47.26,0.0067,PROJ-017,CC-0018,APPROVED,MGR-001,Y,Client visit,N
EXP-0002509,EMP-000321,2025-06-11,Meals,Vendor-194,JPY,13297.23,89.09,0.0067,PROJ-040,CC-0008,APPROVED,MGR-001,Y,Client visit,N
EXP-0002510,EMP-001808,2025-02-10,Travel-Air,Vendor-134,EUR,11110.05,12109.95,1.09,PROJ-042,CC-0018,REJECTED,MGR-001,N,,N
EXP-0002511,EMP-001772,2024-01-31,Travel-Hotel,Vendor-22,CAD,4361.29,3227.35,0.74,PROJ-017,CC-0020,CANCELLED,MGR-003,Y,Team lunch,N
EXP-0002512,EMP-000414,2025-04-05,Training,Vendor-10,AUD,10915.43,7095.03,0.65,PROJ-018,CC-0019,APPROVED,MGR-003,Y,Team lunch,Y
EXP-0002513,EMP-001622,2025-02-02,Software License,Vendor-148,AUD,5475.26,3558.92,0.65,PROJ-031,CC-0015,PENDING,MGR-003,Y,Conference attendance,Y
EXP-0002514,EMP-000514,2024-01-22,Software License,Vendor-121,CAD,11601.99,8585.47,0.74,PROJ-014,CC-0013,APPROVED,MGR-001,Y,Monthly subscription,Y
EXP-0002515,EMP-000643,2025-03-15,Telecoms,Vendor-164,SGD,14495.98,10727.03,0.74,PROJ-018,CC-0007,APPROVED,MGR-002,N,Conference attendance,N
EXP-0002516,EMP-001388,2025-03-10,Telecoms,Vendor-151,SGD,12030.13,8902.3,0.74,PROJ-007,CC-0013,REJECTED,MGR-003,Y,Client visit,Y
EXP-0002517,EMP-001564,2024-03-12,Travel-Hotel,Vendor-9,JPY,3716.23,24.9,0.0067,PROJ-017,CC-0018,REJECTED,MGR-002,Y,Team lunch,Y
EXP-0002518,EMP-001658,2025-05-03,Travel-Ground,Vendor-141,EUR,5781.68,6302.03,1.09,PROJ-005,CC-0018,PENDING,MGR-003,Y,Client visit,N
EXP-0002519,EMP-000338,2024-09-21,Telecoms,Vendor-173,INR,13677.83,164.13,0.012,PROJ-038,CC-0003,CANCELLED,MGR-001,Y,Conference attendance,N
EXP-0002520,EMP-000396,2025-04-21,Meals,Vendor-16,INR,13136.26,157.64,0.012,PROJ-046,CC-0009,PENDING,MGR-002,Y,Client visit,Y
EXP-0002521,EMP-000827,2025-05-20,Travel-Air,Vendor-127,INR,5532.47,66.39,0.012,PROJ-008,CC-0014,REJECTED,MGR-002,Y,Monthly subscription,N
EXP-0002522,EMP-001529,2024-10-05,Travel-Air,Vendor-114,USD,81.62,81.62,1.0,PROJ-024,CC-0014,APPROVED,MGR-001,N,Conference attendance,Y
EXP-0002523,EMP-001589,2024-02-11,Training,Vendor-197,JPY,4692.11,31.44,0.0067,PROJ-039,CC-0016,PENDING,MGR-003,Y,,Y
EXP-0002524,EMP-001031,2024-12-04,Client Entertainment,Vendor-40,EUR,10997.32,11987.08,1.09,PROJ-030,CC-0007,REJECTED,MGR-002,Y,,Y
EXP-0002525,EMP-001747,2025-05-06,Meals,Vendor-106,INR,1732.46,20.79,0.012,PROJ-027,CC-0011,REJECTED,MGR-002,Y,,N
EXP-0002526,EMP-000992,2024-03-09,Travel-Air,Vendor-180,CAD,14321.7,10598.06,0.74,PROJ-021,CC-0007,PENDING,MGR-002,Y,Team lunch,N
EXP-0002527,EMP-000664,2024-07-18,Office Supplies,Vendor-1,SGD,1814.38,1342.64,0.74,PROJ-050,CC-0004,CANCELLED,MGR-002,N,,Y
EXP-0002528,EMP-001894,2024-06-10,Software License,Vendor-97,AUD,928.4,603.46,0.65,PROJ-004,CC-0002,REJECTED,MGR-001,N,Conference attendance,N
EXP-0002529,EMP-000953,2024-12-26,Travel-Ground,Vendor-123,JPY,12702.37,85.11,0.0067,PROJ-050,CC-0001,CANCELLED,MGR-001,N,Team lunch,N
EXP-0002530,EMP-000437,2024-11-29,Travel-Air,Vendor-106,GBP,6591.79,8371.57,1.27,PROJ-049,CC-0010,PENDING,MGR-003,Y,Client visit,Y
EXP-0002531,EMP-001122,2024-04-13,Training,Vendor-185,AUD,3167.78,2059.06,0.65,PROJ-027,CC-0015,CANCELLED,MGR-001,N,Team lunch,Y
EXP-0002532,EMP-000639,2024-09-09,Travel-Hotel,Vendor-102,EUR,11076.26,12073.12,1.09,PROJ-041,CC-0008,APPROVED,MGR-002,Y,Team lunch,N
EXP-0002533,EMP-000858,2024-02-25,Client Entertainment,Vendor-99,SGD,1900.4,1406.3,0.74,PROJ-030,CC-0017,PENDING,MGR-003,Y,,Y
EXP-0002534,EMP-000801,2024-04-20,Software License,Vendor-182,JPY,9309.11,62.37,0.0067,PROJ-045,CC-0012,APPROVED,MGR-003,N,Team lunch,Y
EXP-0002535,EMP-001437,2025-04-27,Meals,Vendor-24,CAD,3867.92,2862.26,0.74,PROJ-009,CC-0005,APPROVED,MGR-003,Y,Team lunch,N
EXP-0002536,EMP-000662,2024-10-20,Travel-Air,Vendor-84,JPY,6095.11,40.84,0.0067,PROJ-015,CC-0006,REJECTED,MGR-001,Y,,N
EXP-0002537,EMP-000459,2024-06-19,Marketing Materials,Vendor-191,AUD,3326.61,2162.3,0.65,PROJ-028,CC-0003,CANCELLED,MGR-003,Y,Monthly subscription,Y
EXP-0002538,EMP-001064,2024-02-02,Software License,Vendor-116,CAD,14640.21,10833.76,0.74,PROJ-015,CC-0006,APPROVED,MGR-001,Y,Team lunch,N
EXP-0002539,EMP-001705,2025-01-16,Travel-Ground,Vendor-105,AUD,5359.9,3483.93,0.65,PROJ-008,CC-0011,APPROVED,MGR-001,Y,Conference attendance,N
EXP-0002540,EMP-000018,2025-01-07,Travel-Ground,Vendor-160,INR,14726.84,176.72,0.012,PROJ-024,CC-0002,CANCELLED,MGR-003,Y,Monthly subscription,N
EXP-0002541,EMP-000392,2024-12-17,Telecoms,Vendor-150,GBP,1909.34,2424.86,1.27,PROJ-045,CC-0018,CANCELLED,MGR-003,N,Monthly subscription,N
EXP-0002542,EMP-000505,2024-11-17,Office Supplies,Vendor-7,EUR,13115.1,14295.46,1.09,PROJ-003,CC-0013,PENDING,MGR-002,Y,Conference attendance,N
EXP-0002543,EMP-001560,2025-04-02,Software License,Vendor-20,GBP,7243.7,9199.5,1.27,PROJ-038,CC-0007,CANCELLED,MGR-003,Y,,N
EXP-0002544,EMP-000354,2025-04-10,Meals,Vendor-69,CAD,1013.09,749.69,0.74,PROJ-049,CC-0009,REJECTED,MGR-003,Y,,Y
EXP-0002545,EMP-000327,2024-04-24,Meals,Vendor-69,SGD,6352.43,4700.8,0.74,PROJ-027,CC-0003,CANCELLED,MGR-002,Y,Conference attendance,N
EXP-0002546,EMP-001648,2025-03-17,Software License,Vendor-64,EUR,14078.24,15345.28,1.09,PROJ-010,CC-0005,PENDING,MGR-003,Y,Team lunch,Y
EXP-0002547,EMP-000005,2024-04-19,Client Entertainment,Vendor-136,GBP,14703.57,18673.53,1.27,PROJ-045,CC-0004,PENDING,MGR-003,Y,Conference attendance,N
EXP-0002548,EMP-001138,2024-09-14,Meals,Vendor-115,USD,11618.16,11618.16,1.0,PROJ-050,CC-0010,APPROVED,MGR-001,Y,,Y
EXP-0002549,EMP-001232,2024-09-12,Travel-Air,Vendor-187,SGD,11313.6,8372.06,0.74,PROJ-001,CC-0017,APPROVED,MGR-002,Y,Monthly subscription,Y
EXP-0002550,EMP-000395,2024-08-09,Client Entertainment,Vendor-183,GBP,4023.88,5110.33,1.27,PROJ-002,CC-0011,APPROVED,MGR-003,Y,,Y
EXP-0002551,EMP-001944,2024-08-14,Software License,Vendor-165,INR,5656.06,67.87,0.012,PROJ-034,CC-0014,APPROVED,MGR-003,N,Conference attendance,Y
EXP-0002552,EMP-001437,2025-02-28,Telecoms,Vendor-78,GBP,1467.23,1863.38,1.27,PROJ-027,CC-0001,PENDING,MGR-003,Y,Client visit,N
EXP-0002553,EMP-001699,2025-03-08,Client Entertainment,Vendor-37,JPY,14442.25,96.76,0.0067,PROJ-033,CC-0004,PENDING,MGR-003,Y,,Y
EXP-0002554,EMP-000106,2025-04-13,Client Entertainment,Vendor-160,JPY,11662.11,78.14,0.0067,PROJ-033,CC-0018,REJECTED,MGR-003,Y,,Y
EXP-0002555,EMP-001766,2024-06-01,Travel-Air,Vendor-63,EUR,5838.0,6363.42,1.09,PROJ-015,CC-0003,REJECTED,MGR-003,Y,Monthly subscription,N
EXP-0002556,EMP-001847,2024-05-02,Office Supplies,Vendor-101,INR,7436.59,89.24,0.012,PROJ-023,CC-0016,APPROVED,MGR-001,Y,Monthly subscription,N
EXP-0002557,EMP-001899,2025-05-28,Telecoms,Vendor-173,USD,4555.06,4555.06,1.0,PROJ-049,CC-0013,REJECTED,MGR-003,Y,Team lunch,N
EXP-0002558,EMP-000790,2024-05-27,Telecoms,Vendor-83,INR,601.58,7.22,0.012,PROJ-013,CC-0005,PENDING,MGR-001,Y,Team lunch,Y
EXP-0002559,EMP-001132,2025-05-15,Office Supplies,Vendor-66,AUD,13401.25,8710.81,0.65,PROJ-007,CC-0006,CANCELLED,MGR-001,N,,N
EXP-0002560,EMP-000657,2025-02-10,Travel-Hotel,Vendor-130,INR,7355.21,88.26,0.012,PROJ-048,CC-0001,REJECTED,MGR-003,N,,Y
EXP-0002561,EMP-000075,2025-06-14,Meals,Vendor-95,AUD,13268.84,8624.75,0.65,PROJ-018,CC-0009,PENDING,MGR-003,Y,,N
EXP-0002562,EMP-000032,2025-03-19,Telecoms,Vendor-99,GBP,8846.77,11235.4,1.27,PROJ-024,CC-0013,PENDING,MGR-001,Y,,N
EXP-0002563,EMP-000893,2024-06-16,Travel-Ground,Vendor-62,EUR,14278.57,15563.64,1.09,PROJ-027,CC-0018,PENDING,MGR-001,N,Team lunch,N
EXP-0002564,EMP-000252,2024-07-29,Telecoms,Vendor-190,CAD,13587.57,10054.8,0.74,PROJ-039,CC-0012,REJECTED,MGR-003,Y,,Y
EXP-0002565,EMP-001605,2024-05-17,Marketing Materials,Vendor-5,EUR,13577.23,14799.18,1.09,PROJ-006,CC-0015,CANCELLED,MGR-001,Y,Team lunch,Y
EXP-0002566,EMP-001873,2024-01-19,Travel-Ground,Vendor-192,AUD,5449.19,3541.97,0.65,PROJ-025,CC-0019,REJECTED,MGR-002,Y,Client visit,N
EXP-0002567,EMP-001803,2024-10-15,Meals,Vendor-160,CAD,4170.82,3086.41,0.74,PROJ-005,CC-0001,PENDING,MGR-001,N,,Y
EXP-0002568,EMP-001533,2025-03-13,Training,Vendor-147,JPY,12571.31,84.23,0.0067,PROJ-041,CC-0002,CANCELLED,MGR-002,Y,,N
EXP-0002569,EMP-001300,2024-05-19,Travel-Air,Vendor-183,SGD,7236.23,5354.81,0.74,PROJ-007,CC-0003,APPROVED,MGR-002,Y,,Y
EXP-0002570,EMP-000960,2024-06-26,Office Supplies,Vendor-5,AUD,3711.03,2412.17,0.65,PROJ-006,CC-0018,CANCELLED,MGR-002,Y,,N
EXP-0002571,EMP-001912,2024-10-16,Travel-Ground,Vendor-35,CAD,2833.96,2097.13,0.74,PROJ-021,CC-0007,PENDING,MGR-003,N,Client visit,N
EXP-0002572,EMP-001566,2025-05-19,Training,Vendor-116,EUR,5407.65,5894.34,1.09,PROJ-050,CC-0006,CANCELLED,MGR-002,Y,Monthly subscription,N
EXP-0002573,EMP-000219,2025-06-17,Marketing Materials,Vendor-89,INR,728.04,8.74,0.012,PROJ-012,CC-0003,APPROVED,MGR-002,Y,Team lunch,Y
EXP-0002574,EMP-000389,2024-08-23,Telecoms,Vendor-102,CAD,10667.52,7893.96,0.74,PROJ-046,CC-0018,CANCELLED,MGR-003,Y,Client visit,Y
EXP-0002575,EMP-001844,2024-09-09,Software License,Vendor-170,AUD,6937.2,4509.18,0.65,PROJ-033,CC-0020,REJECTED,MGR-002,Y,Conference attendance,N
EXP-0002576,EMP-000364,2025-06-22,Software License,Vendor-62,CAD,10240.22,7577.76,0.74,PROJ-009,CC-0002,PENDING,MGR-002,Y,Team lunch,Y
EXP-0002577,EMP-001442,2025-04-30,Telecoms,Vendor-75,JPY,10693.2,71.64,0.0067,PROJ-027,CC-0015,CANCELLED,MGR-003,Y,,N
EXP-0002578,EMP-001529,2024-03-21,Meals,Vendor-147,CAD,10766.51,7967.22,0.74,PROJ-021,CC-0020,REJECTED,MGR-003,Y,,Y
EXP-0002579,EMP-001148,2024-12-09,Training,Vendor-45,GBP,1730.34,2197.53,1.27,PROJ-015,CC-0011,APPROVED,MGR-001,Y,Team lunch,Y
EXP-0002580,EMP-000866,2024-05-20,Office Supplies,Vendor-173,SGD,7316.36,5414.11,0.74,PROJ-013,CC-0017,CANCELLED,MGR-002,Y,,N
EXP-0002581,EMP-001450,2025-05-05,Marketing Materials,Vendor-161,SGD,8557.18,6332.31,0.74,PROJ-041,CC-0005,PENDING,MGR-001,Y,,Y
EXP-0002582,EMP-000200,2024-09-18,Travel-Ground,Vendor-130,USD,11837.02,11837.02,1.0,PROJ-027,CC-0014,APPROVED,MGR-002,N,Monthly subscription,Y
EXP-0002583,EMP-001201,2024-12-14,Travel-Hotel,Vendor-65,INR,7331.76,87.98,0.012,PROJ-038,CC-0002,CANCELLED,MGR-002,Y,,Y
EXP-0002584,EMP-000544,2024-12-27,Marketing Materials,Vendor-178,USD,33.46,33.46,1.0,PROJ-031,CC-0006,REJECTED,MGR-001,N,Team lunch,N
EXP-0002585,EMP-001442,2024-05-11,Telecoms,Vendor-77,JPY,6358.85,42.6,0.0067,PROJ-034,CC-0007,APPROVED,MGR-002,Y,Team lunch,Y
EXP-0002586,EMP-000680,2024-03-06,Travel-Ground,Vendor-168,SGD,2337.77,1729.95,0.74,PROJ-014,CC-0009,PENDING,MGR-001,Y,Client visit,N
EXP-0002587,EMP-000917,2025-05-10,Training,Vendor-114,SGD,5603.35,4146.48,0.74,PROJ-014,CC-0009,PENDING,MGR-002,Y,,N
EXP-0002588,EMP-001364,2024-03-12,Travel-Air,Vendor-77,INR,730.84,8.77,0.012,PROJ-046,CC-0019,CANCELLED,MGR-003,Y,Monthly subscription,Y
EXP-0002589,EMP-000154,2024-07-05,Marketing Materials,Vendor-8,SGD,13687.8,10128.97,0.74,PROJ-027,CC-0003,APPROVED,MGR-002,Y,Team lunch,N
EXP-0002590,EMP-001019,2024-10-06,Training,Vendor-39,JPY,9067.67,60.75,0.0067,PROJ-048,CC-0003,CANCELLED,MGR-001,N,Monthly subscription,Y
EXP-0002591,EMP-001025,2024-09-07,Travel-Air,Vendor-56,INR,5856.82,70.28,0.012,PROJ-010,CC-0012,PENDING,MGR-002,Y,,Y
EXP-0002592,EMP-000913,2025-01-23,Training,Vendor-53,INR,4895.61,58.75,0.012,PROJ-021,CC-0001,CANCELLED,MGR-003,Y,,Y
EXP-0002593,EMP-001411,2024-08-17,Telecoms,Vendor-77,SGD,2646.1,1958.11,0.74,PROJ-030,CC-0013,REJECTED,MGR-003,Y,,Y
EXP-0002594,EMP-000181,2024-09-23,Telecoms,Vendor-179,EUR,10201.17,11119.28,1.09,PROJ-041,CC-0020,PENDING,MGR-003,Y,,Y
EXP-0002595,EMP-000809,2024-06-29,Training,Vendor-86,GBP,11566.32,14689.23,1.27,PROJ-026,CC-0010,REJECTED,MGR-001,Y,,N
EXP-0002596,EMP-001714,2024-12-10,Office Supplies,Vendor-103,GBP,9446.91,11997.58,1.27,PROJ-014,CC-0001,APPROVED,MGR-003,Y,Client visit,N
EXP-0002597,EMP-000242,2024-02-25,Software License,Vendor-174,EUR,10667.99,11628.11,1.09,PROJ-005,CC-0013,REJECTED,MGR-001,Y,,N
EXP-0002598,EMP-001719,2025-05-28,Travel-Hotel,Vendor-24,USD,13067.71,13067.71,1.0,PROJ-014,CC-0012,PENDING,MGR-003,Y,,Y
EXP-0002599,EMP-000328,2025-05-09,Travel-Ground,Vendor-196,JPY,5479.71,36.71,0.0067,PROJ-039,CC-0011,CANCELLED,MGR-002,Y,Team lunch,Y
EXP-0002600,EMP-001059,2024-02-07,Training,Vendor-23,INR,5414.53,64.97,0.012,PROJ-012,CC-0019,CANCELLED,MGR-003,Y,Monthly subscription,N
EXP-0002601,EMP-001927,2025-05-04,Travel-Air,Vendor-13,EUR,14609.57,15924.43,1.09,PROJ-043,CC-0005,PENDING,MGR-001,Y,Client visit,Y
EXP-0002602,EMP-000400,2025-04-27,Client Entertainment,Vendor-108,JPY,7644.62,51.22,0.0067,PROJ-002,CC-0006,APPROVED,MGR-001,Y,,N
EXP-0002603,EMP-000988,2024-03-26,Travel-Ground,Vendor-190,GBP,5401.99,6860.53,1.27,PROJ-039,CC-0003,REJECTED,MGR-001,Y,Conference attendance,N
EXP-0002604,EMP-000969,2025-03-22,Software License,Vendor-87,JPY,11295.8,75.68,0.0067,PROJ-036,CC-0020,PENDING,MGR-001,N,,N
EXP-0002605,EMP-001415,2024-11-26,Marketing Materials,Vendor-126,INR,13244.82,158.94,0.012,PROJ-043,CC-0001,CANCELLED,MGR-001,Y,,Y
EXP-0002606,EMP-001782,2024-06-30,Telecoms,Vendor-58,EUR,8208.6,8947.37,1.09,PROJ-016,CC-0012,PENDING,MGR-003,Y,,N
EXP-0002607,EMP-001831,2024-07-17,Software License,Vendor-154,GBP,5624.72,7143.39,1.27,PROJ-042,CC-0014,REJECTED,MGR-002,N,Team lunch,N
EXP-0002608,EMP-000568,2025-01-03,Software License,Vendor-9,SGD,3998.58,2958.95,0.74,PROJ-030,CC-0005,PENDING,MGR-001,Y,Conference attendance,N
EXP-0002609,EMP-000101,2025-05-06,Software License,Vendor-104,USD,7899.77,7899.77,1.0,PROJ-048,CC-0010,REJECTED,MGR-001,Y,,Y
EXP-0002610,EMP-000022,2024-04-21,Travel-Air,Vendor-144,USD,4807.71,4807.71,1.0,PROJ-042,CC-0018,CANCELLED,MGR-002,Y,Monthly subscription,N
EXP-0002611,EMP-001205,2024-08-05,Training,Vendor-137,SGD,6534.27,4835.36,0.74,PROJ-050,CC-0018,CANCELLED,MGR-002,N,Team lunch,N
EXP-0002612,EMP-000497,2024-08-12,Meals,Vendor-77,JPY,11444.28,76.68,0.0067,PROJ-029,CC-0015,REJECTED,MGR-003,Y,Client visit,Y
EXP-0002613,EMP-001763,2024-05-31,Travel-Ground,Vendor-178,SGD,8661.58,6409.57,0.74,PROJ-028,CC-0006,APPROVED,MGR-003,Y,Monthly subscription,Y
EXP-0002614,EMP-000595,2024-07-30,Marketing Materials,Vendor-164,EUR,3286.47,3582.25,1.09,PROJ-032,CC-0008,REJECTED,MGR-002,Y,Monthly subscription,Y
EXP-0002615,EMP-000018,2024-11-23,Travel-Air,Vendor-65,GBP,9008.29,11440.53,1.27,PROJ-031,CC-0005,CANCELLED,MGR-001,Y,,N
EXP-0002616,EMP-000553,2024-12-29,Telecoms,Vendor-125,EUR,8931.63,9735.48,1.09,PROJ-029,CC-0008,CANCELLED,MGR-002,Y,,N
EXP-0002617,EMP-000191,2025-03-25,Client Entertainment,Vendor-125,GBP,9101.41,11558.79,1.27,PROJ-047,CC-0008,CANCELLED,MGR-002,Y,Client visit,N
EXP-0002618,EMP-001652,2024-11-02,Marketing Materials,Vendor-192,INR,7864.35,94.37,0.012,PROJ-039,CC-0012,REJECTED,MGR-002,Y,Client visit,Y
EXP-0002619,EMP-000541,2025-02-03,Travel-Hotel,Vendor-112,AUD,14388.25,9352.36,0.65,PROJ-016,CC-0019,REJECTED,MGR-001,Y,Team lunch,N
EXP-0002620,EMP-000569,2024-08-30,Training,Vendor-164,SGD,7156.19,5295.58,0.74,PROJ-011,CC-0003,PENDING,MGR-001,Y,,N
EXP-0002621,EMP-001849,2024-03-15,Telecoms,Vendor-21,SGD,5544.17,4102.69,0.74,PROJ-036,CC-0019,CANCELLED,MGR-002,Y,Team lunch,Y
EXP-0002622,EMP-001668,2024-02-11,Travel-Air,Vendor-16,EUR,10959.77,11946.15,1.09,PROJ-021,CC-0019,APPROVED,MGR-002,Y,Monthly subscription,Y
EXP-0002623,EMP-000660,2025-01-08,Client Entertainment,Vendor-9,SGD,3459.42,2559.97,0.74,PROJ-021,CC-0019,APPROVED,MGR-003,N,Monthly subscription,N
EXP-0002624,EMP-000258,2025-04-25,Travel-Hotel,Vendor-35,EUR,4363.84,4756.59,1.09,PROJ-013,CC-0020,PENDING,MGR-001,Y,Team lunch,N
EXP-0002625,EMP-001797,2024-07-18,Software License,Vendor-157,CAD,3040.65,2250.08,0.74,PROJ-031,CC-0011,APPROVED,MGR-003,Y,Client visit,Y
EXP-0002626,EMP-001877,2024-01-01,Marketing Materials,Vendor-126,GBP,8920.22,11328.68,1.27,PROJ-036,CC-0016,REJECTED,MGR-003,Y,,Y
EXP-0002627,EMP-000953,2025-03-11,Meals,Vendor-13,SGD,14763.63,10925.09,0.74,PROJ-038,CC-0016,CANCELLED,MGR-001,N,Team lunch,N
EXP-0002628,EMP-001024,2025-05-25,Marketing Materials,Vendor-84,JPY,418.11,2.8,0.0067,PROJ-022,CC-0001,APPROVED,MGR-003,Y,Monthly subscription,N
EXP-0002629,EMP-000288,2025-02-13,Travel-Ground,Vendor-157,USD,6660.92,6660.92,1.0,PROJ-047,CC-0001,APPROVED,MGR-001,Y,,Y
EXP-0002630,EMP-000303,2025-02-18,Software License,Vendor-38,EUR,10349.14,11280.56,1.09,PROJ-029,CC-0017,PENDING,MGR-002,Y,Team lunch,Y
EXP-0002631,EMP-000624,2024-03-21,Software License,Vendor-109,USD,4995.17,4995.17,1.0,PROJ-032,CC-0004,APPROVED,MGR-002,Y,Monthly subscription,Y
EXP-0002632,EMP-001642,2024-11-19,Marketing Materials,Vendor-24,SGD,2477.21,1833.14,0.74,PROJ-046,CC-0019,CANCELLED,MGR-003,Y,,N
EXP-0002633,EMP-001458,2024-11-18,Meals,Vendor-177,USD,7427.71,7427.71,1.0,PROJ-036,CC-0001,REJECTED,MGR-001,Y,Monthly subscription,N
EXP-0002634,EMP-000445,2025-01-14,Travel-Air,Vendor-197,EUR,6566.31,7157.28,1.09,PROJ-030,CC-0001,REJECTED,MGR-001,N,Conference attendance,N
EXP-0002635,EMP-000133,2024-05-11,Marketing Materials,Vendor-28,JPY,6732.03,45.1,0.0067,PROJ-021,CC-0013,PENDING,MGR-003,Y,Conference attendance,Y
EXP-0002636,EMP-001067,2024-12-07,Meals,Vendor-116,SGD,12977.14,9603.08,0.74,PROJ-037,CC-0018,PENDING,MGR-001,Y,,Y
EXP-0002637,EMP-000969,2024-04-15,Training,Vendor-62,AUD,1276.22,829.54,0.65,PROJ-001,CC-0014,PENDING,MGR-003,Y,,N
EXP-0002638,EMP-001146,2024-09-24,Marketing Materials,Vendor-53,CAD,509.75,377.21,0.74,PROJ-028,CC-0017,APPROVED,MGR-002,Y,Client visit,Y
EXP-0002639,EMP-001366,2025-02-27,Travel-Air,Vendor-103,JPY,6389.25,42.81,0.0067,PROJ-031,CC-0016,REJECTED,MGR-002,Y,Team lunch,Y
EXP-0002640,EMP-001661,2024-01-04,Software License,Vendor-191,INR,4366.25,52.4,0.012,PROJ-049,CC-0015,CANCELLED,MGR-003,N,Monthly subscription,Y
EXP-0002641,EMP-000673,2025-05-29,Marketing Materials,Vendor-17,AUD,596.1,387.47,0.65,PROJ-002,CC-0018,REJECTED,MGR-002,Y,Client visit,Y
EXP-0002642,EMP-000598,2025-01-03,Training,Vendor-162,INR,7271.62,87.26,0.012,PROJ-010,CC-0002,APPROVED,MGR-001,Y,Conference attendance,Y
EXP-0002643,EMP-000122,2025-04-23,Client Entertainment,Vendor-149,AUD,1293.85,841.0,0.65,PROJ-016,CC-0004,CANCELLED,MGR-002,Y,,Y
EXP-0002644,EMP-001684,2024-04-27,Travel-Hotel,Vendor-88,JPY,11500.24,77.05,0.0067,PROJ-041,CC-0012,CANCELLED,MGR-002,Y,Client visit,N
EXP-0002645,EMP-000903,2024-12-30,Travel-Air,Vendor-11,USD,10572.37,10572.37,1.0,PROJ-003,CC-0010,REJECTED,MGR-003,Y,Conference attendance,Y
EXP-0002646,EMP-000048,2025-02-19,Telecoms,Vendor-160,EUR,9396.64,10242.34,1.09,PROJ-044,CC-0002,CANCELLED,MGR-002,Y,,Y
EXP-0002647,EMP-000714,2025-06-02,Travel-Air,Vendor-174,INR,6562.05,78.74,0.012,PROJ-015,CC-0013,PENDING,MGR-003,N,Team lunch,N
EXP-0002648,EMP-000338,2024-11-07,Software License,Vendor-84,SGD,2110.17,1561.53,0.74,PROJ-050,CC-0017,APPROVED,MGR-002,Y,,Y
EXP-0002649,EMP-001603,2024-10-30,Travel-Ground,Vendor-67,CAD,5248.68,3884.02,0.74,PROJ-018,CC-0020,CANCELLED,MGR-002,N,,Y
EXP-0002650,EMP-000533,2024-12-31,Meals,Vendor-152,USD,10947.17,10947.17,1.0,PROJ-046,CC-0018,APPROVED,MGR-002,Y,Team lunch,Y
EXP-0002651,EMP-000021,2025-01-20,Travel-Hotel,Vendor-190,INR,1576.3,18.92,0.012,PROJ-029,CC-0002,CANCELLED,MGR-001,Y,Team lunch,Y
EXP-0002652,EMP-001986,2025-02-20,Marketing Materials,Vendor-144,GBP,13314.22,16909.06,1.27,PROJ-007,CC-0008,APPROVED,MGR-001,Y,Team lunch,Y
EXP-0002653,EMP-000748,2024-02-25,Travel-Hotel,Vendor-98,EUR,8247.24,8989.49,1.09,PROJ-017,CC-0011,REJECTED,MGR-002,Y,Client visit,N
EXP-0002654,EMP-000318,2024-12-23,Meals,Vendor-108,SGD,3482.2,2576.83,0.74,PROJ-007,CC-0005,CANCELLED,MGR-002,Y,Team lunch,Y
EXP-0002655,EMP-001934,2024-12-29,Training,Vendor-191,EUR,11801.62,12863.77,1.09,PROJ-041,CC-0019,REJECTED,MGR-002,Y,Monthly subscription,Y
EXP-0002656,EMP-001327,2025-06-01,Telecoms,Vendor-116,USD,9466.74,9466.74,1.0,PROJ-008,CC-0015,PENDING,MGR-003,N,Conference attendance,N
EXP-0002657,EMP-000869,2024-02-07,Client Entertainment,Vendor-45,SGD,1419.78,1050.64,0.74,PROJ-025,CC-0003,REJECTED,MGR-002,Y,Conference attendance,N
EXP-0002658,EMP-000543,2024-09-25,Travel-Hotel,Vendor-95,INR,563.01,6.76,0.012,PROJ-012,CC-0014,REJECTED,MGR-002,Y,,Y
EXP-0002659,EMP-000586,2025-01-12,Client Entertainment,Vendor-23,JPY,11080.72,74.24,0.0067,PROJ-043,CC-0019,APPROVED,MGR-001,Y,,Y
EXP-0002660,EMP-000994,2025-03-14,Travel-Ground,Vendor-6,AUD,8928.11,5803.27,0.65,PROJ-039,CC-0007,PENDING,MGR-002,N,,N
EXP-0002661,EMP-000640,2024-06-26,Training,Vendor-172,INR,11041.78,132.5,0.012,PROJ-027,CC-0001,CANCELLED,MGR-002,Y,Monthly subscription,N
EXP-0002662,EMP-001830,2024-10-03,Travel-Air,Vendor-44,AUD,12674.42,8238.37,0.65,PROJ-028,CC-0004,PENDING,MGR-002,N,Monthly subscription,Y
EXP-0002663,EMP-000790,2024-03-29,Marketing Materials,Vendor-51,INR,5304.79,63.66,0.012,PROJ-010,CC-0014,PENDING,MGR-001,N,,N
EXP-0002664,EMP-000738,2024-12-18,Travel-Hotel,Vendor-3,GBP,12947.7,16443.58,1.27,PROJ-037,CC-0012,REJECTED,MGR-001,Y,Client visit,N
EXP-0002665,EMP-000824,2025-05-30,Travel-Air,Vendor-131,INR,109.36,1.31,0.012,PROJ-018,CC-0017,PENDING,MGR-003,Y,Team lunch,Y
EXP-0002666,EMP-000802,2024-07-11,Meals,Vendor-79,SGD,1086.6,804.08,0.74,PROJ-003,CC-0006,PENDING,MGR-002,Y,,Y
EXP-0002667,EMP-000325,2025-04-07,Meals,Vendor-63,EUR,6106.58,6656.17,1.09,PROJ-010,CC-0014,PENDING,MGR-002,Y,,N
EXP-0002668,EMP-001807,2024-12-09,Marketing Materials,Vendor-131,SGD,4378.39,3240.01,0.74,PROJ-008,CC-0019,REJECTED,MGR-002,Y,,N
EXP-0002669,EMP-000310,2024-10-23,Client Entertainment,Vendor-156,AUD,8757.71,5692.51,0.65,PROJ-040,CC-0007,APPROVED,MGR-001,Y,Team lunch,N
EXP-0002670,EMP-001775,2025-02-16,Office Supplies,Vendor-130,SGD,2363.18,1748.75,0.74,PROJ-017,CC-0020,APPROVED,MGR-003,Y,Client visit,N
EXP-0002671,EMP-001324,2025-05-28,Meals,Vendor-196,JPY,13464.49,90.21,0.0067,PROJ-012,CC-0002,PENDING,MGR-001,Y,Conference attendance,Y
EXP-0002672,EMP-001223,2024-01-16,Software License,Vendor-63,GBP,7260.11,9220.34,1.27,PROJ-020,CC-0002,PENDING,MGR-003,N,Client visit,Y
EXP-0002673,EMP-001630,2024-04-08,Marketing Materials,Vendor-5,GBP,9816.24,12466.62,1.27,PROJ-007,CC-0013,CANCELLED,MGR-002,Y,Client visit,Y
EXP-0002674,EMP-000120,2024-05-02,Telecoms,Vendor-57,JPY,2036.23,13.64,0.0067,PROJ-033,CC-0017,REJECTED,MGR-001,Y,Conference attendance,N
EXP-0002675,EMP-001369,2024-09-03,Telecoms,Vendor-124,AUD,11625.65,7556.67,0.65,PROJ-035,CC-0004,REJECTED,MGR-002,N,Monthly subscription,Y
EXP-0002676,EMP-000173,2024-01-23,Office Supplies,Vendor-199,INR,8701.23,104.41,0.012,PROJ-028,CC-0001,CANCELLED,MGR-001,N,,N
EXP-0002677,EMP-000814,2024-02-08,Travel-Ground,Vendor-106,INR,903.47,10.84,0.012,PROJ-042,CC-0006,PENDING,MGR-002,Y,,Y
EXP-0002678,EMP-001965,2024-12-10,Travel-Hotel,Vendor-164,EUR,13997.17,15256.92,1.09,PROJ-036,CC-0005,CANCELLED,MGR-003,Y,Client visit,N
EXP-0002679,EMP-000257,2024-03-07,Travel-Air,Vendor-136,USD,14332.47,14332.47,1.0,PROJ-019,CC-0002,APPROVED,MGR-002,Y,,N
EXP-0002680,EMP-001453,2025-06-20,Travel-Hotel,Vendor-10,USD,5926.31,5926.31,1.0,PROJ-037,CC-0020,CANCELLED,MGR-003,Y,Client visit,N
EXP-0002681,EMP-000767,2024-02-20,Marketing Materials,Vendor-55,JPY,6281.81,42.09,0.0067,PROJ-027,CC-0018,APPROVED,MGR-002,N,Conference attendance,N
EXP-0002682,EMP-000463,2025-04-27,Meals,Vendor-14,USD,6643.45,6643.45,1.0,PROJ-034,CC-0015,APPROVED,MGR-002,N,,Y
EXP-0002683,EMP-001235,2024-06-07,Travel-Air,Vendor-14,CAD,9290.62,6875.06,0.74,PROJ-022,CC-0013,PENDING,MGR-002,Y,Team lunch,Y
EXP-0002684,EMP-001917,2024-10-18,Training,Vendor-74,EUR,14774.36,16104.05,1.09,PROJ-033,CC-0011,CANCELLED,MGR-003,N,Conference attendance,Y
EXP-0002685,EMP-001092,2024-04-30,Software License,Vendor-45,EUR,6933.07,7557.05,1.09,PROJ-010,CC-0020,PENDING,MGR-001,N,,N
EXP-0002686,EMP-000672,2024-09-19,Travel-Air,Vendor-29,EUR,14461.42,15762.95,1.09,PROJ-019,CC-0019,PENDING,MGR-003,Y,Team lunch,N
EXP-0002687,EMP-000175,2025-06-02,Marketing Materials,Vendor-103,AUD,3528.52,2293.54,0.65,PROJ-020,CC-0012,REJECTED,MGR-002,Y,Conference attendance,N
EXP-0002688,EMP-000553,2025-03-14,Meals,Vendor-103,EUR,11049.32,12043.76,1.09,PROJ-027,CC-0020,PENDING,MGR-002,Y,Monthly subscription,N
EXP-0002689,EMP-001881,2024-12-10,Marketing Materials,Vendor-63,USD,4209.34,4209.34,1.0,PROJ-035,CC-0016,REJECTED,MGR-001,Y,,N
EXP-0002690,EMP-001264,2024-02-25,Meals,Vendor-30,SGD,14539.9,10759.53,0.74,PROJ-029,CC-0005,APPROVED,MGR-003,Y,Client visit,N
EXP-0002691,EMP-000430,2024-08-30,Travel-Hotel,Vendor-194,USD,4248.47,4248.47,1.0,PROJ-024,CC-0014,CANCELLED,MGR-002,Y,Conference attendance,Y
EXP-0002692,EMP-000064,2024-04-02,Telecoms,Vendor-174,GBP,4692.61,5959.61,1.27,PROJ-013,CC-0007,REJECTED,MGR-001,Y,Team lunch,Y
EXP-0002693,EMP-000785,2024-02-25,Telecoms,Vendor-54,EUR,12143.69,13236.62,1.09,PROJ-005,CC-0013,REJECTED,MGR-001,Y,Team lunch,Y
EXP-0002694,EMP-000194,2024-10-26,Travel-Air,Vendor-141,CAD,1763.4,1304.92,0.74,PROJ-010,CC-0007,APPROVED,MGR-001,Y,Team lunch,Y
EXP-0002695,EMP-001627,2024-10-29,Software License,Vendor-120,SGD,1824.93,1350.45,0.74,PROJ-048,CC-0009,APPROVED,MGR-002,Y,,N
EXP-0002696,EMP-001225,2024-01-12,Travel-Air,Vendor-194,USD,8315.65,8315.65,1.0,PROJ-022,CC-0014,CANCELLED,MGR-001,Y,Client visit,N
EXP-0002697,EMP-000756,2024-03-30,Training,Vendor-111,CAD,5478.38,4054.0,0.74,PROJ-016,CC-0012,PENDING,MGR-002,Y,Client visit,Y
EXP-0002698,EMP-001652,2025-06-23,Office Supplies,Vendor-123,EUR,10570.85,11522.23,1.09,PROJ-007,CC-0002,CANCELLED,MGR-002,Y,,N
EXP-0002699,EMP-001191,2024-06-20,Meals,Vendor-94,USD,2536.29,2536.29,1.0,PROJ-029,CC-0015,CANCELLED,MGR-002,Y,,N
EXP-0002700,EMP-000176,2025-05-25,Software License,Vendor-50,USD,5514.45,5514.45,1.0,PROJ-010,CC-0005,CANCELLED,MGR-003,Y,,N
EXP-0002701,EMP-000250,2024-11-19,Marketing Materials,Vendor-119,EUR,5912.54,6444.67,1.09,PROJ-034,CC-0020,APPROVED,MGR-002,N,Conference attendance,N
EXP-0002702,EMP-001961,2024-04-26,Travel-Hotel,Vendor-18,GBP,4765.55,6052.25,1.27,PROJ-017,CC-0006,REJECTED,MGR-001,N,Monthly subscription,N
EXP-0002703,EMP-001979,2025-03-02,Training,Vendor-56,INR,13303.68,159.64,0.012,PROJ-005,CC-0007,CANCELLED,MGR-001,Y,,N
EXP-0002704,EMP-001889,2024-01-01,Office Supplies,Vendor-103,GBP,8604.73,10928.01,1.27,PROJ-039,CC-0011,REJECTED,MGR-002,Y,,N
EXP-0002705,EMP-000011,2024-07-15,Client Entertainment,Vendor-2,SGD,11106.75,8219.0,0.74,PROJ-008,CC-0003,CANCELLED,MGR-002,Y,Team lunch,Y
EXP-0002706,EMP-001332,2024-02-07,Travel-Hotel,Vendor-27,JPY,1572.95,10.54,0.0067,PROJ-044,CC-0005,CANCELLED,MGR-001,N,Conference attendance,Y
EXP-0002707,EMP-001921,2024-09-07,Software License,Vendor-121,SGD,2443.37,1808.09,0.74,PROJ-038,CC-0013,REJECTED,MGR-002,Y,Conference attendance,Y
EXP-0002708,EMP-001364,2024-11-20,Client Entertainment,Vendor-34,GBP,8550.35,10858.94,1.27,PROJ-050,CC-0013,APPROVED,MGR-003,Y,,Y
EXP-0002709,EMP-000863,2024-10-13,Meals,Vendor-70,AUD,1136.06,738.44,0.65,PROJ-049,CC-0006,REJECTED,MGR-003,Y,Conference attendance,N
EXP-0002710,EMP-000598,2025-02-09,Office Supplies,Vendor-37,SGD,4763.38,3524.9,0.74,PROJ-018,CC-0017,PENDING,MGR-001,N,Conference attendance,N
EXP-0002711,EMP-000151,2024-03-22,Office Supplies,Vendor-131,AUD,1903.18,1237.07,0.65,PROJ-017,CC-0013,APPROVED,MGR-001,Y,Conference attendance,N
EXP-0002712,EMP-001883,2025-03-08,Office Supplies,Vendor-82,EUR,3578.61,3900.68,1.09,PROJ-010,CC-0003,CANCELLED,MGR-002,Y,Monthly subscription,N
EXP-0002713,EMP-000479,2024-04-10,Office Supplies,Vendor-193,CAD,11421.14,8451.64,0.74,PROJ-018,CC-0019,REJECTED,MGR-001,Y,Conference attendance,N
EXP-0002714,EMP-001416,2024-08-06,Training,Vendor-168,AUD,1559.97,1013.98,0.65,PROJ-007,CC-0008,REJECTED,MGR-003,Y,,Y
EXP-0002715,EMP-000025,2025-05-23,Marketing Materials,Vendor-154,GBP,11356.15,14422.31,1.27,PROJ-044,CC-0002,CANCELLED,MGR-003,Y,,N
EXP-0002716,EMP-000110,2024-04-24,Marketing Materials,Vendor-197,SGD,11217.9,8301.25,0.74,PROJ-034,CC-0008,APPROVED,MGR-002,Y,,N
EXP-0002717,EMP-001001,2024-11-09,Training,Vendor-62,AUD,9584.5,6229.93,0.65,PROJ-016,CC-0009,PENDING,MGR-002,Y,Client visit,N
EXP-0002718,EMP-001362,2025-03-12,Marketing Materials,Vendor-198,SGD,526.08,389.3,0.74,PROJ-024,CC-0005,REJECTED,MGR-001,Y,,N
EXP-0002719,EMP-000009,2024-08-07,Training,Vendor-5,INR,741.23,8.89,0.012,PROJ-006,CC-0004,REJECTED,MGR-003,Y,,N
EXP-0002720,EMP-001511,2025-01-02,Travel-Ground,Vendor-145,AUD,9667.51,6283.88,0.65,PROJ-002,CC-0011,REJECTED,MGR-001,Y,Team lunch,Y
EXP-0002721,EMP-000916,2024-06-05,Office Supplies,Vendor-102,GBP,7964.26,10114.61,1.27,PROJ-033,CC-0002,CANCELLED,MGR-001,N,Monthly subscription,Y
EXP-0002722,EMP-000195,2024-04-02,Telecoms,Vendor-89,JPY,14099.22,94.46,0.0067,PROJ-018,CC-0002,CANCELLED,MGR-001,Y,,Y
EXP-0002723,EMP-001637,2024-07-25,Travel-Hotel,Vendor-196,USD,5912.35,5912.35,1.0,PROJ-008,CC-0005,APPROVED,MGR-002,Y,,Y
EXP-0002724,EMP-001804,2024-06-13,Meals,Vendor-62,EUR,11679.82,12731.0,1.09,PROJ-006,CC-0006,REJECTED,MGR-002,Y,Team lunch,Y
EXP-0002725,EMP-001414,2024-08-07,Marketing Materials,Vendor-89,INR,44.61,0.54,0.012,PROJ-049,CC-0014,APPROVED,MGR-002,N,,N
EXP-0002726,EMP-000535,2024-04-04,Meals,Vendor-72,GBP,14370.02,18249.93,1.27,PROJ-012,CC-0016,CANCELLED,MGR-001,N,Client visit,N
EXP-0002727,EMP-001004,2024-09-17,Travel-Ground,Vendor-26,SGD,3495.52,2586.68,0.74,PROJ-044,CC-0010,PENDING,MGR-001,Y,Client visit,Y
EXP-0002728,EMP-001836,2025-05-07,Client Entertainment,Vendor-29,SGD,8912.84,6595.5,0.74,PROJ-024,CC-0017,CANCELLED,MGR-001,Y,Client visit,N
EXP-0002729,EMP-001357,2024-12-03,Telecoms,Vendor-35,USD,14663.24,14663.24,1.0,PROJ-043,CC-0011,PENDING,MGR-003,Y,,N
EXP-0002730,EMP-001514,2025-05-18,Training,Vendor-156,INR,10339.42,124.07,0.012,PROJ-046,CC-0020,PENDING,MGR-002,Y,,Y
EXP-0002731,EMP-001199,2024-12-22,Training,Vendor-39,SGD,3170.72,2346.33,0.74,PROJ-015,CC-0017,APPROVED,MGR-002,Y,Client visit,Y
EXP-0002732,EMP-000213,2024-04-14,Travel-Hotel,Vendor-62,GBP,3597.91,4569.35,1.27,PROJ-042,CC-0007,APPROVED,MGR-001,Y,Team lunch,N
EXP-0002733,EMP-001567,2024-02-15,Travel-Ground,Vendor-67,CAD,5600.61,4144.45,0.74,PROJ-026,CC-0019,REJECTED,MGR-003,Y,,Y
EXP-0002734,EMP-001686,2024-05-09,Travel-Ground,Vendor-59,EUR,3174.83,3460.56,1.09,PROJ-011,CC-0002,CANCELLED,MGR-001,Y,,N
EXP-0002735,EMP-001551,2024-11-07,Meals,Vendor-150,USD,14117.53,14117.53,1.0,PROJ-007,CC-0008,CANCELLED,MGR-001,Y,,N
EXP-0002736,EMP-000348,2024-05-06,Meals,Vendor-29,CAD,7201.08,5328.8,0.74,PROJ-028,CC-0018,PENDING,MGR-001,Y,,Y
EXP-0002737,EMP-001659,2024-08-02,Training,Vendor-18,USD,9262.89,9262.89,1.0,PROJ-024,CC-0004,PENDING,MGR-001,Y,,N
EXP-0002738,EMP-001116,2024-09-09,Marketing Materials,Vendor-1,AUD,10718.39,6966.95,0.65,PROJ-013,CC-0015,REJECTED,MGR-003,Y,,Y
EXP-0002739,EMP-001625,2024-08-01,Training,Vendor-16,GBP,1444.81,1834.91,1.27,PROJ-043,CC-0009,REJECTED,MGR-002,N,Monthly subscription,N
EXP-0002740,EMP-000901,2025-05-14,Travel-Air,Vendor-4,INR,4635.71,55.63,0.012,PROJ-021,CC-0008,REJECTED,MGR-002,N,Client visit,N
EXP-0002741,EMP-001596,2025-06-07,Travel-Air,Vendor-171,GBP,10010.37,12713.17,1.27,PROJ-036,CC-0006,PENDING,MGR-003,Y,Conference attendance,Y
EXP-0002742,EMP-001212,2024-06-18,Software License,Vendor-132,AUD,7387.4,4801.81,0.65,PROJ-032,CC-0012,PENDING,MGR-002,Y,Monthly subscription,N
EXP-0002743,EMP-001811,2024-08-28,Meals,Vendor-191,AUD,1513.72,983.92,0.65,PROJ-003,CC-0015,APPROVED,MGR-002,Y,Team lunch,N
EXP-0002744,EMP-001357,2025-02-15,Meals,Vendor-196,USD,9673.03,9673.03,1.0,PROJ-015,CC-0003,APPROVED,MGR-003,Y,,N
EXP-0002745,EMP-001973,2024-12-06,Software License,Vendor-191,GBP,14983.51,19029.06,1.27,PROJ-015,CC-0001,PENDING,MGR-002,N,,Y
EXP-0002746,EMP-000117,2024-08-23,Training,Vendor-127,CAD,3841.95,2843.04,0.74,PROJ-040,CC-0003,CANCELLED,MGR-001,N,Team lunch,Y
EXP-0002747,EMP-001661,2024-05-20,Travel-Air,Vendor-4,USD,6218.39,6218.39,1.0,PROJ-019,CC-0012,PENDING,MGR-001,Y,Client visit,Y
EXP-0002748,EMP-000554,2025-04-04,Client Entertainment,Vendor-33,JPY,2745.85,18.4,0.0067,PROJ-020,CC-0014,REJECTED,MGR-002,N,Client visit,N
EXP-0002749,EMP-000870,2024-12-02,Travel-Ground,Vendor-148,INR,918.69,11.02,0.012,PROJ-043,CC-0020,APPROVED,MGR-002,N,Team lunch,N
EXP-0002750,EMP-001668,2025-04-06,Travel-Ground,Vendor-192,GBP,1949.49,2475.85,1.27,PROJ-047,CC-0002,REJECTED,MGR-002,Y,Client visit,N
EXP-0002751,EMP-001101,2024-04-11,Telecoms,Vendor-155,INR,177.5,2.13,0.012,PROJ-049,CC-0014,REJECTED,MGR-002,Y,Team lunch,N
EXP-0002752,EMP-001524,2024-03-22,Training,Vendor-68,SGD,14983.48,11087.78,0.74,PROJ-019,CC-0006,APPROVED,MGR-002,Y,Conference attendance,N
EXP-0002753,EMP-001887,2025-01-13,Software License,Vendor-108,GBP,14606.44,18550.18,1.27,PROJ-031,CC-0009,APPROVED,MGR-003,N,Conference attendance,Y
EXP-0002754,EMP-001637,2024-11-19,Telecoms,Vendor-189,JPY,9693.37,64.95,0.0067,PROJ-039,CC-0008,APPROVED,MGR-001,Y,Client visit,N
EXP-0002755,EMP-000069,2024-12-23,Marketing Materials,Vendor-14,GBP,4555.29,5785.22,1.27,PROJ-025,CC-0016,APPROVED,MGR-003,Y,Monthly subscription,N
EXP-0002756,EMP-001064,2024-09-20,Travel-Air,Vendor-13,JPY,5396.66,36.16,0.0067,PROJ-001,CC-0002,REJECTED,MGR-001,Y,Monthly subscription,N
EXP-0002757,EMP-000516,2025-04-18,Office Supplies,Vendor-136,AUD,12740.33,8281.21,0.65,PROJ-014,CC-0010,CANCELLED,MGR-002,N,Monthly subscription,N
EXP-0002758,EMP-001834,2024-05-25,Client Entertainment,Vendor-102,USD,4237.99,4237.99,1.0,PROJ-028,CC-0005,REJECTED,MGR-002,Y,Conference attendance,Y
EXP-0002759,EMP-001427,2025-04-26,Telecoms,Vendor-85,CAD,7959.86,5890.3,0.74,PROJ-048,CC-0003,APPROVED,MGR-003,Y,Client visit,Y
EXP-0002760,EMP-001396,2025-01-16,Travel-Air,Vendor-143,JPY,5300.03,35.51,0.0067,PROJ-044,CC-0004,REJECTED,MGR-003,Y,,Y
EXP-0002761,EMP-000693,2024-01-23,Training,Vendor-19,AUD,3611.57,2347.52,0.65,PROJ-050,CC-0016,REJECTED,MGR-001,Y,,N
EXP-0002762,EMP-000992,2025-01-31,Meals,Vendor-198,SGD,14241.59,10538.78,0.74,PROJ-007,CC-0002,PENDING,MGR-001,N,Conference attendance,N
EXP-0002763,EMP-000333,2025-01-05,Client Entertainment,Vendor-97,JPY,7082.43,47.45,0.0067,PROJ-007,CC-0014,REJECTED,MGR-002,Y,Team lunch,N
EXP-0002764,EMP-001943,2025-06-01,Telecoms,Vendor-195,AUD,5488.45,3567.49,0.65,PROJ-012,CC-0009,REJECTED,MGR-001,N,Client visit,Y
EXP-0002765,EMP-001629,2024-09-04,Training,Vendor-162,GBP,12844.08,16311.98,1.27,PROJ-009,CC-0009,REJECTED,MGR-002,N,,N
EXP-0002766,EMP-000190,2024-09-29,Client Entertainment,Vendor-136,INR,14687.2,176.25,0.012,PROJ-037,CC-0010,APPROVED,MGR-001,Y,Team lunch,N
EXP-0002767,EMP-000481,2024-06-07,Client Entertainment,Vendor-144,AUD,13456.64,8746.82,0.65,PROJ-048,CC-0017,CANCELLED,MGR-003,Y,,N
EXP-0002768,EMP-001365,2025-05-03,Office Supplies,Vendor-66,CAD,7181.49,5314.3,0.74,PROJ-037,CC-0016,PENDING,MGR-002,Y,Monthly subscription,Y
EXP-0002769,EMP-000719,2024-04-24,Telecoms,Vendor-26,AUD,12848.47,8351.51,0.65,PROJ-035,CC-0015,APPROVED,MGR-002,N,,N
EXP-0002770,EMP-001653,2025-04-13,Office Supplies,Vendor-109,AUD,6628.68,4308.64,0.65,PROJ-045,CC-0013,APPROVED,MGR-003,Y,,Y
EXP-0002771,EMP-000336,2025-01-24,Client Entertainment,Vendor-33,CAD,13412.98,9925.61,0.74,PROJ-022,CC-0019,PENDING,MGR-001,Y,Team lunch,N
EXP-0002772,EMP-000728,2025-03-06,Training,Vendor-82,USD,7968.9,7968.9,1.0,PROJ-037,CC-0004,APPROVED,MGR-003,Y,,N
EXP-0002773,EMP-001503,2025-03-01,Training,Vendor-12,CAD,11949.59,8842.7,0.74,PROJ-043,CC-0010,REJECTED,MGR-002,Y,Team lunch,Y
EXP-0002774,EMP-001649,2025-04-06,Training,Vendor-15,AUD,520.41,338.27,0.65,PROJ-009,CC-0012,APPROVED,MGR-003,Y,Monthly subscription,N
EXP-0002775,EMP-000578,2024-02-06,Telecoms,Vendor-178,AUD,3848.15,2501.3,0.65,PROJ-040,CC-0018,REJECTED,MGR-002,Y,Client visit,N
EXP-0002776,EMP-000444,2025-05-17,Client Entertainment,Vendor-69,JPY,14900.49,99.83,0.0067,PROJ-048,CC-0018,REJECTED,MGR-002,Y,,N
EXP-0002777,EMP-001707,2025-02-23,Meals,Vendor-62,SGD,5861.74,4337.69,0.74,PROJ-022,CC-0009,PENDING,MGR-001,Y,Conference attendance,N
EXP-0002778,EMP-001405,2025-04-05,Travel-Ground,Vendor-121,CAD,11707.4,8663.48,0.74,PROJ-047,CC-0016,PENDING,MGR-003,N,Team lunch,N
EXP-0002779,EMP-001804,2025-05-24,Travel-Air,Vendor-184,INR,10087.05,121.04,0.012,PROJ-036,CC-0019,REJECTED,MGR-001,Y,Team lunch,Y
EXP-0002780,EMP-000868,2024-02-01,Travel-Ground,Vendor-200,CAD,6152.13,4552.58,0.74,PROJ-030,CC-0014,REJECTED,MGR-002,N,,N
EXP-0002781,EMP-000095,2024-02-27,Training,Vendor-155,CAD,10382.54,7683.08,0.74,PROJ-026,CC-0004,CANCELLED,MGR-002,N,Team lunch,N
EXP-0002782,EMP-000525,2024-05-22,Client Entertainment,Vendor-126,SGD,10214.64,7558.83,0.74,PROJ-007,CC-0014,REJECTED,MGR-003,Y,,Y
EXP-0002783,EMP-001394,2025-03-14,Telecoms,Vendor-86,JPY,2903.74,19.46,0.0067,PROJ-002,CC-0016,PENDING,MGR-002,N,Monthly subscription,Y
EXP-0002784,EMP-000152,2024-12-23,Office Supplies,Vendor-157,GBP,5829.07,7402.92,1.27,PROJ-031,CC-0017,APPROVED,MGR-002,N,Client visit,Y
EXP-0002785,EMP-000044,2025-06-20,Travel-Hotel,Vendor-51,SGD,10051.66,7438.23,0.74,PROJ-014,CC-0010,APPROVED,MGR-001,N,Team lunch,N
EXP-0002786,EMP-000886,2024-06-28,Client Entertainment,Vendor-160,CAD,2675.97,1980.22,0.74,PROJ-019,CC-0004,APPROVED,MGR-001,Y,,N
EXP-0002787,EMP-001422,2024-06-27,Telecoms,Vendor-77,GBP,1778.57,2258.78,1.27,PROJ-027,CC-0009,APPROVED,MGR-001,Y,Conference attendance,Y
EXP-0002788,EMP-001855,2024-04-06,Client Entertainment,Vendor-112,SGD,14902.51,11027.86,0.74,PROJ-023,CC-0019,REJECTED,MGR-001,Y,,Y
EXP-0002789,EMP-001693,2024-08-24,Telecoms,Vendor-192,USD,12147.71,12147.71,1.0,PROJ-004,CC-0012,CANCELLED,MGR-002,Y,,N
EXP-0002790,EMP-001941,2024-10-24,Meals,Vendor-143,EUR,3260.47,3553.91,1.09,PROJ-044,CC-0007,CANCELLED,MGR-002,Y,Client visit,N
EXP-0002791,EMP-001474,2025-05-05,Meals,Vendor-79,JPY,3642.62,24.41,0.0067,PROJ-041,CC-0018,REJECTED,MGR-001,N,Conference attendance,Y
EXP-0002792,EMP-000280,2024-03-22,Training,Vendor-148,SGD,7128.72,5275.25,0.74,PROJ-014,CC-0003,CANCELLED,MGR-001,Y,Conference attendance,N
EXP-0002793,EMP-000870,2025-03-30,Telecoms,Vendor-156,INR,2976.04,35.71,0.012,PROJ-010,CC-0009,REJECTED,MGR-003,N,,N
EXP-0002794,EMP-001144,2025-04-17,Training,Vendor-151,EUR,5924.68,6457.9,1.09,PROJ-016,CC-0017,REJECTED,MGR-003,Y,Client visit,N
EXP-0002795,EMP-000999,2025-05-06,Client Entertainment,Vendor-128,SGD,2494.47,1845.91,0.74,PROJ-035,CC-0013,APPROVED,MGR-001,Y,Conference attendance,N
EXP-0002796,EMP-001755,2024-06-18,Telecoms,Vendor-97,JPY,10577.35,70.87,0.0067,PROJ-040,CC-0013,REJECTED,MGR-001,Y,Conference attendance,N
EXP-0002797,EMP-001364,2025-06-10,Travel-Air,Vendor-37,SGD,3313.82,2452.23,0.74,PROJ-002,CC-0010,APPROVED,MGR-002,Y,,Y
EXP-0002798,EMP-001161,2024-03-11,Travel-Ground,Vendor-153,SGD,12087.04,8944.41,0.74,PROJ-050,CC-0009,PENDING,MGR-003,N,Team lunch,Y
EXP-0002799,EMP-000897,2024-04-12,Client Entertainment,Vendor-159,EUR,6340.78,6911.45,1.09,PROJ-026,CC-0008,REJECTED,MGR-002,Y,Conference attendance,Y
EXP-0002800,EMP-000130,2024-03-22,Travel-Air,Vendor-30,INR,3143.3,37.72,0.012,PROJ-047,CC-0011,REJECTED,MGR-002,Y,Team lunch,Y
EXP-0002801,EMP-000978,2024-02-28,Travel-Air,Vendor-186,GBP,12191.06,15482.65,1.27,PROJ-045,CC-0003,CANCELLED,MGR-002,N,Conference attendance,N
EXP-0002802,EMP-000057,2025-05-26,Meals,Vendor-2,INR,6228.64,74.74,0.012,PROJ-012,CC-0004,CANCELLED,MGR-001,Y,Client visit,Y
EXP-0002803,EMP-001350,2024-02-15,Travel-Hotel,Vendor-2,SGD,12171.16,9006.66,0.74,PROJ-007,CC-0010,PENDING,MGR-002,N,Conference attendance,Y
EXP-0002804,EMP-001388,2024-09-24,Travel-Air,Vendor-1,EUR,14239.96,15521.56,1.09,PROJ-027,CC-0003,PENDING,MGR-003,Y,Monthly subscription,N
EXP-0002805,EMP-000109,2024-06-24,Software License,Vendor-22,JPY,13898.81,93.12,0.0067,PROJ-018,CC-0008,REJECTED,MGR-003,Y,Monthly subscription,N
EXP-0002806,EMP-001141,2024-02-01,Travel-Air,Vendor-78,GBP,971.53,1233.84,1.27,PROJ-022,CC-0002,APPROVED,MGR-002,N,Conference attendance,Y
EXP-0002807,EMP-001867,2025-02-20,Travel-Air,Vendor-39,INR,9172.59,110.07,0.012,PROJ-031,CC-0013,PENDING,MGR-003,Y,Team lunch,N
EXP-0002808,EMP-001736,2024-12-01,Client Entertainment,Vendor-129,JPY,6262.92,41.96,0.0067,PROJ-022,CC-0013,PENDING,MGR-002,Y,Monthly subscription,Y
EXP-0002809,EMP-000635,2025-02-14,Client Entertainment,Vendor-194,AUD,2545.42,1654.52,0.65,PROJ-004,CC-0013,REJECTED,MGR-003,Y,Conference attendance,N
EXP-0002810,EMP-001802,2024-04-18,Marketing Materials,Vendor-41,INR,12792.48,153.51,0.012,PROJ-032,CC-0016,APPROVED,MGR-001,Y,,Y
EXP-0002811,EMP-001976,2024-01-22,Travel-Hotel,Vendor-146,JPY,842.19,5.64,0.0067,PROJ-032,CC-0011,REJECTED,MGR-002,Y,,Y
EXP-0002812,EMP-001124,2025-01-25,Software License,Vendor-12,JPY,7383.65,49.47,0.0067,PROJ-017,CC-0009,REJECTED,MGR-001,Y,Monthly subscription,Y
EXP-0002813,EMP-001534,2025-02-18,Training,Vendor-162,AUD,11488.64,7467.62,0.65,PROJ-002,CC-0017,APPROVED,MGR-003,Y,Conference attendance,Y
EXP-0002814,EMP-000466,2025-03-24,Marketing Materials,Vendor-169,INR,12288.9,147.47,0.012,PROJ-027,CC-0006,CANCELLED,MGR-003,Y,,N
EXP-0002815,EMP-000522,2024-03-05,Office Supplies,Vendor-186,USD,4406.78,4406.78,1.0,PROJ-037,CC-0017,APPROVED,MGR-002,N,Conference attendance,N
EXP-0002816,EMP-000161,2025-03-25,Travel-Air,Vendor-12,JPY,9895.39,66.3,0.0067,PROJ-028,CC-0018,APPROVED,MGR-002,N,Team lunch,N
EXP-0002817,EMP-001909,2024-08-19,Telecoms,Vendor-192,SGD,2320.88,1717.45,0.74,PROJ-042,CC-0015,CANCELLED,MGR-002,Y,,Y
EXP-0002818,EMP-001773,2025-04-15,Travel-Hotel,Vendor-83,INR,3781.11,45.37,0.012,PROJ-003,CC-0001,CANCELLED,MGR-002,Y,Conference attendance,N
EXP-0002819,EMP-000228,2024-01-07,Travel-Air,Vendor-115,INR,11369.02,136.43,0.012,PROJ-031,CC-0018,REJECTED,MGR-001,Y,Monthly subscription,N
EXP-0002820,EMP-001085,2025-03-14,Training,Vendor-124,SGD,6557.64,4852.65,0.74,PROJ-003,CC-0014,CANCELLED,MGR-002,N,,Y
EXP-0002821,EMP-000363,2024-08-26,Client Entertainment,Vendor-151,EUR,11977.73,13055.73,1.09,PROJ-008,CC-0009,PENDING,MGR-001,N,Conference attendance,N
EXP-0002822,EMP-000362,2025-01-07,Telecoms,Vendor-125,EUR,6792.6,7403.93,1.09,PROJ-035,CC-0008,PENDING,MGR-002,Y,Monthly subscription,Y
EXP-0002823,EMP-001578,2024-02-16,Software License,Vendor-152,GBP,2566.96,3260.04,1.27,PROJ-038,CC-0009,REJECTED,MGR-003,Y,,N
EXP-0002824,EMP-001375,2024-06-18,Software License,Vendor-194,USD,1368.16,1368.16,1.0,PROJ-026,CC-0005,APPROVED,MGR-003,N,Team lunch,Y
EXP-0002825,EMP-001106,2024-02-09,Travel-Ground,Vendor-92,USD,12896.85,12896.85,1.0,PROJ-032,CC-0002,APPROVED,MGR-002,N,,Y
EXP-0002826,EMP-000938,2024-03-04,Meals,Vendor-96,JPY,10776.87,72.21,0.0067,PROJ-022,CC-0020,REJECTED,MGR-003,Y,Monthly subscription,Y
EXP-0002827,EMP-000776,2024-03-19,Office Supplies,Vendor-181,JPY,6577.29,44.07,0.0067,PROJ-027,CC-0005,CANCELLED,MGR-002,Y,,Y
EXP-0002828,EMP-000112,2024-05-15,Software License,Vendor-63,JPY,12839.65,86.03,0.0067,PROJ-025,CC-0017,CANCELLED,MGR-001,N,Conference attendance,Y
EXP-0002829,EMP-000566,2025-01-03,Travel-Air,Vendor-141,EUR,4900.14,5341.15,1.09,PROJ-002,CC-0013,REJECTED,MGR-001,Y,,N
EXP-0002830,EMP-001856,2025-05-24,Travel-Hotel,Vendor-138,CAD,12337.13,9129.48,0.74,PROJ-013,CC-0010,APPROVED,MGR-001,Y,,Y
EXP-0002831,EMP-001106,2024-10-26,Marketing Materials,Vendor-74,JPY,5848.75,39.19,0.0067,PROJ-016,CC-0019,PENDING,MGR-001,Y,Monthly subscription,N
EXP-0002832,EMP-001663,2024-11-16,Office Supplies,Vendor-1,USD,3384.93,3384.93,1.0,PROJ-046,CC-0018,CANCELLED,MGR-001,Y,Monthly subscription,Y
EXP-0002833,EMP-001632,2024-01-06,Client Entertainment,Vendor-73,SGD,5600.72,4144.53,0.74,PROJ-030,CC-0020,APPROVED,MGR-003,Y,,Y
EXP-0002834,EMP-000031,2024-05-09,Training,Vendor-168,USD,3949.44,3949.44,1.0,PROJ-034,CC-0019,APPROVED,MGR-001,Y,Team lunch,N
EXP-0002835,EMP-000386,2024-01-05,Travel-Air,Vendor-83,INR,1712.6,20.55,0.012,PROJ-041,CC-0002,APPROVED,MGR-003,Y,Team lunch,N
EXP-0002836,EMP-001850,2025-06-04,Travel-Air,Vendor-139,AUD,7238.13,4704.78,0.65,PROJ-019,CC-0006,CANCELLED,MGR-002,Y,Team lunch,Y
EXP-0002837,EMP-001606,2024-01-03,Training,Vendor-42,EUR,7525.59,8202.89,1.09,PROJ-023,CC-0011,PENDING,MGR-001,Y,Monthly subscription,Y
EXP-0002838,EMP-001725,2025-01-13,Travel-Air,Vendor-30,INR,1103.76,13.25,0.012,PROJ-013,CC-0011,PENDING,MGR-002,Y,Conference attendance,Y
EXP-0002839,EMP-000971,2024-12-19,Travel-Air,Vendor-185,SGD,8297.34,6140.03,0.74,PROJ-024,CC-0004,PENDING,MGR-003,Y,,N
EXP-0002840,EMP-000735,2024-04-04,Client Entertainment,Vendor-27,GBP,7698.1,9776.59,1.27,PROJ-009,CC-0001,APPROVED,MGR-002,Y,,Y
EXP-0002841,EMP-000766,2024-03-10,Software License,Vendor-110,AUD,11027.3,7167.74,0.65,PROJ-038,CC-0020,PENDING,MGR-001,N,Team lunch,N
EXP-0002842,EMP-000784,2024-09-28,Training,Vendor-58,EUR,11771.06,12830.46,1.09,PROJ-033,CC-0015,PENDING,MGR-001,N,,N
EXP-0002843,EMP-001235,2024-02-19,Office Supplies,Vendor-14,EUR,12763.06,13911.74,1.09,PROJ-024,CC-0014,PENDING,MGR-002,Y,Team lunch,Y
EXP-0002844,EMP-001666,2024-05-06,Meals,Vendor-123,EUR,4532.03,4939.91,1.09,PROJ-014,CC-0020,REJECTED,MGR-003,Y,Client visit,N
EXP-0002845,EMP-001831,2025-03-16,Office Supplies,Vendor-149,GBP,8516.71,10816.22,1.27,PROJ-019,CC-0007,CANCELLED,MGR-002,N,Team lunch,N
EXP-0002846,EMP-000628,2024-11-18,Telecoms,Vendor-72,CAD,1269.73,939.6,0.74,PROJ-024,CC-0014,APPROVED,MGR-002,Y,,N
EXP-0002847,EMP-000782,2024-08-26,Travel-Hotel,Vendor-137,GBP,13743.04,17453.66,1.27,PROJ-029,CC-0020,CANCELLED,MGR-002,N,Client visit,Y
EXP-0002848,EMP-000576,2024-06-08,Meals,Vendor-62,EUR,2985.15,3253.81,1.09,PROJ-015,CC-0017,PENDING,MGR-001,Y,Conference attendance,Y
EXP-0002849,EMP-001488,2024-06-06,Training,Vendor-5,INR,416.15,4.99,0.012,PROJ-017,CC-0001,APPROVED,MGR-002,N,,N
EXP-0002850,EMP-000621,2025-04-23,Travel-Air,Vendor-128,JPY,6436.83,43.13,0.0067,PROJ-042,CC-0005,CANCELLED,MGR-001,N,Team lunch,N
EXP-0002851,EMP-001242,2025-03-04,Office Supplies,Vendor-52,SGD,11008.04,8145.95,0.74,PROJ-027,CC-0017,APPROVED,MGR-002,N,Team lunch,Y
EXP-0002852,EMP-001587,2025-06-22,Travel-Ground,Vendor-52,USD,12648.6,12648.6,1.0,PROJ-013,CC-0002,CANCELLED,MGR-001,Y,,Y
EXP-0002853,EMP-000104,2025-04-22,Software License,Vendor-26,AUD,6967.48,4528.86,0.65,PROJ-034,CC-0013,PENDING,MGR-001,Y,,N
EXP-0002854,EMP-001081,2024-06-27,Marketing Materials,Vendor-167,CAD,6062.44,4486.21,0.74,PROJ-042,CC-0003,CANCELLED,MGR-003,Y,Conference attendance,Y
EXP-0002855,EMP-001841,2025-02-12,Marketing Materials,Vendor-175,JPY,11627.77,77.91,0.0067,PROJ-034,CC-0003,PENDING,MGR-002,Y,Monthly subscription,Y
EXP-0002856,EMP-001377,2024-09-29,Office Supplies,Vendor-83,INR,2586.16,31.03,0.012,PROJ-033,CC-0001,CANCELLED,MGR-003,Y,,N
EXP-0002857,EMP-000585,2024-04-13,Telecoms,Vendor-157,EUR,2360.17,2572.59,1.09,PROJ-030,CC-0020,CANCELLED,MGR-001,N,Conference attendance,Y
EXP-0002858,EMP-000542,2024-01-05,Telecoms,Vendor-140,USD,7972.28,7972.28,1.0,PROJ-023,CC-0009,REJECTED,MGR-003,Y,,Y
EXP-0002859,EMP-001094,2024-09-09,Meals,Vendor-66,AUD,13461.74,8750.13,0.65,PROJ-027,CC-0011,CANCELLED,MGR-003,Y,,Y
EXP-0002860,EMP-000205,2024-08-09,Travel-Hotel,Vendor-172,JPY,907.6,6.08,0.0067,PROJ-033,CC-0001,CANCELLED,MGR-003,Y,,N
EXP-0002861,EMP-001889,2025-05-02,Client Entertainment,Vendor-57,AUD,851.13,553.23,0.65,PROJ-041,CC-0001,CANCELLED,MGR-003,Y,,Y
EXP-0002862,EMP-001889,2024-12-08,Meals,Vendor-113,SGD,7865.33,5820.34,0.74,PROJ-007,CC-0005,CANCELLED,MGR-003,Y,Conference attendance,N
EXP-0002863,EMP-001956,2024-11-23,Training,Vendor-139,GBP,5011.17,6364.19,1.27,PROJ-041,CC-0004,PENDING,MGR-003,Y,Client visit,Y
EXP-0002864,EMP-001993,2024-05-02,Training,Vendor-172,AUD,12280.05,7982.03,0.65,PROJ-022,CC-0013,PENDING,MGR-002,Y,,N
EXP-0002865,EMP-001711,2024-04-23,Training,Vendor-140,AUD,3701.32,2405.86,0.65,PROJ-011,CC-0015,PENDING,MGR-003,Y,Monthly subscription,N
EXP-0002866,EMP-000066,2025-06-24,Client Entertainment,Vendor-4,JPY,6526.16,43.73,0.0067,PROJ-029,CC-0017,REJECTED,MGR-003,Y,Monthly subscription,Y
EXP-0002867,EMP-000920,2024-10-28,Office Supplies,Vendor-99,GBP,4987.48,6334.1,1.27,PROJ-009,CC-0004,CANCELLED,MGR-003,Y,Team lunch,N
EXP-0002868,EMP-000704,2024-11-03,Travel-Ground,Vendor-68,EUR,4748.27,5175.61,1.09,PROJ-022,CC-0018,CANCELLED,MGR-002,Y,Client visit,Y
EXP-0002869,EMP-000332,2024-05-18,Office Supplies,Vendor-121,USD,14909.7,14909.7,1.0,PROJ-040,CC-0009,APPROVED,MGR-002,Y,Conference attendance,N
EXP-0002870,EMP-001059,2024-06-16,Training,Vendor-184,AUD,1572.16,1021.9,0.65,PROJ-015,CC-0018,CANCELLED,MGR-003,N,Client visit,Y
EXP-0002871,EMP-001365,2025-06-21,Office Supplies,Vendor-36,CAD,12516.4,9262.14,0.74,PROJ-010,CC-0012,REJECTED,MGR-002,Y,Client visit,N
EXP-0002872,EMP-000124,2024-08-20,Software License,Vendor-103,JPY,14744.52,98.79,0.0067,PROJ-024,CC-0016,REJECTED,MGR-003,Y,,N
EXP-0002873,EMP-001897,2024-03-22,Client Entertainment,Vendor-198,CAD,7364.28,5449.57,0.74,PROJ-038,CC-0006,CANCELLED,MGR-001,Y,Client visit,N
EXP-0002874,EMP-000065,2024-02-23,Travel-Hotel,Vendor-39,USD,9716.43,9716.43,1.0,PROJ-028,CC-0014,REJECTED,MGR-002,Y,,N
EXP-0002875,EMP-001604,2024-02-07,Telecoms,Vendor-22,GBP,4278.3,5433.44,1.27,PROJ-001,CC-0002,APPROVED,MGR-002,Y,Monthly subscription,N
EXP-0002876,EMP-000637,2024-09-11,Travel-Air,Vendor-14,AUD,5103.88,3317.52,0.65,PROJ-007,CC-0016,REJECTED,MGR-002,N,,N
EXP-0002877,EMP-001333,2024-06-09,Travel-Air,Vendor-166,AUD,12934.31,8407.3,0.65,PROJ-021,CC-0006,PENDING,MGR-002,Y,,Y
EXP-0002878,EMP-001963,2024-07-22,Travel-Ground,Vendor-28,USD,7491.13,7491.13,1.0,PROJ-027,CC-0013,REJECTED,MGR-002,Y,Conference attendance,N
EXP-0002879,EMP-001391,2025-02-17,Travel-Hotel,Vendor-31,USD,9411.7,9411.7,1.0,PROJ-032,CC-0003,PENDING,MGR-003,Y,Conference attendance,Y
EXP-0002880,EMP-000046,2025-02-20,Client Entertainment,Vendor-46,INR,512.54,6.15,0.012,PROJ-010,CC-0015,CANCELLED,MGR-002,N,Monthly subscription,N
EXP-0002881,EMP-001880,2025-03-17,Software License,Vendor-16,JPY,5083.09,34.06,0.0067,PROJ-021,CC-0007,REJECTED,MGR-002,Y,,N
EXP-0002882,EMP-000843,2024-01-16,Travel-Ground,Vendor-131,GBP,1234.59,1567.93,1.27,PROJ-024,CC-0019,REJECTED,MGR-001,Y,Monthly subscription,N
EXP-0002883,EMP-001155,2024-07-10,Travel-Air,Vendor-67,SGD,13846.35,10246.3,0.74,PROJ-047,CC-0003,REJECTED,MGR-002,N,,Y
EXP-0002884,EMP-001766,2024-04-11,Office Supplies,Vendor-71,CAD,755.51,559.08,0.74,PROJ-047,CC-0008,APPROVED,MGR-003,N,,Y
EXP-0002885,EMP-000572,2024-10-28,Client Entertainment,Vendor-59,SGD,6875.19,5087.64,0.74,PROJ-015,CC-0005,REJECTED,MGR-002,Y,,N
EXP-0002886,EMP-001499,2024-10-16,Travel-Air,Vendor-76,SGD,10401.49,7697.1,0.74,PROJ-031,CC-0015,PENDING,MGR-002,Y,,N
EXP-0002887,EMP-001778,2025-06-06,Meals,Vendor-170,SGD,2263.59,1675.06,0.74,PROJ-050,CC-0010,APPROVED,MGR-003,Y,Team lunch,N
EXP-0002888,EMP-001222,2025-03-28,Marketing Materials,Vendor-75,GBP,336.53,427.39,1.27,PROJ-019,CC-0006,PENDING,MGR-003,N,Conference attendance,N
EXP-0002889,EMP-000264,2025-05-29,Travel-Ground,Vendor-109,AUD,1975.71,1284.21,0.65,PROJ-023,CC-0017,REJECTED,MGR-003,Y,Conference attendance,Y
EXP-0002890,EMP-000147,2024-01-02,Software License,Vendor-165,AUD,7740.61,5031.4,0.65,PROJ-024,CC-0016,APPROVED,MGR-002,Y,Client visit,N
EXP-0002891,EMP-000718,2024-04-29,Travel-Ground,Vendor-198,INR,13384.65,160.62,0.012,PROJ-015,CC-0010,PENDING,MGR-002,Y,Conference attendance,N
EXP-0002892,EMP-000042,2025-02-28,Meals,Vendor-19,USD,7716.55,7716.55,1.0,PROJ-047,CC-0008,REJECTED,MGR-003,Y,Client visit,N
EXP-0002893,EMP-001605,2024-10-02,Software License,Vendor-159,SGD,8102.75,5996.03,0.74,PROJ-002,CC-0016,PENDING,MGR-003,Y,Client visit,Y
EXP-0002894,EMP-001627,2024-03-14,Travel-Ground,Vendor-101,GBP,9561.25,12142.79,1.27,PROJ-020,CC-0005,APPROVED,MGR-003,Y,Monthly subscription,N
EXP-0002895,EMP-001997,2025-06-01,Telecoms,Vendor-56,AUD,11524.83,7491.14,0.65,PROJ-050,CC-0015,CANCELLED,MGR-001,Y,Conference attendance,N
EXP-0002896,EMP-001274,2025-01-14,Travel-Air,Vendor-164,USD,6664.79,6664.79,1.0,PROJ-026,CC-0005,CANCELLED,MGR-003,N,Client visit,N
EXP-0002897,EMP-000523,2024-07-26,Travel-Ground,Vendor-110,JPY,2697.79,18.08,0.0067,PROJ-022,CC-0015,PENDING,MGR-001,Y,,Y
EXP-0002898,EMP-000083,2025-05-07,Marketing Materials,Vendor-160,AUD,11083.28,7204.13,0.65,PROJ-048,CC-0008,CANCELLED,MGR-003,Y,Team lunch,N
EXP-0002899,EMP-001335,2024-07-14,Telecoms,Vendor-151,EUR,10508.53,11454.3,1.09,PROJ-040,CC-0014,PENDING,MGR-002,Y,,N
EXP-0002900,EMP-000221,2024-08-17,Marketing Materials,Vendor-93,INR,4163.89,49.97,0.012,PROJ-029,CC-0019,PENDING,MGR-003,N,Team lunch,Y
EXP-0002901,EMP-001646,2024-12-26,Travel-Hotel,Vendor-81,USD,1518.13,1518.13,1.0,PROJ-039,CC-0019,REJECTED,MGR-001,Y,Monthly subscription,N
EXP-0002902,EMP-000740,2024-12-05,Meals,Vendor-50,SGD,14366.55,10631.25,0.74,PROJ-014,CC-0003,CANCELLED,MGR-003,N,Conference attendance,Y
EXP-0002903,EMP-000675,2025-01-27,Travel-Hotel,Vendor-158,AUD,12261.06,7969.69,0.65,PROJ-028,CC-0004,CANCELLED,MGR-002,Y,,Y
EXP-0002904,EMP-000042,2024-01-21,Travel-Air,Vendor-44,EUR,1697.27,1850.02,1.09,PROJ-032,CC-0017,CANCELLED,MGR-002,Y,,N
EXP-0002905,EMP-000719,2024-05-03,Travel-Ground,Vendor-84,USD,11529.06,11529.06,1.0,PROJ-015,CC-0017,APPROVED,MGR-003,Y,Client visit,Y
EXP-0002906,EMP-000442,2025-05-22,Office Supplies,Vendor-154,USD,4970.28,4970.28,1.0,PROJ-014,CC-0006,CANCELLED,MGR-003,N,,N
EXP-0002907,EMP-001625,2025-01-29,Travel-Ground,Vendor-46,AUD,10136.09,6588.46,0.65,PROJ-026,CC-0017,CANCELLED,MGR-002,N,Conference attendance,Y
EXP-0002908,EMP-000533,2024-07-30,Marketing Materials,Vendor-126,INR,2461.15,29.53,0.012,PROJ-009,CC-0001,CANCELLED,MGR-002,Y,,Y
EXP-0002909,EMP-001334,2024-11-02,Client Entertainment,Vendor-168,GBP,4664.11,5923.42,1.27,PROJ-039,CC-0009,APPROVED,MGR-003,Y,,N
EXP-0002910,EMP-001177,2025-01-28,Travel-Ground,Vendor-163,INR,14536.4,174.44,0.012,PROJ-017,CC-0007,REJECTED,MGR-001,N,Team lunch,N
EXP-0002911,EMP-000923,2024-08-22,Office Supplies,Vendor-136,GBP,12658.51,16076.31,1.27,PROJ-022,CC-0001,CANCELLED,MGR-001,Y,,Y
EXP-0002912,EMP-001324,2024-05-01,Travel-Air,Vendor-50,EUR,5250.12,5722.63,1.09,PROJ-006,CC-0018,CANCELLED,MGR-002,N,Conference attendance,N
EXP-0002913,EMP-000561,2024-10-11,Software License,Vendor-107,INR,8689.99,104.28,0.012,PROJ-028,CC-0003,CANCELLED,MGR-002,Y,,N
EXP-0002914,EMP-001475,2024-12-06,Travel-Air,Vendor-184,USD,14529.76,14529.76,1.0,PROJ-018,CC-0008,REJECTED,MGR-001,Y,Conference attendance,Y
EXP-0002915,EMP-000701,2025-04-09,Office Supplies,Vendor-178,JPY,9814.16,65.75,0.0067,PROJ-020,CC-0015,REJECTED,MGR-002,Y,Monthly subscription,N
EXP-0002916,EMP-001205,2025-05-03,Training,Vendor-78,CAD,10879.51,8050.84,0.74,PROJ-006,CC-0002,REJECTED,MGR-001,Y,,N
EXP-0002917,EMP-001643,2024-06-04,Meals,Vendor-63,USD,11886.17,11886.17,1.0,PROJ-004,CC-0020,REJECTED,MGR-002,N,Conference attendance,N
EXP-0002918,EMP-001770,2025-03-04,Travel-Hotel,Vendor-97,SGD,9550.65,7067.48,0.74,PROJ-022,CC-0008,CANCELLED,MGR-001,Y,Monthly subscription,Y
EXP-0002919,EMP-001222,2024-01-01,Training,Vendor-182,AUD,2482.08,1613.35,0.65,PROJ-034,CC-0003,CANCELLED,MGR-001,N,Conference attendance,N
EXP-0002920,EMP-000116,2025-05-05,Travel-Hotel,Vendor-13,GBP,5280.74,6706.54,1.27,PROJ-028,CC-0013,APPROVED,MGR-002,Y,Client visit,N
EXP-0002921,EMP-001181,2024-03-01,Client Entertainment,Vendor-31,SGD,874.62,647.22,0.74,PROJ-008,CC-0015,CANCELLED,MGR-002,Y,,Y
EXP-0002922,EMP-000584,2025-02-26,Training,Vendor-9,GBP,8920.39,11328.9,1.27,PROJ-037,CC-0020,CANCELLED,MGR-003,Y,,N
EXP-0002923,EMP-001695,2024-03-11,Travel-Ground,Vendor-39,AUD,9242.16,6007.4,0.65,PROJ-039,CC-0017,PENDING,MGR-001,Y,,N
EXP-0002924,EMP-001154,2025-06-04,Marketing Materials,Vendor-40,SGD,6790.26,5024.79,0.74,PROJ-017,CC-0007,CANCELLED,MGR-002,Y,,N
EXP-0002925,EMP-000916,2024-09-16,Marketing Materials,Vendor-48,JPY,14943.53,100.12,0.0067,PROJ-045,CC-0008,APPROVED,MGR-001,Y,Conference attendance,N
EXP-0002926,EMP-000682,2024-12-29,Travel-Air,Vendor-30,AUD,7327.02,4762.56,0.65,PROJ-013,CC-0007,CANCELLED,MGR-002,N,,Y
EXP-0002927,EMP-000783,2025-04-01,Marketing Materials,Vendor-17,GBP,12531.0,15914.37,1.27,PROJ-018,CC-0001,PENDING,MGR-003,N,Monthly subscription,N
EXP-0002928,EMP-001316,2024-05-01,Meals,Vendor-116,AUD,14073.64,9147.87,0.65,PROJ-006,CC-0014,REJECTED,MGR-001,Y,,Y
EXP-0002929,EMP-000766,2025-02-22,Meals,Vendor-121,CAD,9913.33,7335.86,0.74,PROJ-035,CC-0003,PENDING,MGR-001,Y,Monthly subscription,Y
EXP-0002930,EMP-000781,2024-01-24,Travel-Air,Vendor-71,GBP,10640.35,13513.24,1.27,PROJ-029,CC-0020,APPROVED,MGR-002,Y,,N
EXP-0002931,EMP-000123,2024-12-21,Marketing Materials,Vendor-17,AUD,8980.39,5837.25,0.65,PROJ-022,CC-0004,PENDING,MGR-003,Y,Client visit,N
EXP-0002932,EMP-001441,2024-03-15,Telecoms,Vendor-176,GBP,14994.87,19043.48,1.27,PROJ-011,CC-0014,APPROVED,MGR-001,Y,,Y
EXP-0002933,EMP-001071,2024-03-15,Client Entertainment,Vendor-79,JPY,12404.71,83.11,0.0067,PROJ-006,CC-0014,CANCELLED,MGR-003,Y,Conference attendance,Y
EXP-0002934,EMP-001403,2024-06-04,Telecoms,Vendor-72,SGD,11391.01,8429.35,0.74,PROJ-011,CC-0001,CANCELLED,MGR-002,Y,,Y
EXP-0002935,EMP-001524,2024-12-18,Marketing Materials,Vendor-40,INR,11108.29,133.3,0.012,PROJ-018,CC-0001,REJECTED,MGR-003,Y,Team lunch,N
EXP-0002936,EMP-000014,2024-02-04,Meals,Vendor-16,SGD,2657.83,1966.79,0.74,PROJ-013,CC-0003,REJECTED,MGR-001,Y,Conference attendance,N
EXP-0002937,EMP-001247,2025-03-21,Travel-Ground,Vendor-198,INR,8846.29,106.16,0.012,PROJ-010,CC-0010,REJECTED,MGR-003,Y,Team lunch,N
EXP-0002938,EMP-001208,2024-12-20,Marketing Materials,Vendor-55,GBP,9154.22,11625.86,1.27,PROJ-012,CC-0012,APPROVED,MGR-003,Y,Conference attendance,Y
EXP-0002939,EMP-001659,2025-02-17,Meals,Vendor-55,EUR,12914.58,14076.89,1.09,PROJ-017,CC-0020,PENDING,MGR-001,Y,Team lunch,N
EXP-0002940,EMP-001183,2024-11-09,Travel-Ground,Vendor-109,USD,7977.24,7977.24,1.0,PROJ-033,CC-0006,PENDING,MGR-003,Y,,N
EXP-0002941,EMP-000570,2024-09-19,Marketing Materials,Vendor-47,AUD,2985.62,1940.65,0.65,PROJ-006,CC-0008,APPROVED,MGR-001,Y,Monthly subscription,N
EXP-0002942,EMP-000567,2024-04-12,Software License,Vendor-27,SGD,6086.94,4504.34,0.74,PROJ-014,CC-0020,REJECTED,MGR-002,N,Client visit,Y
EXP-0002943,EMP-001033,2024-08-08,Telecoms,Vendor-127,SGD,5430.62,4018.66,0.74,PROJ-016,CC-0004,CANCELLED,MGR-002,N,Monthly subscription,Y
EXP-0002944,EMP-000481,2024-09-14,Travel-Ground,Vendor-25,CAD,2216.64,1640.31,0.74,PROJ-048,CC-0007,REJECTED,MGR-003,Y,,N
EXP-0002945,EMP-000340,2024-01-07,Training,Vendor-51,INR,14147.67,169.77,0.012,PROJ-015,CC-0012,APPROVED,MGR-001,Y,,N
EXP-0002946,EMP-001476,2025-06-19,Travel-Air,Vendor-79,INR,11571.74,138.86,0.012,PROJ-034,CC-0006,REJECTED,MGR-001,Y,,Y
EXP-0002947,EMP-001505,2024-12-21,Marketing Materials,Vendor-113,JPY,2815.86,18.87,0.0067,PROJ-048,CC-0006,PENDING,MGR-003,Y,Conference attendance,N
EXP-0002948,EMP-000740,2025-06-02,Training,Vendor-186,EUR,9454.25,10305.13,1.09,PROJ-014,CC-0013,APPROVED,MGR-003,Y,Monthly subscription,N
EXP-0002949,EMP-000279,2025-03-04,Travel-Ground,Vendor-194,EUR,12398.04,13513.86,1.09,PROJ-013,CC-0003,CANCELLED,MGR-002,Y,Conference attendance,Y
EXP-0002950,EMP-001742,2024-05-18,Training,Vendor-192,GBP,5557.68,7058.25,1.27,PROJ-002,CC-0007,REJECTED,MGR-001,Y,Team lunch,N
EXP-0002951,EMP-001744,2025-06-05,Office Supplies,Vendor-55,INR,11359.22,136.31,0.012,PROJ-048,CC-0016,APPROVED,MGR-001,Y,,N
EXP-0002952,EMP-001765,2024-12-06,Meals,Vendor-130,USD,7879.96,7879.96,1.0,PROJ-012,CC-0018,APPROVED,MGR-001,N,,Y
EXP-0002953,EMP-000677,2025-04-08,Software License,Vendor-50,JPY,12017.77,80.52,0.0067,PROJ-049,CC-0016,CANCELLED,MGR-002,Y,Monthly subscription,Y
EXP-0002954,EMP-001899,2025-01-27,Travel-Ground,Vendor-44,EUR,9397.69,10243.48,1.09,PROJ-010,CC-0001,PENDING,MGR-002,Y,Monthly subscription,N
EXP-0002955,EMP-001408,2025-01-30,Travel-Hotel,Vendor-54,EUR,8825.41,9619.7,1.09,PROJ-034,CC-0002,CANCELLED,MGR-001,Y,Conference attendance,N
EXP-0002956,EMP-000539,2024-12-14,Travel-Hotel,Vendor-10,CAD,9082.14,6720.78,0.74,PROJ-025,CC-0017,PENDING,MGR-003,N,,Y
EXP-0002957,EMP-001996,2025-06-12,Office Supplies,Vendor-4,GBP,5723.2,7268.46,1.27,PROJ-020,CC-0006,CANCELLED,MGR-003,Y,,N
EXP-0002958,EMP-000503,2025-03-07,Meals,Vendor-163,GBP,11255.5,14294.49,1.27,PROJ-001,CC-0012,CANCELLED,MGR-003,Y,,N
EXP-0002959,EMP-000071,2025-01-27,Telecoms,Vendor-77,EUR,4746.52,5173.71,1.09,PROJ-005,CC-0005,PENDING,MGR-002,N,,Y
EXP-0002960,EMP-001076,2024-03-11,Travel-Hotel,Vendor-1,JPY,11440.27,76.65,0.0067,PROJ-030,CC-0004,REJECTED,MGR-003,N,Client visit,N
EXP-0002961,EMP-001994,2025-02-27,Marketing Materials,Vendor-8,USD,3674.86,3674.86,1.0,PROJ-033,CC-0011,REJECTED,MGR-002,Y,Client visit,N
EXP-0002962,EMP-001722,2024-07-22,Travel-Ground,Vendor-111,EUR,11695.78,12748.4,1.09,PROJ-046,CC-0016,CANCELLED,MGR-002,N,,Y
EXP-0002963,EMP-000156,2025-05-31,Travel-Air,Vendor-78,GBP,10729.4,13626.34,1.27,PROJ-015,CC-0017,REJECTED,MGR-003,N,Conference attendance,N
EXP-0002964,EMP-001580,2025-01-19,Marketing Materials,Vendor-184,SGD,4948.46,3661.86,0.74,PROJ-017,CC-0006,APPROVED,MGR-003,Y,,Y
EXP-0002965,EMP-001738,2025-04-28,Client Entertainment,Vendor-119,GBP,12162.92,15446.91,1.27,PROJ-011,CC-0020,APPROVED,MGR-003,N,Conference attendance,Y
EXP-0002966,EMP-000731,2025-03-27,Client Entertainment,Vendor-100,EUR,14468.21,15770.35,1.09,PROJ-001,CC-0007,APPROVED,MGR-001,N,Conference attendance,Y
EXP-0002967,EMP-000233,2025-04-03,Travel-Air,Vendor-79,GBP,7344.93,9328.06,1.27,PROJ-012,CC-0008,PENDING,MGR-002,Y,,Y
EXP-0002968,EMP-001252,2024-06-19,Travel-Air,Vendor-107,GBP,8000.6,10160.76,1.27,PROJ-014,CC-0001,REJECTED,MGR-001,Y,Monthly subscription,Y
EXP-0002969,EMP-000812,2024-04-01,Marketing Materials,Vendor-146,SGD,2520.29,1865.01,0.74,PROJ-007,CC-0001,REJECTED,MGR-001,Y,Conference attendance,Y
EXP-0002970,EMP-001350,2024-07-04,Software License,Vendor-17,GBP,6900.66,8763.84,1.27,PROJ-015,CC-0013,PENDING,MGR-001,N,,Y
EXP-0002971,EMP-000920,2024-02-02,Travel-Ground,Vendor-8,GBP,3237.78,4111.98,1.27,PROJ-037,CC-0018,APPROVED,MGR-003,Y,Conference attendance,Y
EXP-0002972,EMP-000794,2024-03-25,Meals,Vendor-104,AUD,5828.62,3788.6,0.65,PROJ-003,CC-0015,CANCELLED,MGR-001,Y,Client visit,Y
EXP-0002973,EMP-001426,2024-01-08,Office Supplies,Vendor-189,AUD,5473.28,3557.63,0.65,PROJ-014,CC-0012,PENDING,MGR-001,N,Monthly subscription,Y
EXP-0002974,EMP-001455,2024-07-10,Office Supplies,Vendor-34,GBP,14321.23,18187.96,1.27,PROJ-021,CC-0003,APPROVED,MGR-002,Y,Team lunch,Y
EXP-0002975,EMP-001800,2025-01-06,Travel-Hotel,Vendor-187,SGD,3671.36,2716.81,0.74,PROJ-022,CC-0004,PENDING,MGR-001,N,Conference attendance,N
EXP-0002976,EMP-001772,2024-06-02,Client Entertainment,Vendor-1,SGD,3053.19,2259.36,0.74,PROJ-031,CC-0010,APPROVED,MGR-003,N,Monthly subscription,N
EXP-0002977,EMP-000485,2024-02-21,Meals,Vendor-99,JPY,5068.14,33.96,0.0067,PROJ-015,CC-0017,REJECTED,MGR-002,Y,Client visit,Y
EXP-0002978,EMP-001790,2025-05-31,Travel-Air,Vendor-180,GBP,8824.78,11207.47,1.27,PROJ-001,CC-0001,REJECTED,MGR-001,Y,Client visit,N
EXP-0002979,EMP-000190,2024-11-13,Office Supplies,Vendor-133,SGD,5415.09,4007.17,0.74,PROJ-016,CC-0004,REJECTED,MGR-002,Y,Conference attendance,Y
EXP-0002980,EMP-001574,2025-01-14,Software License,Vendor-131,CAD,8667.4,6413.88,0.74,PROJ-046,CC-0010,CANCELLED,MGR-003,Y,,Y
EXP-0002981,EMP-000217,2024-01-22,Travel-Ground,Vendor-55,USD,1474.23,1474.23,1.0,PROJ-011,CC-0001,APPROVED,MGR-002,Y,Conference attendance,Y
EXP-0002982,EMP-001727,2024-04-24,Training,Vendor-197,JPY,11164.5,74.8,0.0067,PROJ-023,CC-0002,CANCELLED,MGR-002,Y,,Y
EXP-0002983,EMP-000946,2025-04-29,Software License,Vendor-6,JPY,12223.18,81.9,0.0067,PROJ-018,CC-0013,APPROVED,MGR-002,N,,Y
EXP-0002984,EMP-001502,2025-03-17,Software License,Vendor-109,AUD,14874.14,9668.19,0.65,PROJ-035,CC-0018,CANCELLED,MGR-001,Y,Client visit,Y
EXP-0002985,EMP-001937,2025-05-12,Travel-Hotel,Vendor-8,AUD,12681.29,8242.84,0.65,PROJ-015,CC-0013,REJECTED,MGR-001,Y,Team lunch,N
EXP-0002986,EMP-000597,2024-05-26,Training,Vendor-30,AUD,1334.93,867.7,0.65,PROJ-044,CC-0019,CANCELLED,MGR-002,Y,Client visit,Y
EXP-0002987,EMP-000755,2024-12-29,Travel-Air,Vendor-144,AUD,5456.29,3546.59,0.65,PROJ-004,CC-0002,PENDING,MGR-003,Y,Team lunch,N
EXP-0002988,EMP-001995,2024-11-18,Office Supplies,Vendor-66,AUD,7062.36,4590.53,0.65,PROJ-009,CC-0015,PENDING,MGR-003,Y,Client visit,N
EXP-0002989,EMP-001605,2024-01-26,Telecoms,Vendor-134,GBP,579.94,736.52,1.27,PROJ-011,CC-0009,REJECTED,MGR-001,Y,Monthly subscription,N
EXP-0002990,EMP-000309,2024-07-21,Office Supplies,Vendor-2,AUD,6634.88,4312.67,0.65,PROJ-029,CC-0010,APPROVED,MGR-002,Y,Team lunch,Y
EXP-0002991,EMP-000348,2024-12-09,Software License,Vendor-52,EUR,2610.17,2845.09,1.09,PROJ-043,CC-0003,PENDING,MGR-002,Y,Team lunch,N
EXP-0002992,EMP-001119,2024-01-29,Telecoms,Vendor-89,EUR,14909.39,16251.24,1.09,PROJ-020,CC-0003,CANCELLED,MGR-002,Y,,Y
EXP-0002993,EMP-000920,2024-02-07,Software License,Vendor-198,GBP,5831.63,7406.17,1.27,PROJ-036,CC-0009,PENDING,MGR-003,Y,Team lunch,Y
EXP-0002994,EMP-001737,2025-02-19,Telecoms,Vendor-162,CAD,3177.19,2351.12,0.74,PROJ-007,CC-0001,PENDING,MGR-003,Y,,N
EXP-0002995,EMP-000280,2024-03-03,Office Supplies,Vendor-73,JPY,14283.83,95.7,0.0067,PROJ-025,CC-0009,CANCELLED,MGR-002,Y,Monthly subscription,N
EXP-0002996,EMP-000678,2024-02-18,Marketing Materials,Vendor-67,INR,5742.39,68.91,0.012,PROJ-023,CC-0002,APPROVED,MGR-003,Y,Client visit,Y
EXP-0002997,EMP-000032,2024-06-23,Marketing Materials,Vendor-111,INR,7032.92,84.4,0.012,PROJ-008,CC-0001,PENDING,MGR-003,Y,,N
EXP-0002998,EMP-001083,2024-06-05,Software License,Vendor-175,GBP,3770.76,4788.87,1.27,PROJ-022,CC-0005,APPROVED,MGR-001,N,,N
EXP-0002999,EMP-000242,2024-05-05,Telecoms,Vendor-136,INR,12494.88,149.94,0.012,PROJ-003,CC-0012,PENDING,MGR-003,N,,Y
EXP-0003000,EMP-001989,2025-03-19,Training,Vendor-57,INR,2929.48,35.15,0.012,PROJ-001,CC-0018,PENDING,MGR-001,N,,N
